Date,IMF1,IMF2,IMF3,IMF4,IMF5,IMF6,IMF7,IMF8,Residual,Close
2015-01-09,-15.100179911057745,-154.51880201180168,-89.54688801030335,-83.91000715982312,141.71535061911538,565.8204366636944,343.3434050463893,7572.446684763787,0.0,8280.25
2015-01-12,43.85612541831588,-164.21402325765874,-94.8770367322638,-84.91776317793581,143.78412341383665,567.2190181535414,344.7426922155938,7570.95686396657,0.0,8326.55
2015-01-13,16.67977334842087,-172.2975809434691,-87.60074403238558,-83.37531232605316,146.21822143653014,568.5738275603547,346.1207155213706,7569.48109943523,0.0,8303.8
2015-01-14,-51.22753123464971,-146.98299508524562,-68.91573264850122,-79.50164463900065,148.99651149792277,569.8846154626063,347.47732749150776,7568.01944915536,0.0,8287.75
2015-01-15,23.25025482070493,-84.556740536994,-42.560518632999155,-73.60758724399192,152.08910738819648,571.151132438749,348.8123807214136,7566.57197104492,0.0,8461.15
2015-01-19,-11.46550497234099,-2.74788536457961,-12.582714680386976,-66.00602844813208,155.46455356982236,572.3731290672519,350.12572780294454,7565.13872302542,0.0,8550.3
2015-01-20,24.073630559370248,59.33849074548244,17.071753706611442,-57.01236501671191,159.09114973232903,573.5503559265929,351.4172213227267,7563.719763023598,1.8189894035458565e-12,8691.25
2015-01-21,1.7830736817685904,77.41381079091852,43.17745549557919,-46.945961962343574,162.93719556525593,574.6825635952166,352.6867138627009,7562.315148970903,0.0,8728.05
2015-01-22,-10.637068563453436,87.25669811663971,64.10412297670247,-36.12319973380538,166.97094774875958,575.7695026516054,353.93405800382783,7560.924938799724,0.0,8762.2
2015-01-23,-9.748909214325083,116.31172395097444,79.16640701095506,-24.85885963511458,171.160417443756,576.8109236741964,355.159106327086,7559.549190442472,0.0,8823.55
2015-01-27,22.55834247007922,139.34796420188397,87.93012004783947,-13.465956081030985,175.4732788747585,577.8065772414961,356.36171141343476,7558.18796183154,0.0,8904.2
2015-01-28,-20.256165907075488,167.1321272282761,89.15616811633281,-2.2485128972273296,179.87713278457292,578.7562139319334,357.54172584384787,7556.841310899339,0.0,8906.8
2015-01-29,35.15442136140545,146.21401380052805,82.10291598755049,8.521180317128147,184.3395864318345,579.6595841393533,358.69900238394615,7555.509295578255,0.0,8950.2
2015-01-30,-31.115033569658088,82.89008010689871,67.65076302483,18.654073498906435,188.82831108142418,580.5164375189732,359.83339453792433,7554.191973800703,0.0,8821.45
2015-02-02,4.175914191662348,30.045011486984674,47.41756066785473,28.039640382675735,193.31119023572973,581.3265235413957,360.9447559946231,7552.889403499074,0.0,8798.15
2015-02-03,-10.46926173376363,3.4909743051505564,23.55560237428168,36.592008813693646,197.75650151476864,582.0895914958207,362.03294062427597,7551.601642605773,-1.8189894035458565e-12,8746.65
2015-02-04,-16.539129639704473,-11.169732048246269,-0.9341889244788263,44.22783667770527,202.1332719129573,582.8053898186546,363.09780314991497,7550.328749053198,0.0,8713.95
2015-02-05,15.152304233628197,-46.40266328375389,-23.324678351371013,50.88010434864607,206.4112870382335,583.4736660704223,364.1391991704477,7549.070780773747,0.0,8699.4
2015-02-06,41.67194662063541,-97.40461047561995,-42.442409196561826,56.53536921653612,210.56075603874575,584.094166573571,365.15698552286653,7547.827795699827,0.0,8666.0
2015-02-09,-46.55571853847006,-150.3148995931973,-58.03817777423142,61.23917277095703,214.55211467641556,584.6666358020818,366.151020892606,7546.599851763837,0.0,8518.3
2015-02-10,9.40070520278771,-141.56991717879072,-70.12614549965164,65.0889702284086,218.35739815397937,585.1908168242434,367.1211653708483,7545.387006898175,0.0,8578.85
2015-02-11,2.838469028207053,-76.60812131690315,-78.82185785575544,68.21774739918332,221.95071195297743,585.6664508368204,368.06728092022735,7544.189319035243,0.0,8635.5
2015-02-12,8.487832023179276,9.884235925282999,-84.10143067225229,70.73263386458125,225.30737421175183,586.0932760456782,368.9892324943452,7543.006846107433,0.0,8728.4
2015-02-13,17.744325639479886,71.87177567724561,-85.86669785048893,72.69856732459003,228.4044674585895,586.4710257577152,369.8868899456998,7541.839646047169,0.0,8803.05
2015-02-16,-25.069831276357355,114.14768641714579,-84.03276304914178,74.18791772428693,231.2196569905498,586.799421625665,370.7601347810272,7540.687776786824,1.8189894035458565e-12,8808.7
2015-02-18,-1.6335428898432849,138.1160846540902,-78.48013565033003,75.27802973393575,233.73123408405218,587.0781660904141,371.6088677188649,7539.551296258816,0.0,8865.25
2015-02-19,31.433919671336355,125.6845992908692,-68.88656753606463,76.02794056524884,235.91989454246865,587.306938109223,372.4330129613799,7538.430262395538,1.8189894035458565e-12,8898.35
2015-02-20,-9.23048639695651,79.75780742118765,-55.07300534044772,76.43085819668573,237.77217951487253,587.4854005277018,373.23251294756415,7537.324733129394,-1.8189894035458565e-12,8827.7
2015-02-23,-43.36166585444607,9.712395273152074,-37.09112052396333,76.40481398330932,239.28027380942157,587.613213841548,374.00732307819715,7536.234766392779,1.8189894035458565e-12,8742.8
2015-02-24,12.814604283064494,-50.72463251950985,-15.154198681453659,75.8151278717969,240.44121776819276,587.6900471280284,374.75741403177324,7535.160420118107,0.0,8760.8
2015-02-25,45.71818814215586,-103.95584255229461,10.437816885337417,74.49368901266452,241.2559972633687,587.715626672685,375.4827723383236,7534.101752237761,-1.8189894035458565e-12,8765.25
2015-02-26,-51.706676784765655,-103.63961205075051,39.09195739053018,72.24599461598127,241.72633331788538,587.689781558902,376.18340126806254,7533.058820684155,0.0,8694.65
2015-02-27,32.12576135640666,-57.40344850434986,68.69831408602973,68.8726588558471,241.85315270800845,587.6125576037523,376.8593205046242,7532.03168338968,0.0,8850.65
2015-02-28,11.243247249286808,12.168530167716687,95.51148312941463,64.17529802589091,241.6361047614885,587.4843775123938,377.5105608670646,7531.020398286744,0.0,8920.75
2015-03-02,1.4705177394993159,50.17223878763284,115.40748348043863,57.95801238900746,241.0735933791216,587.3059689244488,378.1371619921074,7530.025023307743,0.0,8961.55
2015-03-03,16.793060692163788,70.5682783997556,124.30315633941447,50.06113576427422,240.1613544387935,587.0782283231842,378.7391696573411,7529.045616385072,0.0,8996.75
2015-03-04,-43.37454748608553,68.79155186549082,119.40862831023543,40.48085582550351,238.89251345406254,586.8021295436967,379.3166330359412,7528.082235451155,0.0,8918.4
2015-03-05,49.99031717609744,25.262923411326202,102.36257973898299,29.39292771524868,237.2580301914958,586.4786799922944,379.86960333618805,7527.134938438366,0.0,8937.75
2015-03-09,-50.4854653347956,-29.662405432602228,78.37666170724336,17.0619758473347,235.24841945020253,586.1088959070331,380.39813457646767,7526.203783279117,0.0,8743.25
2015-03-10,-9.578456118695684,-46.671066211274976,53.34762317016092,3.7628009235814983,232.8541945046382,585.6937928763012,380.90228294948287,7525.288827905806,0.0,8725.6
2015-03-11,-13.139604859848893,-29.028843770270626,33.13681532021193,-10.240856706632444,230.06586862930615,585.2343859187483,381.3821052176524,7524.390130250832,0.0,8701.8
2015-03-12,56.74069150292087,-0.15592245497462626,22.506316231277047,-24.642136820920467,226.87395509867144,584.7316900098517,381.83765818657173,7523.507748246602,0.0,8771.4
2015-03-13,-28.829998127610097,-6.766415515316885,23.285767984691972,-38.95578014141601,223.26896718721233,584.1867201250411,382.2689986618843,7522.6417398255135,0.0,8661.1
2015-03-16,-42.90147388851189,-1.6801161192844742,29.363647441909432,-52.49231321247251,219.24141816941057,583.6004912397676,382.67618344921925,7521.792162919963,0.0,8639.6
2015-03-17,40.534655835179194,10.114109255371366,34.39441328519186,-64.46736284152449,214.781821319754,582.9740183295028,383.0592693541673,7520.959075462359,0.0,8722.35
2015-03-18,10.903687090856117,15.152366104818334,33.19366898599226,-74.09957703153803,209.880689912716,582.3083163696823,383.418313182385,7520.142535385087,0.0,8680.9
2015-03-19,-15.019741622419968,8.206724147274215,21.26373426726243,-80.77962671069567,204.52853722277004,581.6044003357738,383.75337173167446,7519.342600628361,0.0,8622.9
2015-03-20,-19.57922114541948,9.937794226901293,-3.5197311133642954,-84.19132367303553,198.71536556946515,580.8632852032013,384.06450176873426,7518.559329163518,0.0,8584.85
2015-03-23,-24.17459191688448,24.319073541547514,-39.655543909064,-84.19942802701884,192.42996534184465,580.0859859474563,384.35176004485294,7517.792778977267,0.0,8550.95
2015-03-24,20.149657407124828,25.70616343344063,-81.84524049334564,-80.70693776725487,185.66462850839764,579.2735175439553,384.6152032811337,7517.043008086548,0.0,8549.9
2015-03-25,47.394048074823615,7.369608171750075,-122.14929506430998,-73.62264433609361,178.41642547871328,578.4268949681652,384.85488818433964,7516.310074522612,0.0,8517.0
2015-03-26,-25.4067135337623,-27.546406723689575,-150.78600820251557,-62.86389648881542,170.69098397528472,577.5471331955371,385.0708714260525,7515.594036351908,0.0,8382.3
2015-03-27,-52.71146320827878,-31.936803750256725,-158.1671069336525,-48.436241093774676,162.5082064657154,576.6352472015269,385.26320963865237,7514.8949516800685,-1.8189894035458565e-12,8348.05
2015-03-30,55.92923624131141,-13.434704482898903,-139.60219897077255,-30.77400417218533,153.89458135570115,575.6922519615797,385.4319594235195,7514.212878643746,0.0,8501.35
2015-03-31,-41.579198058750094,15.622150191185305,-100.97233031182509,-10.892319127620787,144.8774820942572,574.7191624511528,385.57717726733176,7513.547875494269,0.0,8480.9
2015-04-01,11.183411496004673,12.463952481112774,-51.214740786532424,10.067180893587851,135.48428213036186,573.7169936456984,385.69891949452096,7512.900000645245,0.0,8590.3
2015-04-06,12.591136840310572,10.258109711031189,1.692220330091193,30.962862745076023,125.74235491304476,572.6867605206618,385.79724215328923,7512.269312786496,0.0,8652.0
2015-04-07,-6.064074332442134,-4.4849507662048484,51.959307975647995,50.653093280512635,115.67907389131643,571.6294780515001,385.872200908943,7511.655870990727,0.0,8676.9
2015-04-08,-13.54987333646199,-5.077101786911662,95.12917628455939,67.9961536597321,105.32189820797049,570.5461612136633,385.9238509326672,7511.059734824782,0.0,8717.35
2015-04-09,20.818526460736926,-17.5706838207077,128.5827866139884,81.84874351917891,94.69959099304836,569.4378249826119,385.95224675908895,7510.480964492054,0.0,8774.25
2015-04-10,-24.336281775903775,6.74072393127118,146.0513077407853,91.06317814283612,83.84852450845459,568.305484333789,385.9574424791041,7509.919620639663,0.0,8767.55
2015-04-13,27.441594041515796,25.33285865769299,143.2008568975049,94.63857030782,72.82070975445714,567.1501542426491,385.93949202264923,7509.375764075711,-1.8189894035458565e-12,8825.9
2015-04-15,-27.075268226655233,29.441995061113,118.4137631572041,92.33138199539042,61.6673734003715,565.9728496846376,385.89844916044353,7508.849455767495,0.0,8735.5
2015-04-16,13.325149843533111,8.842917202610655,76.96439033001606,84.74604498267165,50.421787660427206,564.7745856352186,385.8343673867585,7508.340756958763,0.0,8693.25
2015-04-17,31.093936722630865,-25.156213984185325,27.17709519590386,72.67148782186118,39.110288084818265,563.5563770698374,385.7472999426588,7507.849729146475,0.0,8602.05
2015-04-20,-35.03674800919854,-39.5813214189262,-22.37245933307247,56.89900094567093,27.758554954780863,562.3192389639499,385.63729985469104,7507.376434042105,0.0,8443.0
2015-04-21,-20.87021481940337,-24.791691997837148,-64.33977632071505,38.219874786855904,16.392268551563152,561.0641862930001,385.50442000171626,7506.92093350482,0.0,8398.1
2015-04-22,30.07399536339847,26.977622370719985,-94.63836335748431,17.42539977815435,5.037109156390558,559.7922340324488,385.34871318609265,7506.4832894702795,0.0,8436.5
2015-04-23,14.354886419233654,44.09535254323215,-109.26751406731108,-4.689675187754274,-6.281242949472034,558.5043971577459,385.1702322344938,7506.063563849832,1.8189894035458565e-12,8387.95
2015-04-24,13.801544902546864,10.537661392856936,-107.21608312265106,-27.26855486071773,-17.537107484807567,557.2016906443436,384.96903033394995,7505.661818194478,1.8189894035458565e-12,8320.15
2015-04-27,-41.4763171760324,-30.641429864253986,-92.70259438012431,-49.233258605619255,-28.704804168354745,555.8851294676908,384.74516073266994,7505.278113994023,0.0,8203.15
2015-04-28,43.80853630046712,-42.17736873789225,-71.63865960746453,-69.3507732566193,-39.758652718883354,554.5557286032436,384.4986767296742,7504.912512687475,0.0,8264.85
2015-04-29,-9.811353994473555,-8.375253807550159,-50.41756975623863,-86.33205995084985,-50.67297285514405,553.2145030264445,384.2296319928348,7504.565075344976,0.0,8236.4
2015-04-30,-70.817691316943,29.935331306802933,-33.89929900408805,-98.88266762933381,-61.42208429590783,551.8624677127544,383.9380804402266,7504.2358627864905,-1.8189894035458565e-12,8204.95
2015-05-04,70.04049257254333,38.40061422859144,-26.047825731458843,-105.81272667922288,-71.9802038499556,550.5006376376281,383.6240763020016,7503.924935519873,0.0,8342.65
2015-05-05,92.10498426795948,9.962559913404473,-28.249440139194704,-106.45055057943081,-82.31760910055955,549.1300277765106,383.28767386597707,7503.632353995335,0.0,8321.1
2015-05-06,-78.95394627090606,-31.90901506658516,-37.1484052569679,-101.18812645522948,-92.38926613822126,547.7516531048639,382.9289274662519,7503.358178616794,0.0,8092.45
2015-05-07,-112.42905935429583,-31.206454473315823,-48.20769311530248,-90.87992335665194,-102.14375952367557,546.3665285981283,382.5478915080921,7503.102469717021,-9.094947017729282e-13,8047.15
2015-05-08,12.377161977578478,-6.041956822790389,-58.04568615396619,-76.43594254087728,-111.53915371723174,544.9756692317587,382.14462068924564,7502.8652873362835,-9.094947017729282e-13,8190.3
2015-05-11,98.00309924089147,37.31754849744266,-63.94723723514913,-58.71647310932455,-120.55288859738543,543.5800899812134,381.7191698971225,7502.646691325188,0.0,8320.05
2015-05-12,-80.99015762121378,10.992787401029723,-63.22740905599917,-38.50694356785259,-129.16741853139024,542.1808058219364,381.2715945461381,7502.446741007351,0.0,8125.0
2015-05-13,54.394605100102964,-32.675033450986184,-54.21035460132856,-16.590148544200645,-137.36534599006188,540.778831729386,380.80195059729294,7502.265495159795,0.0,8237.4
2015-05-14,1.907347766450586,-27.30014897388313,-36.29612544390863,6.179710845408729,-145.12927344419575,539.3751826790096,380.3102947571409,7502.103011813977,0.0,8221.15
2015-05-15,-35.47169254952466,5.695698768898734,-11.60540799972119,28.846298765083418,-152.4418033646112,537.9708736462622,379.79668404872103,7501.959348684891,0.0,8254.75
2015-05-18,33.97793754557301,17.154977914686572,16.26919947300285,50.42076469966893,-159.2855382221167,536.5669196065937,379.26117615425744,7501.834562828334,0.0,8376.2
2015-05-19,-27.704708488453246,23.095729192202715,41.797712093291366,69.90747209894306,-165.64308048752565,535.1643355354636,378.70382919080004,7501.728710865278,0.0,8357.05
2015-05-20,4.586251813302413,20.437734393850747,59.783260702344364,86.30909862172902,-171.49703263163585,533.7641364083147,378.1247014717069,7501.6418492203875,0.0,8413.15
2015-05-21,-9.498838169318892,27.174640140127156,68.1109119436785,98.62813656153719,-176.83007330528952,532.3673372006028,377.5238519324627,7501.574033696199,0.0,8419.05
2015-05-22,26.80889065636898,17.73272753162458,70.04592745963434,105.98907223361226,-181.62823037282777,530.9749528877782,376.901339887235,7501.525319716575,0.0,8448.35
2015-05-25,-23.53382555479961,-8.950752102621191,69.96968493920293,107.96750454408584,-185.89359762671998,529.5879984453024,376.25722513099356,7501.495762224556,0.0,8366.9
2015-05-26,10.546869723285116,-46.87335093682659,70.90272096674624,104.57629987694894,-189.63701210068058,528.2074888486125,375.5915681939957,7501.485415427918,0.0,8354.8
2015-05-27,3.729282684237056,-47.166755565271224,73.95115731873378,96.18595055674137,-192.83283720852788,526.8344390731655,374.90443041298596,7501.494332727937,-1.8189894035458565e-12,8337.1
2015-05-28,-52.24480561266949,5.0850877290879675,76.8974051672203,83.51152801357551,-195.4375200422352,525.4698640944174,374.1958748859506,7501.522565764653,0.0,8319.0
2015-05-29,44.443757219628154,44.39562544118081,74.91979250492261,67.44533075837302,-197.40541291871796,524.1147761056466,373.46596610576233,7501.570164783205,0.0,8432.95
2015-06-01,52.974232576231444,58.88825512985145,63.38494577501021,48.871298779625505,-198.6908395999739,522.7701587452078,372.71476951858773,7501.637179075458,0.0,8422.55
2015-06-02,-53.22846857456411,19.860945658536597,41.12684509366338,28.635797515064986,-199.24795216868105,521.4368239721218,371.94235174312286,7501.723656760736,0.0,8232.25
2015-06-03,-30.956415527965742,-34.014458421616865,11.870484865513781,7.587282689734294,-199.03032927332748,520.1150103112324,371.1487813755941,7501.829643980836,-9.094947017729282e-13,8148.55
2015-06-04,28.611235802901057,-51.756176249972334,-19.582820032754682,-13.424960134933551,-197.99070832841116,518.8041150533899,370.33412796475693,7501.955185925024,-9.094947017729282e-13,8136.95
2015-06-05,49.11525668261593,-45.80134852755489,-48.882296936668375,-33.55210880134548,-196.08119594020067,517.5029046812186,369.49846222540435,7502.100326616531,-9.094947017729282e-13,8113.9
2015-06-08,-22.090621290328574,-9.571876796140398,-73.30441881326847,-51.946295013545935,-193.25354573509844,516.2097926974674,368.64185625941394,7502.265108691501,-9.094947017729282e-13,8036.95
2015-06-09,-54.16745915544945,33.27081188386294,-91.56736591810741,-67.76362503043983,-189.45927549646467,514.9229567618556,367.76438406958334,7502.44957288516,-9.094947017729282e-13,8015.45
2015-06-10,61.78077391763938,48.27180772029518,-102.8848648736152,-80.1782678821919,-184.64980874079532,513.6404802672245,366.866122437098,7502.653757154346,0.0,8125.5
2015-06-11,-53.239808111670385,11.354449050353542,-107.19074932242403,-88.48241309863823,-178.77675989223678,512.3604337755769,365.9471505514193,7502.87769704762,0.0,7964.85
2015-06-12,7.832687951977805,-27.96852131601537,-103.51761769987431,-92.31056908664772,-171.79584341387113,511.0808878488835,365.00754862264677,7503.1214270929,0.0,7991.45
2015-06-15,0.6013101768950903,-25.921139738308742,-90.19975358717255,-91.88136619843029,-163.6813423811299,509.7999130491448,364.04739715263935,7503.384981526362,0.0,8006.15
2015-06-16,9.906433721084882,-19.87968967262369,-65.86722000083391,-87.76758348925509,-154.44269172414053,508.5155799383481,363.0667773730575,7503.668393854362,9.094947017729282e-13,8057.2
2015-06-17,-5.521545715603569,-21.03422198111564,-32.287856187789835,-80.57807919680128,-144.14172409599396,507.2259590784832,362.065771391046,7503.971696707775,0.0,8089.7
2015-06-18,3.92396400820814,1.3354152249344788,5.587039127033744,-70.90044185111519,-132.86448157182383,505.92912103153634,361.0444622628916,7504.294921768335,0.0,8178.35
2015-06-19,-16.861060961668528,18.266196180917017,42.299215208889045,-59.31803092889261,-120.7004896214156,504.6231363595044,360.002934067964,7504.638099694703,0.0,8232.95
2015-06-22,23.06288748497909,43.79711465276903,72.34486982807303,-46.414159720716064,-107.73931990062978,503.30607562436757,358.94127132275275,7505.0012607084045,0.0,8352.3
2015-06-23,12.290956904506077,38.54230681064361,91.8871383502287,-32.769860962910734,-94.07054406531496,501.9760093881204,357.85955941513373,7505.384434159592,1.8189894035458565e-12,8381.1
2015-06-24,-40.45650942646634,15.739886498085404,100.12431263534575,-18.95049727977148,-79.78373377133403,500.6310082127419,356.7578840965636,7505.787649034836,0.0,8339.85
2015-06-25,36.901979246266215,-11.263690654153724,98.73973304167234,-5.475969058672212,-64.96846067454274,499.26914266023977,355.6363319207767,7506.210933518413,0.0,8415.05
2015-06-26,15.608082945186876,-40.83177550356954,90.87881345742522,7.221387003051146,-49.71429643081116,497.8884832925966,354.49499061073715,7506.654314625383,0.0,8382.2
2015-06-29,-35.36198071542425,-59.81068146953331,79.94526289002029,18.799415026229404,-34.110883663307696,496.4871006717842,353.33394869347774,7507.117818566753,0.0,8326.4
2015-06-30,-9.04583923600289,-52.88112065222629,67.92232722614078,29.035031675721875,-18.248230622973498,495.06306535982463,352.1532949152761,7507.60147133424,0.0,8371.6
2015-07-01,40.00177170419186,-20.29701046258329,54.50106032151348,37.838296532115734,-2.2169829559400753,493.61444791867416,350.9531183148797,7508.105298627149,0.0,8462.5
2015-07-02,-32.55492683615394,25.511228223245453,38.361994062192494,45.23843381790617,13.89111774669647,492.1393189103429,349.7335080041006,7508.629326071669,1.8189894035458565e-12,8440.95
2015-07-03,-16.05224739086634,54.65805192735864,18.155739349713464,51.30071077075602,29.983864057458916,490.63574889680865,348.4945530947638,7509.173579294007,0.0,8486.35
2015-07-06,15.750511514268682,66.62071388897378,-7.096244889508028,56.08012293828117,45.968661488860064,489.1018084400743,347.23634284499093,7509.738083774059,0.0,8523.4
2015-07-07,45.532972199544595,42.38667755072545,-36.05945476578003,59.5219964982235,61.75040891053217,487.5355681021177,345.9589671708144,7510.3228643338225,0.0,8516.95
2015-07-08,-40.89626559457371,-21.598382614194527,-63.05435365549077,61.446781224368046,77.22666041141446,485.93509844492496,344.66251649754713,7510.927945286005,0.0,8354.65
2015-07-09,-24.380812306481058,-52.2929631355468,-81.31634877533632,61.65911217066209,92.2821098223968,484.29847003049304,343.34708161269634,7511.5533505811145,1.8189894035458565e-12,8335.15
2015-07-10,-12.713239963045519,-48.996661211118585,-84.85503135070847,59.99242490015526,106.78689673045594,482.62375342081174,342.0127534488903,7512.199104024558,0.0,8357.05
2015-07-13,49.6871745969694,-28.117905560740027,-71.63697067013705,56.43492169927597,120.59890839628294,480.90901917786596,340.659623229765,7512.865229130717,0.0,8461.4
2015-07-14,-39.79865413604383,10.484775546276706,-45.196269651703105,51.35217889493766,133.56609988995515,479.1523378636456,339.28778225168384,7513.551749341247,0.0,8442.4
2015-07-15,-10.759173074429885,26.907034933278947,-10.39777566335245,45.210885907851335,145.53123794768902,477.3517800401462,337.8973218841022,7514.2586880247145,0.0,8526.0
2015-07-16,35.8968837408669,25.665999951560433,27.44048789468352,38.479093483151864,156.3377166142138,475.50541626935535,336.4883337887337,7514.9860682574335,0.0,8610.8
2015-07-17,13.466246568424516,16.85561186202515,61.66821941309261,31.617541078694547,165.83624122150715,473.6113171132483,335.0609097003361,7515.733913042672,0.0,8613.85
2015-07-20,9.615784544041015,-12.458198342676269,84.3926597444595,25.07344399715386,173.89137018583776,471.66755313382805,333.6151413536731,7516.502245383683,0.0,8602.3
2015-07-21,-51.56163213849662,-22.01516086591893,86.71940616391261,19.26358602026969,180.3793971599191,469.6721948930807,332.1511204835264,7517.291088283707,0.0,8531.9
2015-07-22,37.29137877102363,13.489567567322744,64.770143896891,14.522786857101133,185.1834063839948,467.6233129529985,330.6689388246514,7518.100464746017,0.0,8631.65
2015-07-23,10.025059131038159,39.05254416441045,24.732115144597827,11.181334825181274,188.19078955488635,465.51907129420607,329.1686881118226,7518.930397773856,0.0,8586.8
2015-07-24,29.39754807090056,11.946405416612182,-23.90275654139511,9.57243131062311,189.29683662885498,463.35816466411546,327.6504600798049,7519.780910370485,0.0,8527.1
2015-07-27,-38.63764304490525,-36.744683066852865,-68.95114808892535,10.005208033182633,188.42208576628346,461.1398083986979,326.114346463362,7520.652025539158,0.0,8362.0
2015-07-28,-13.983053173289026,-50.44444209619398,-97.61579968497047,12.729309055067581,185.54752576357936,458.86225485540024,324.56043899728525,7521.543766283122,0.0,8341.2
2015-07-29,0.558706033573759,-19.717618642724727,-101.05905275054283,17.878802436937967,180.7218920207013,456.52228588010365,322.9888294163061,7522.456155605646,-1.8189894035458565e-12,8380.35
2015-07-30,-16.460037818161528,31.002053760721797,-83.72852489610318,25.290895937020966,174.04045186242413,454.1163351889057,321.39960945522176,7523.38921650997,0.0,8429.05
2015-07-31,31.632832595988987,57.513332120851246,-54.11090660520725,34.512171147494975,165.62589960858944,451.64082828414126,319.79287092158427,7524.342971926558,0.0,8530.95
2015-08-03,8.240297801326532,57.999848089171216,-20.75514933828037,45.01886818571033,155.6177941850957,449.0921906681443,318.16870591414477,7525.317444494688,0.0,8538.7
2015-08-04,-24.440249071410417,50.098271693213356,8.845946905417906,56.27733397070162,144.16198527354456,446.4668478432524,316.5272066044343,7526.312656780846,0.0,8524.25
2015-08-05,1.697620151795484,50.49878598816921,29.791648085732636,67.70134107404238,131.40228287294647,443.7612253117969,314.8684652370902,7527.328631278427,0.0,8567.05
2015-08-06,8.127044112294225,56.38843059880578,43.96119419689178,78.51492049780671,117.47869748053284,440.9717485761214,313.192574349032,7528.3653901885145,0.0,8587.0
2015-08-07,12.636434007082183,31.024507540713476,57.469397600089124,87.77262965859728,102.52960586555186,438.09484313855006,311.4996265503142,7529.422955639103,0.0,8570.45
2015-08-10,-4.94462885331491,-22.348674391441335,73.59751234945921,94.48420736858797,86.69358481614258,435.126934501442,309.78971445094714,7530.501349758177,0.0,8502.9
2015-08-11,20.124103320398078,-83.83651055150506,91.3892640729127,97.88671886009585,70.10845079628288,432.064448167106,308.06293066096384,7531.600594673746,0.0,8467.4
2015-08-12,-39.95534033325,-133.17704582568342,108.65738637441,97.57167918491243,52.9094306575352,428.9038096378818,306.31936779039256,7532.720712513802,0.0,8353.95
2015-08-13,-21.14421976874644,-111.16921111869914,122.86299073236462,93.30963089436466,35.22852098900187,425.64144441611893,304.55911844926146,7533.861725406334,0.0,8383.15
2015-08-14,66.95762143385232,-41.20269180509811,130.8715394788683,85.00034650849618,17.193475652791335,422.27377800415013,302.7822752475917,7535.023655479347,0.0,8518.9
2015-08-17,-47.53076169913767,61.843969968184,129.89581816393505,72.71897543229585,-1.070693425819682,418.79723590429603,300.9889307954138,7536.206524860832,0.0,8471.85
2015-08-18,-79.42952254144582,139.4493669761856,116.96923295179135,56.902600020561586,-19.43945440753665,415.20824361890607,299.17917770275136,7537.410355678787,0.0,8466.25
2015-08-19,-13.70484595236562,170.1181976156351,89.5860782431845,38.19734025542541,-37.78827545303276,411.50322665030467,297.3531085796432,7538.635170061205,0.0,8493.9
2015-08-20,5.119965703095337,128.84926622572408,48.823927395766205,17.32904872537748,-55.99262472298719,407.6786105008364,295.5108161914474,7539.88098998074,0.0,8387.2
2015-08-21,120.05347911114528,3.903119901141209,1.0541858422043127,-4.96386586282639,-73.92797037808269,403.7308206728471,293.65239392486563,7541.147836788705,0.0,8284.65
2015-08-24,-112.94445479742963,-156.49074028506814,-46.07197920780838,-27.942994802382575,-91.469780579008,399.6562826686479,291.77793532198797,7542.435731681061,0.0,7798.95
2015-08-25,95.6278476288168,-173.95310695940722,-85.04493956566986,-50.869929386508964,-108.4935234864363,395.45142199058836,289.8875339983419,7543.744695780275,9.094947017729282e-13,7906.35
2015-08-26,-75.40062055107701,-51.143746517363525,-110.59321860318636,-73.00644498662838,-124.87466726106352,391.11266414101067,287.9812838634251,7545.074749914883,0.0,7789.15
2015-08-27,21.97125329275522,77.10128956099952,-123.8162520492257,-93.63923910335564,-140.48868006355684,386.6364346222367,286.05927906896386,7546.425914671183,0.0,7960.25
2015-08-28,28.126652239092017,148.3559127646535,-127.28247800973848,-112.17804027816607,-155.21103005460745,382.01915893660527,284.1216144415857,7547.798209960576,-9.094947017729282e-13,7995.75
2015-08-31,46.82570030759002,136.33159815030942,-123.66325010101248,-128.19416605081386,-168.91718539489207,377.25726258645614,282.16838497662917,7549.191655525734,0.0,7971.0
2015-09-01,-73.12366349008528,89.9140025245614,-115.61958170764285,-141.44127093463544,-181.48261424510423,372.3471710741279,280.1996858220069,7550.606270956771,0.0,7781.4
2015-09-02,-60.30204142798741,39.34834703478482,-104.35092153302456,-151.80559717923975,-192.7827847659016,367.2853099019355,278.21561288733847,7552.042075082095,-9.094947017729282e-13,7727.65
2015-09-03,101.27940094873018,-9.399185912509664,-90.49401116186328,-159.2264921409501,-202.69316511799798,362.068104572245,276.2162629937221,7553.499085818624,0.0,7831.25
2015-09-04,-18.749942987862692,-61.58833146555845,-74.75758963053218,-163.73549228702242,-211.08967826193714,356.69198058736754,274.20173387635793,7554.977320169187,0.0,7655.95
2015-09-07,-98.47979828758655,-87.09794792609925,-57.96015050940583,-165.4592367567808,-217.85514837682942,351.1533634496562,272.1721244973218,7556.476793909724,0.0,7552.95
2015-09-08,23.28947565192744,-67.4783278401361,-40.01210518973526,-164.6206473854185,-222.90213053294696,345.44867866143403,270.12753587319037,7557.997520761684,9.094947017729282e-13,7701.85
2015-09-09,70.75999630543265,-26.290153671130163,-19.144384916207134,-161.4697046088929,-226.18769089503897,339.5743543187782,268.0680695714246,7559.539513895635,-9.094947017729282e-13,7804.85
2015-09-10,25.45347759632295,10.968482878441664,6.180570005404009,-156.2259875982154,-227.70006237859184,333.5269058550226,265.9938276108366,7561.10278603078,-9.094947017729282e-13,7819.3
2015-09-11,-39.49883211520846,10.11419943935124,35.641561757018856,-149.03349507901015,-227.46933069203754,327.303634793319,263.9049128500492,7562.687349046518,0.0,7783.65
2015-09-14,33.69306323969546,-10.84326519619272,63.55029397954314,-139.98378777319652,-225.56522640290774,320.9042791831196,261.80142891557887,7564.293214054361,-9.094947017729282e-13,7867.85
2015-09-15,-42.526881494263066,-10.137844913032312,82.40366898800205,-129.15123320380573,-222.0724724230884,314.33089144643236,259.6834798877179,7565.920391712037,0.0,7818.45
2015-09-16,-25.864656664615776,27.61118987609115,87.34315151969342,-116.56777176939411,-217.07799974227427,307.58602425646575,257.55117119985715,7567.568891324176,9.094947017729282e-13,7888.15
2015-09-18,31.145948119549963,47.13382126651932,76.63176995233971,-102.1582800389439,-210.66885804511418,300.6722682648455,255.40460950913715,7569.238720971666,0.0,7967.4
2015-09-21,61.79339541139005,41.81421922613528,50.87527661207025,-85.91679856463422,-202.93236326787013,293.5924803748342,253.24390333568263,7570.929886872393,-9.094947017729282e-13,7983.4
2015-09-22,-72.12722893004747,-1.866110870547782,15.696277587923195,-68.00818037405593,-193.9565801886816,286.3502663315158,251.06916365890066,7572.642392784994,0.0,7789.8
2015-09-23,34.784897995594704,-27.02223705470903,-20.534120902351546,-48.654942259161885,-183.83009612768947,278.9497544220593,248.88050374541368,7574.376240180844,0.0,7856.95
2015-09-24,53.79006222529607,-29.938591817960084,-48.83138439339054,-28.083127935679933,-172.64158963747664,271.3951641660052,246.67804008147883,7576.131427311727,0.0,7868.5
2015-09-28,-23.564524608953974,-31.28704404391119,-61.735612447022476,-6.543636295151966,-160.47973927061648,263.6907150829,244.461892798826,7577.90794878393,0.0,7802.45
2015-09-29,-30.208255356144548,-29.906675719856736,-56.1599971186116,15.629543849038232,-147.43322357967153,255.8406266923201,242.23218811282257,7579.7057931201025,9.094947017729282e-13,7829.7
2015-09-30,41.94183033934139,-34.45400263508597,-34.17418768814267,38.16396150557134,-133.59072111722,247.84911851379522,239.98905725546646,7581.524943826274,9.094947017729282e-13,7947.25
2015-10-01,-44.06087214574525,-7.9171354593852845,-3.5609569924467146,60.86144909928706,-119.04091043581845,239.72041006687553,237.73263614195494,7583.365379725279,-9.094947017729282e-13,7947.1
2015-10-05,38.82438288484974,29.61156056243266,26.149808720320273,83.53785672190517,-103.87247008804624,231.45872087112303,235.46306533912067,7585.227074988295,0.0,8126.4
2015-10-06,-8.746710941964874,50.66911030096815,45.43388515593172,106.00903446514067,-88.17407862647553,223.068270446089,233.18048811201965,7587.110001088292,-9.094947017729282e-13,8148.55
2015-10-07,14.937535998988295,29.79441636321257,47.20523578434259,128.04477092186335,-72.0344146036725,214.55327831131157,230.88505135009888,7589.014125873856,-9.094947017729282e-13,8182.4
2015-10-08,-33.634744963822804,9.481812224967074,32.787882425224936,149.17292376311832,-55.54215657220213,205.91796398637075,228.5769062624908,7590.939412873853,0.0,8127.7
2015-10-09,20.37998867496072,3.0399935306655483,8.398657174784498,168.65876703791213,-38.78598308464376,197.16654699079504,226.2562056898371,7592.885823985689,0.0,8178.0
2015-10-12,4.58000232455744,-14.912968217247844,-16.417933500927138,185.77580166352033,-21.854572693556403,188.30324684414177,223.92310381431625,7594.853319765196,0.0,8144.25
2015-10-13,4.344934374689451,-35.03596889179298,-33.951812647707854,199.87755246403884,-4.836603951519382,179.33228306596098,221.57775798463112,7596.841857601698,9.094947017729282e-13,8128.15
2015-10-14,-26.6017253274581,-36.121965052380105,-39.57447965206505,210.48932983318997,12.179244588907096,170.25787517580756,219.22032870618312,7598.851391727816,-9.094947017729282e-13,8108.7
2015-10-15,6.180527290589425,-19.54033945402777,-33.156485442778994,217.34489632582466,29.104305726611493,161.08424269324357,216.85097811850213,7600.881874742036,-9.094947017729282e-13,8178.75
2015-10-16,10.069753757071348,14.180877567914107,-18.04184370546261,220.2212132565339,45.851266382171175,151.81560513779036,214.46987088405507,7602.933256719926,0.0,8241.5
2015-10-19,17.696800291224918,11.782591979518028,1.3336400960738466,218.8582251961672,62.339901005642666,142.45618202903273,212.07717462544215,7605.005484776898,0.0,8271.55
2015-10-20,-9.486792321904362,2.0428824467776914,19.784299066122443,212.9749283288391,78.50292660001053,133.01019288650758,209.67305812173274,7607.098504871914,0.0,8253.6
2015-10-21,-17.327593013888333,-2.4924406796641163,32.39769770825444,202.2760147116666,94.29451092795625,123.48185722976504,207.2576902927525,7609.212262823158,0.0,8249.1
2015-10-23,24.455835495816174,10.185375573621418,35.91264158589473,186.5589608989156,109.68384736021872,113.87539457836115,204.83124035370201,7611.34670415347,1.8189894035458565e-12,8296.85
2015-10-26,-8.822102053780698,22.190621078242664,30.371757680113202,166.0237771377017,124.64526980043458,104.19502445184958,202.39387870117,7613.50177320427,0.0,8254.5
2015-10-27,-1.1981606039076986,20.303423840089916,18.232489522529868,141.28980408095975,139.1542867418099,94.44496636977445,199.94577602712945,7615.677414021616,-1.8189894035458565e-12,8227.85
2015-10-28,0.9576656231898018,6.348425049745959,3.6303804857143778,113.08686910578693,153.1865462087634,84.62943985169181,197.48710332004367,7617.873570355064,0.0,8177.2
2015-10-29,5.585398335815135,-16.78579852786343,-8.833142621621327,82.15496464829188,166.71769622567314,74.75266441715776,195.0180327543919,7620.090184768155,-9.094947017729282e-13,8118.7
2015-10-30,-11.826726629917092,-24.99387173072232,-15.499135355200725,49.261552984074456,179.72338481695067,64.81885958572474,192.53873680121885,7622.327199527872,0.0,8056.35
2015-11-02,2.8777588467334465,-13.115207613512586,-15.717047498720381,15.259046548810286,192.17926000699921,54.83224487693448,190.04938822043215,7624.5845566123235,0.0,8050.95
2015-11-03,7.32519293382725,8.872685157002213,-12.696231730750663,-18.872013762205807,204.06097621325512,44.79703341729908,187.55016092770913,7626.862196843863,0.0,8047.9
2015-11-04,15.447510226335119,13.881215745791136,-11.140316459008513,-52.10132558316931,215.34422804176918,34.71739814472701,185.041229127615,7629.16006075594,0.0,8030.35
2015-11-05,-36.68185155843171,19.091152145132895,-15.572721116472916,-83.4896574726718,226.00484656620395,24.597375529499406,182.5227670247497,7631.47808888199,9.094947017729282e-13,7947.95
2015-11-06,25.891259195296705,11.473263797522536,-27.131298895018595,-112.3540595790663,236.01908764143107,14.440577260701474,179.99494897070664,7633.816221608426,0.0,7962.15
2015-11-09,35.68767820528095,-6.205811736634941,-43.123346942894685,-138.2546903142583,245.36381785780773,4.250004291928119,177.4579499052429,7636.174398733528,9.094947017729282e-13,7911.35
2015-11-10,-46.102153164730964,-12.089188570197226,-59.03538545940114,-160.83233901179884,254.01622099898185,-5.971659616520121,174.91194491514133,7638.552559908525,0.0,7783.45
2015-11-13,-33.274253180000656,-14.928659114908104,-69.99761201121224,-179.73897970999528,261.9535968588117,-16.22184671454228,172.35710905745492,7640.950644814392,0.0,7761.1
2015-11-16,29.33484239284718,-9.941081737530837,-71.88121335976574,-194.67995021755192,269.15321948376277,-26.49802708309872,169.79361738114784,7643.368593140189,0.0,7808.65
2015-11-17,47.45450488492201,-0.34675351975160473,-62.995169569195056,-205.58496946134295,275.5920742599479,-36.797676104735196,167.22164525882684,7645.8063442513285,0.0,7830.35
2015-11-18,-55.57137035705581,-5.453272389562429,-44.32044313838548,-212.6398851002391,281.24802094825236,-47.1182555393328,164.64136775536355,7648.26383782096,0.0,7729.05
2015-11-19,31.14907989036423,8.956121075894565,-20.659107723705716,-216.13926422385973,286.10630785354016,-57.45711033010273,162.05295960688338,7650.741013850986,0.0,7844.75
2015-11-20,12.504900829847843,15.094191524919529,5.565077723802204,-216.4150541137531,290.16769079181915,-67.81121464944958,159.456595489746,7653.237812403068,0.0,7851.8
2015-11-23,3.8517308426157144,-3.9010638851523445,33.538848115918135,-213.8149508200792,293.44579727801676,-78.17698515049891,156.85245008030637,7655.754173538874,0.0,7847.55
2015-11-24,-19.967028356094527,-21.687149042459108,62.80667607587315,-208.6932529697689,295.96045028689144,-88.55043136943779,154.24069802506037,7658.290037349935,0.0,7832.4
2015-11-26,2.8818981976843965,-11.899614456181908,91.70120759921912,-201.407764730805,297.7346510648404,-98.92723557302925,151.62151373473236,7660.84534416354,0.0,7892.55
2015-11-27,10.286854143244913,10.584131488126976,115.19158938396166,-192.3184242053724,298.7931774483202,-109.30243418531683,148.9950710054944,7663.420034921541,0.0,7945.65
2015-11-30,-7.950764161411446,10.990381774214152,126.37588503957382,-181.78281457553894,299.16154988570213,-119.6698321618515,146.36154291847342,7666.014051280838,0.0,7939.5
2015-12-01,3.1186904164366904,21.705295991619735,119.27124074806565,-170.13438813870508,298.863103026911,-130.02237949745583,143.72110168319844,7668.627335769929,0.0,7955.15
2015-12-02,6.222920175670128,13.865136763283067,91.91185828950552,-157.65285580721292,297.9218090812465,-140.3526189289884,141.07391812795413,7671.259832298542,0.0,7924.25
2015-12-03,-1.927783019889441,6.608436561481413,47.337808100048335,-144.55855539338833,296.36135192587597,-150.65290603157771,138.42016185053876,7673.911486006911,0.0,7865.5
2015-12-04,-20.035816024433068,0.7375563283415103,-7.574344237474947,-131.05953086220615,294.2054435018638,-160.91555319009885,135.7600009469048,7676.582243537103,0.0,7787.7
2015-12-07,23.89661472793964,-9.179426224817664,-64.56394032951363,-117.36490213419462,291.47886865614487,-171.13286973974658,133.09360164741184,7679.272053396777,-9.094947017729282e-13,7765.5
2015-12-08,-0.27368524315322595,-9.919169754263052,-115.13459736865926,-103.68356515364958,288.20618825942057,-181.29716501571198,130.42112874081047,7681.980865535206,0.0,7690.3
2015-12-09,-32.526405812272365,-12.848695518033855,-151.61307455154264,-90.22309208778684,284.41063940531944,-191.4007483531994,127.74274518477021,7684.708631732747,-9.094947017729282e-13,7618.25
2015-12-10,37.59076637540788,-1.0803391293370728,-167.96281994902438,-77.18822607217018,280.11263015580835,-201.43592908738555,125.05861258625545,7687.455305120447,-9.094947017729282e-13,7682.55
2015-12-11,-26.68108721313693,-13.533791368653949,-161.4585549293289,-64.75172206052076,275.3304407435029,-211.3950165534843,122.36889162035165,7690.220839761271,-9.094947017729282e-13,7610.1
2015-12-14,5.959751931039182,-19.107641071587334,-136.1353411704093,-52.95664568280238,270.08126340016275,-221.27032008667723,119.6737422440386,7693.005190436235,0.0,7659.25
2015-12-15,-17.246557683858345,4.961882496389476,-99.44553992356758,-41.77958118797329,264.38230898048124,-231.05414902216026,116.97332394847209,7695.808312392217,0.0,7692.6
2015-12-16,-6.9386130523529825,18.175939168101507,-58.809305948517775,-31.189150601366713,258.2519860283675,-240.73881269512094,114.26779610878394,7698.630160992105,0.0,7751.65
2015-12-17,35.52890320340941,30.32723205437628,-20.722251655360502,-21.154382951980182,251.70911009141756,-250.31662044075992,111.55731786123208,7701.470691837665,0.0,7838.4
2015-12-18,-37.50601687258486,2.013542721215307,12.028264782554459,-11.64867484798266,244.7708569383277,-259.7798815942648,108.84204783093344,7704.329861041801,0.0,7763.05
2015-12-21,31.825705913601052,-21.357434991003863,41.139540602608754,-2.6663730659118,237.449697671112,-269.12090549082905,106.12214449246687,7707.207624867956,0.0,7830.6
2015-12-22,-26.98659715493949,-26.25315043506485,69.77445748737513,5.7931289210962085,229.7524567471966,-278.332001465657,103.39776617357566,7710.103939726418,0.0,7787.25
2015-12-23,15.881511277001545,-14.956737210500178,99.86841903738588,13.744140995629522,221.68031152494845,-287.40547885392897,100.66907103618875,7713.0187621932755,-9.094947017729282e-13,7862.5
2015-12-24,-14.030502609805866,-5.796324886381538,130.82530378206056,21.2168428267603,213.23006179135555,-296.33364699083614,97.9362170950397,7715.952048991808,0.0,7863.0
2015-12-28,10.402687528090583,4.793159088943106,160.56750882068164,28.24588156239185,204.39645900129292,-305.1088152115852,95.19936233466592,7718.903756875519,-9.094947017729282e-13,7917.4
2015-12-29,15.386507079900401,-0.816916980229911,185.08027754400595,34.8681034201487,195.17281445005628,-313.72329285136476,92.45866473957855,7721.873842597905,-9.094947017729282e-13,7930.3
2015-12-30,-34.53265479170068,12.373994402975283,198.16658320170137,41.1330579169866,185.55186330861713,-322.16938924536134,89.71428229432578,7724.862262912456,9.094947017729282e-13,7895.1
2015-12-31,4.467587039246783,32.5892178638285,195.6498225469935,47.12088692963699,175.526551792987,-330.43941372877316,86.96637298339724,7727.868974572684,-9.094947017729282e-13,7939.75
2016-01-01,51.06818827515836,35.5173555348517,176.2948826233022,52.895017217882256,165.09120286218229,-338.5256756368021,84.21509479135186,7730.8939343320735,0.0,7957.45
2016-01-04,-55.88937419799255,20.464553321988582,142.84043966773066,58.51601085007756,154.2411500159979,-346.42048430462376,81.46060570269721,7733.937098944124,0.0,7789.15
2016-01-05,20.735401042428872,-11.1692726001283,100.82792144290153,64.04538369772663,142.9752266202145,-354.11614906744956,78.70306370197908,7736.998425162328,-9.094947017729282e-13,7779.0
2016-01-06,43.982537123308695,-22.385393994266842,56.54976787646361,69.54063723243115,131.2969345086265,-361.60497926044684,75.94262677369186,7740.077869740192,-9.094947017729282e-13,7733.4
2016-01-07,-48.51742973317039,-39.61370860965053,16.029584128977017,75.06207419868271,119.21392190040778,-368.8792842188401,73.17945290237897,7743.175389431214,0.0,7569.65
2016-01-08,34.29885003541716,-37.803680817766946,-17.524149849872813,80.6680871053137,106.73762574325946,-375.9313732778073,70.41370007258145,7746.290940988874,9.094947017729282e-13,7607.15
2016-01-11,13.50568960405541,-11.72233417814003,-44.297284465710206,86.41343467072386,93.88404270612034,-382.7535557725361,67.64552626879247,7749.424481166694,9.094947017729282e-13,7572.1
2016-01-12,-39.14090658240554,15.107933609887537,-66.45455730311248,92.35010001111692,80.67451510902728,-389.3381410382259,64.87508947556024,7752.575966718152,0.0,7510.65
2016-01-13,23.11321223207548,32.387239088354114,-86.67775773342117,98.52076233049159,67.136080418419,-395.67743841008223,62.10254767741144,7755.745354396751,0.0,7556.65
2016-01-14,40.11504105140286,33.18669829144673,-107.05783516682656,104.9558642329441,53.30332899946964,-401.7637572232818,59.32805899207121,7758.9326008227745,-9.094947017729282e-13,7541.0
2016-01-15,-16.805160161650342,16.56279698648126,-127.7900872616599,111.66794912864091,39.214463967412954,-407.5894068130206,56.55178207019611,7762.137662083599,0.0,7433.95
2016-01-18,-59.39888234296213,7.542293334009073,-146.55381114317754,118.66082041820687,24.911906419380326,-413.1466965144862,53.77387569561726,7765.360494133412,0.0,7351.15
2016-01-19,67.16421526085688,-5.5113541780269415,-159.1363252938818,125.9227320669902,10.443116228385346,-418.4279356629031,50.994498652205216,7768.601052926374,0.0,7440.05
2016-01-20,-25.61036992813532,-22.305088587552092,-160.94913916897417,133.35685000239002,-4.139922864758275,-423.42543359342426,48.21380972379231,7771.859294416662,0.0,7317.0
2016-01-21,-61.75601774826632,-24.248141655166727,-148.23827290073717,140.63847310411907,-18.78168341136447,-428.1314996412647,45.43196769422997,7775.135174558451,0.0,7280.05
2016-01-22,51.95559750505013,-10.70249027825589,-120.77405361113374,147.30679274338843,-33.42518387072379,-432.53844314161313,42.64913134737801,7778.42864930591,0.0,7422.9
2016-01-25,23.037679743591035,6.305869381724214,-82.80220122939443,152.90361688837234,-48.011525434926696,-436.6385734296619,39.86545946709505,7781.7396746132,0.0,7436.4
2016-01-27,-16.55126602257825,11.679295632823617,-39.99905939508698,156.97504748536613,-62.47913513163652,-440.4241998406117,37.081110837206225,7785.068206434518,0.0,7431.35
2016-01-28,-58.79025113107902,22.208195425599897,2.058495957383291,159.06200614217397,-76.76125965003142,-443.88763170964654,34.2962442415833,7788.414200724018,-9.094947017729282e-13,7426.6
2016-01-29,43.830720975364976,31.730947780651167,39.65660892868957,158.6973221052965,-90.78305331798117,-447.02117837196585,31.511018464078916,7791.7776134358655,0.0,7559.4
2016-02-01,48.582098359246814,4.988712724195038,70.86797048059636,155.40582640934008,-104.46145162340675,-449.8171491627476,28.725592288531367,7795.158400524245,0.0,7549.45
2016-02-02,-18.746859455718866,-36.470336205337894,92.68404734151574,148.71071381960644,-117.70635452498473,-452.2678534172093,25.940124498804042,7798.556517943324,0.0,7440.7
2016-02-03,-52.99592920822506,-53.33698873246421,101.12424035232921,138.1690875608804,-130.4215050280026,-454.3656004705241,23.154773878731653,7801.971921647275,0.0,7373.3
2016-02-04,-13.213296988630983,-18.449779483893312,93.73842905361032,123.56070589496802,-142.50762562060493,-456.10269965789985,20.369699212179988,7805.404567590271,0.0,7412.8
2016-02-05,58.13542878276524,48.735995925272654,72.87279738538564,105.25262730381841,-153.86486009219414,-457.4714603319211,17.585059300393894,7808.85441172648,0.0,7500.1
2016-02-08,-43.859849241563055,77.23706508516355,43.542304957247396,83.86557113118629,-164.39332304154973,-458.46419204952264,14.801013148956487,7812.321410010083,-9.094947017729282e-13,7365.05
2016-02-09,3.293953417377003,31.125673977422007,11.773300555063642,60.05016732651312,-173.99312906744882,-459.0732059031182,12.017721298949,7815.805518395241,9.094947017729282e-13,7301.0
2016-02-10,71.72157028871531,-56.008594703409486,-16.606852798311436,34.45704583922243,-182.56439276867442,-459.29081743628865,9.235348881562663,7819.306692697182,9.094947017729282e-13,7220.25
2016-02-11,-71.30467168042655,-105.0267686831091,-35.86777507770487,7.736836618743727,-190.0072287439893,-459.109344389419,6.454063857490404,7822.824888098415,0.0,6975.7
2016-02-12,-62.423528892044665,-81.3451313920165,-41.52898841807567,-19.4435891716777,-196.22175159218367,-458.52110314810994,3.6740332794181407,7826.360059334689,9.094947017729282e-13,6970.55
2016-02-15,81.14582077919576,-14.291707531966443,-34.566396309839156,-46.268816269184605,-201.10805576358658,-457.51843085861566,0.8954248891763513,7829.912161064821,-9.094947017729282e-13,7158.2
2016-02-16,-62.776645893330375,27.260282671892384,-19.287461856212005,-71.53582892283094,-204.5652263207602,-456.09468274501506,-1.8815848813478744,7833.481147947605,0.0,7044.6
2016-02-17,-18.141999001799064,62.59400793541709,-1.6467573399118844,-93.77984427764245,-206.48744806856845,-454.2481220526235,-4.656811836711119,7837.066974641839,0.0,7120.7
2016-02-18,7.779135667551507,95.86163517995399,11.784437235768358,-111.41881426947532,-206.76317311482535,-451.98274674117954,-7.430069764145921,7840.669595806353,-9.094947017729282e-13,7178.5
2016-02-19,-10.71847690215267,140.27957161904655,16.032070447882916,-123.09755047611516,-205.27850850804813,-449.304899974597,-10.201172305940494,7844.288966099924,0.0,7202.0
2016-02-22,40.484159385983475,124.37775239243287,9.288971128030154,-128.0469324362977,-201.93556124983584,-446.2234962972556,-12.969933104433261,7847.925040181376,0.0,7232.9
2016-02-23,-22.514119269211523,52.43792468422341,-5.504866484644831,-126.22820095497933,-196.73423744942681,-442.74810743353555,-15.736165801932763,7851.5777727095065,9.094947017729282e-13,7094.55
2016-02-24,-18.095484288817378,-28.7269087423694,-22.94954643553052,-117.84489534110034,-189.7922809527065,-438.88831854183417,-18.49968404075949,7855.247118343117,9.094947017729282e-13,7020.45
2016-02-25,-15.386113705659833,-82.6087183447683,-36.9555549072665,-103.40663788747405,-181.26199065205736,-434.65371478055977,-21.260301463236328,7858.933031741022,0.0,6983.4
2016-02-26,50.95077680677258,-127.30658833399731,-41.09870844005664,-83.86097311186165,-171.29826146309733,-430.05388130810263,-24.017831711678987,7862.635467562022,-9.094947017729282e-13,7035.95
2016-02-29,-58.562172581481065,-105.47416525431427,-31.282448982611097,-60.55911363379224,-160.0559883014574,-425.0984032828591,-26.77208842840437,7866.35438046492,0.0,6998.55
2016-03-01,31.644654022506803,-30.106563923821074,-11.096534687932758,-34.97146331753881,-147.69006608277223,-419.7968658632279,-29.522885255735364,7870.089725108521,9.094947017729282e-13,7228.55
2016-03-02,22.28420138527728,56.25188262944414,13.233402921093466,-8.576663321202645,-134.35538972264052,-414.1588542076159,-32.270035835991266,7873.841456151635,9.094947017729282e-13,7376.25
2016-03-03,17.09266821515845,89.28406874069722,35.330800677846824,17.147095535845473,-120.20685413671012,-408.19395347441116,-35.01335381148539,7877.609528253059,0.0,7473.05
2016-03-04,-3.142776794864881,78.66561053192414,49.27493069747016,40.722095381017155,-105.39935424059526,-401.9117488220219,-37.75265282453824,7881.393896071609,9.094947017729282e-13,7501.85
2016-03-08,-24.906516685579994,36.13828367141507,50.71278853812532,60.75828708619662,-90.0877849499306,-395.321825408824,-40.48774651748225,7885.194514266081,-9.094947017729282e-13,7482.0
2016-03-09,26.182230495212266,9.150335560552438,37.918514223121846,76.31684033202362,-74.42704118033639,-388.433768393245,-43.21844853261401,7889.011337495285,0.0,7532.5
2016-03-10,-22.81661301467941,-1.6289820842134022,12.171004471842718,87.00402350238878,-58.57201784743292,-381.25716293365355,-45.94457251226597,7892.844320418014,0.0,7481.8
2016-03-11,1.980274911612394,8.446246662032772,-20.308550451686823,92.68333617935205,-42.67719870716747,-373.8015941884842,-48.665932098743085,7896.6934176930845,0.0,7514.35
2016-03-14,26.266699767298338,2.1298370640468542,-48.40155828130452,93.39986404344906,-26.894438322306474,-366.0766473161047,-51.382340934384956,7900.558583979307,0.0,7529.6
2016-03-15,-28.701777158161068,-15.199268822067951,-63.23055337471264,89.34657403505261,-11.369228479160341,-358.0919074749315,-54.09361266149536,7904.439773935477,-9.094947017729282e-13,7463.1
2016-03-16,18.382534792374294,-40.76582752416374,-61.82633552618182,80.96570813415718,3.7634986491609768,-349.8569598233489,-56.79956092239956,7908.336942220401,0.0,7502.2
2016-03-17,-40.07199584774407,-23.28482939758305,-45.66905325481402,68.88009651487339,18.377127371559286,-341.38138951976055,-59.49999935941088,7912.250043492881,0.0,7489.6
2016-03-18,-0.2673447175101476,13.288897724887088,-20.045393825340643,53.96685902285317,32.347472720801576,-332.6747817225674,-62.194741614849804,7916.179032411726,0.0,7600.6
2016-03-21,36.42451881341512,43.90924776697121,8.98565111426548,37.1864196785085,45.55062191230267,-323.7467215901669,-64.88360133104281,7920.123863635747,0.0,7703.55
2016-03-22,17.588658622266692,40.530516674502245,35.908145940042246,19.499134295703577,57.86223907500181,-314.6067942809554,-67.56639215029605,7924.084491823735,0.0,7713.3
2016-03-23,27.235231906188385,-2.544377625147916,56.939699128059615,1.858343828061785,69.15774379659564,-305.264584953328,-70.24292771494078,7928.0608716345105,9.094947017729282e-13,7705.2
2016-03-28,-17.675933555735263,-49.424879339497494,69.64454809976186,-14.816876250896323,79.31288375247594,-295.72967876568333,-72.9130216672855,7932.052957726861,-9.094947017729282e-13,7630.45
2016-03-29,-53.96322503117715,-58.35190164217931,72.34385756149703,-29.705959850426026,88.20467272875715,-286.0116608764309,-75.57648764964597,7936.060704759605,0.0,7593.0
2016-03-30,45.98708551562703,-12.909680023459853,64.76891459086764,-42.238541378029915,95.71140965176673,-276.12011644395017,-78.23313930436657,7940.084067391546,-9.094947017729282e-13,7737.05
2016-03-31,14.337672045666151,38.99622470271797,48.012908199803306,-52.08868037381817,101.7162960445387,-266.06463062665904,-80.88279027372833,7944.123000281479,0.0,7748.15
2016-04-01,-40.955955299681975,74.40104742740952,23.43587413529,-59.037073851161935,106.10869228294449,-255.85478858294536,-83.52525420008166,7948.177458088227,0.0,7712.75
2016-04-04,46.56809501178918,50.45780734175137,-7.0038571780553465,-62.89504625497852,108.7861258058459,-245.50017547120547,-86.16034472573028,7952.247395470583,0.0,7756.5
2016-04-05,-43.46176696948004,-3.78393116134911,-38.50876774352972,-63.49692760419642,109.66689750659758,-235.01039562240183,-88.78787549298873,7956.332767087347,9.094947017729282e-13,7592.95
2016-04-06,35.19658312549835,-44.473064227229166,-65.04645180011752,-60.73343589012226,108.72572491943363,-224.39522358060654,-91.40766014418587,7960.43352759733,0.0,7618.3
2016-04-07,-19.282615999525458,-66.55733127141292,-80.29674019903396,-54.60859298328439,106.03032172056244,-213.66516060500416,-94.01951232164815,7964.549631659345,9.094947017729282e-13,7542.15
2016-04-08,-15.776699745590713,-72.06161934825994,-79.45429856055327,-45.35783797368098,101.7249369606447,-202.83226959707682,-96.62324566766142,7968.681033932179,-9.094947017729282e-13,7558.3
2016-04-11,25.696041376843702,-42.70794531521281,-62.786486710352136,-33.58170395509014,95.98056839191004,-191.90948903816926,-99.21867377700806,7972.827689027079,0.0,7664.3
2016-04-12,-27.66370325628884,8.390581211379702,-34.77997387891515,-20.042574834499515,88.97164063644605,-180.9099111889816,-101.80561005411127,7976.98955136497,0.0,7709.15
2016-04-13,13.760295665910368,52.853342843572804,-0.7984242412442119,-5.523931523703792,80.87264296822123,-169.84663317611978,-104.38386785583225,7981.166575319197,-1.8189894035458565e-12,7848.1
2016-04-18,10.59804363577996,62.74094748214513,33.73949655749262,9.190744268099948,71.85807563185301,-158.7327622994341,-106.9532605390585,7985.358715263123,0.0,7907.8
2016-04-20,4.881185172676717,32.8384321305935,63.68905474238144,23.31793655216879,62.102577073968675,-147.58150978124831,-109.51360146063807,7989.565925570097,9.094947017729282e-13,7919.3
2016-04-21,-6.619639623871279,-14.174994955197182,84.6223497059677,36.073782032959784,51.78157314077475,-136.40652693665348,-112.06470397745127,7993.788160613471,0.0,7897.0
2016-04-22,10.825869307192098,-47.04107376778103,92.82109745541395,46.674681023815225,41.07283833647417,-125.22240567536444,-114.60638144635332,7998.025374766603,9.094947017729282e-13,7902.55
2016-04-25,-40.561097970774746,-36.379922291884334,86.13806873434788,54.40143889328386,30.15708657548791,-114.0446491190832,-117.13844722422694,8002.27752240285,0.0,7864.85
2016-04-26,18.51170104678461,8.312537722342002,66.51141560710995,58.85780300878877,19.211882367132713,-102.88918297978424,-119.66071466792974,8006.544557895555,9.094947017729282e-13,7955.4
2016-04-27,43.56508428863308,30.933508609897675,36.93272368576921,60.04020356617435,8.397089878377889,-91.7720485126053,-122.1729971343229,8010.826435618077,-9.094947017729282e-13,7976.75
2016-04-28,-43.69981147558399,28.550344617901416,0.5633074248388836,58.05896438177277,-2.161828852826315,-80.70897805958036,-124.67510798028916,8015.123109943767,0.0,7851.05
2016-04-29,9.810721044112526,10.683779469159315,-38.231740799839734,53.06036695192623,-12.375942476125234,-69.71485887253554,-127.16686056268252,8019.434535245985,0.0,7845.5
2016-05-02,18.361782135932106,4.1589261832999,-73.71310090747288,45.20687426040661,-22.173852874308178,-58.80322645756118,-129.64806823838092,8023.760665898084,0.0,7807.15
2016-05-03,1.4800329475021263,-11.955820677710857,-97.94629521902459,34.66363638530703,-31.48926323576125,-47.985202109476845,-132.11854436424315,8028.101456273407,0.0,7742.75
2016-05-04,-15.109491248022318,-23.017842515932188,-103.4759318605742,21.602383166655272,-40.258587054723066,-37.269288935582985,-134.5781022971436,8032.456860745323,9.094947017729282e-13,7700.35
2016-05-05,20.925165303870568,-27.480825703979168,-85.81568647568321,6.3532964511694505,-48.420156740745945,-26.66207112786397,-137.02655539394343,8036.826833687176,-9.094947017729282e-13,7738.7
2016-05-06,-34.38462104278,-3.126127863831015,-47.694220302814216,-10.210205669724296,-55.91314694720663,-16.1692906344451,-139.46371682626378,8041.2113292870645,9.094947017729282e-13,7734.25
2016-05-09,31.246651224833553,27.878459638449154,1.232641084567267,-27.055232184237394,-62.6769869555742,-5.796434775420269,-141.88939902466643,8045.610300992049,0.0,7868.55
2016-05-10,6.10393246283992,35.55596929478233,49.86205653965658,-43.14214920859188,-68.65114013349054,4.45104321534918,-144.3034142344946,8050.023702063949,0.0,7889.9
2016-05-11,-34.804701721974055,7.754897611289308,87.79259565081287,-57.43132285899665,-73.77506984862622,14.56769010397679,-146.70557456403276,8054.451485627551,0.0,7851.85
2016-05-12,37.55671977610554,-26.87231630139166,107.04217125169957,-68.88435696102958,-77.9882123593901,24.548081907959485,-149.095691435938,8058.893604121984,9.094947017729282e-13,7905.2
2016-05-13,-37.35520669679559,-39.26455413622601,101.8101501936652,-76.62587847874035,-81.22797815765007,34.387033562218335,-151.47357558557826,8063.350009299106,9.094947017729282e-13,7813.6
2016-05-16,-3.7293845492250495,-2.608414380708522,71.44649311211434,-80.44407104187717,-83.42650540282742,44.08026710008012,-153.83903747223732,8067.820652634681,0.0,7859.3
2016-05-17,17.767888957417874,39.029454195107654,25.892892430679414,-80.39314485912105,-84.53602936954478,53.62534059617254,-156.19188686216313,8072.3054849114515,0.0,7887.5
2016-05-18,22.043911401888856,53.2379942381009,-22.656082035728446,-76.49821449083232,-84.5709932933005,63.020860789320416,-158.53193282691896,8076.804456217471,-9.094947017729282e-13,7872.85
2016-05-19,-22.81630266346919,13.987633317686885,-64.46506236832991,-68.72854015488196,-83.60205775915806,72.26579742544342,-160.85898429907633,8081.317516501786,0.0,7767.1
2016-05-20,17.361483704806044,-30.462151562604642,-92.15989863094563,-57.05267461138597,-81.71782407842686,81.35929967630504,-163.17285007029835,8085.84461557255,9.094947017729282e-13,7760.0
2016-05-23,-1.5731155299122574,-64.98190494159657,-98.70391987928679,-41.59522340010982,-79.0088198046996,90.30061924993885,-165.47333836875967,8090.385702674425,9.094947017729282e-13,7729.35
2016-05-24,-37.22942101624412,-50.15316282475287,-80.4724172389387,-22.94890391232906,-75.56560635828752,99.08904172111258,-167.7602572817553,8094.940726911194,0.0,7759.9
2016-05-25,10.705734930333572,3.3064516736484837,-44.76776775148103,-2.1657488476277833,-71.47876940222268,107.72387690729798,-170.03341489659581,8099.509637386647,0.0,7932.8
2016-05-26,25.17589829617318,54.24556652912631,-2.246564301794353,19.609795546061676,-66.83889998437755,116.20444001080845,-172.29261930056666,8104.092383204569,0.0,8077.95
2016-05-27,11.6831122407332,62.87863519584691,36.610277573474825,41.233283020833284,-61.73658915264134,124.5300462339897,-174.53767858098323,8108.688913468747,0.0,8149.35
2016-05-30,-0.6396837901002961,33.97133012584208,64.13972705337568,61.56026732877621,-56.26242795487458,132.7000107791539,-176.7684008251381,8113.299177282965,9.094947017729282e-13,8172.0
2016-05-31,-16.40685503826912,-10.142085243659896,78.50623574365173,79.4475334979396,-50.507007438968884,140.7136488486264,-178.98459412032395,8117.923123751004,0.0,8160.55
2016-06-01,-7.997543578283184,-31.420766775771437,80.44971529726561,93.78460264203679,-44.560918652797916,148.57027564474217,-181.18606655385608,8122.560701976664,0.0,8180.2
2016-06-02,16.492402747483204,-37.637760456370394,72.82811963749293,103.67354949512682,-38.514752644244915,156.26920636981455,-183.37262621301642,8127.211861063715,0.0,8216.95
2016-06-03,3.2178965522172773,-35.33602789609574,58.599045492192204,108.68576393173558,-32.458903237069705,163.80975622618206,-185.54408114739252,8131.876550078232,0.0,8212.85
2016-06-06,-26.707406080442617,-9.756701394705507,39.62381638645173,108.72248284468726,-26.477910851866625,171.1912404161677,-187.70023925562617,8136.554717935335,0.0,8205.45
2016-06-07,11.1316323919634,22.571198348590286,17.699285072979922,104.00681277978113,-20.6273078492081,178.41297414209197,-189.84090836142371,8141.246313475226,0.0,8264.6
2016-06-08,23.088879433925996,32.177978001451706,-5.0164273630888045,94.91259737162397,-14.922689299804057,185.47427260629107,-191.96589613965338,8145.951285389254,0.0,8269.7
2016-06-09,-13.17993790839742,17.748528429858286,-25.96405812005539,81.84458329469076,-9.368138810770176,192.3744510110819,-194.0750102279577,8150.669582331549,0.0,8200.05
2016-06-10,12.159079300882455,-16.62572658991421,-42.468141269984876,65.20391688712184,-3.9650475791654896,199.11282455880183,-196.16805818881542,8155.401152881074,-9.094947017729282e-13,8172.65
2016-06-13,-21.8638347476124,-27.967284173803918,-51.446728603259146,45.39922979814791,1.2888112426679785,205.68870845176662,-198.24484724655645,8160.145945278649,0.0,8113.0
2016-06-14,-22.96314174415353,-21.736582353338836,-49.72932703641769,22.881737979436483,6.397172122590067,212.10141789230642,-200.30518440040646,8164.903907539983,9.094947017729282e-13,8111.55
2016-06-15,42.982594366101544,-2.4049918574170768,-36.56890606759198,-1.6490267439935344,11.36395118895465,218.3502680827454,-202.34887661213122,8169.674987643332,0.0,8199.4
2016-06-16,-35.42791238953183,-2.8044683188956,-14.369360626942363,-27.009300183608968,16.19306457011321,224.43457422541846,-204.3757308434749,8174.459133566921,9.094947017729282e-13,8131.1
2016-06-17,-10.228888472907897,-15.930907116424283,9.82544156536025,-51.72846512591953,20.888428394448315,230.35365152263898,-206.38555405619016,8179.256293288994,0.0,8156.05
2016-06-20,46.82245555093759,-2.476767882655623,27.928767354969313,-74.27349056606099,25.453958790313834,236.10681517673714,-208.37815321202828,8184.066414787787,0.0,8235.25
2016-06-21,-17.313512101402736,33.1372000901229,35.6396954410294,-93.18644711978848,29.89357253119805,241.69338039004782,-210.35333523532378,8188.8894460041165,0.0,8208.4
2016-06-22,-50.47250469847925,57.85516141591533,31.62024343227536,-107.39080353895073,34.21081319595671,247.11266236488444,-212.31090690069905,8193.725334729097,0.0,8194.35
2016-06-23,63.295607521041454,30.38580476813132,17.1407379255061,-116.46612278769969,38.40664249838019,252.36397630358312,-214.25067494535247,8198.574028716412,-1.8189894035458565e-12,8269.45
2016-06-24,-56.770499612427884,-31.539175674630886,-1.8432063380143966,-120.28410337704985,42.47731798039755,257.4466374084704,-216.17244610649072,8203.435475719745,9.094947017729282e-13,8076.75
2016-06-27,-2.273749388224574,-67.54794774253531,-18.194562064112628,-118.79721057826713,46.41991251978434,262.359960881874,-218.0760271213073,8208.309623492789,0.0,8092.2
2016-06-28,7.591265384890221,-52.76831855911533,-26.186604675352655,-112.1658181913362,50.24101905258254,267.10326192610614,-219.9612247270054,8213.19641978923,9.094947017729282e-13,8127.05
2016-06-29,-0.4123703887225292,8.190505570304072,-26.154703331302454,-100.97366316897396,53.95640887322647,271.67585574350056,-221.82784566078567,8218.095812362753,0.0,8202.55
2016-06-30,13.659599482800772,45.94837024357255,-20.710593940268613,-85.9906057344733,57.58412010478499,276.077057536391,-223.67569665985485,8223.007748967048,0.0,8285.9
2016-07-01,-2.1968824538099705,66.56602096157837,-12.611121775615642,-68.03410478632559,61.142312652683366,280.3061825070968,-225.50458446140527,8227.932177355799,0.0,8327.6
2016-07-04,23.22204034947683,44.651164916549064,-4.06713763182952,-47.97248939454605,64.64914642235041,284.36254585794927,-227.3143158026472,8232.869045282698,0.0,8370.4
2016-07-05,-10.127864619740674,-2.7198092233371174,4.142958569928953,-26.72713191798739,68.12278131921497,288.2454627912655,-229.10469742076705,8237.818300501423,-1.8189894035458565e-12,8329.65
2016-07-07,9.629196265970522,-48.44312617878202,11.200963037787265,-5.227013595760411,71.58137724871425,291.95424850938144,-230.87553605297987,8242.779890765669,0.0,8342.6
2016-07-08,-40.79227596895626,-51.40345363823632,16.460515504662087,15.626776378999354,75.04309411627109,295.488218214619,-232.62663843648275,8247.753763829123,0.0,8325.55
2016-07-11,29.63987817340772,-10.416923102438433,19.981221021879282,34.99098883352742,78.52609182733109,298.84668710930106,-234.35781130847408,8252.739867445467,0.0,8469.95
2016-07-12,13.356163141537689,23.322066862194617,21.574762108039568,52.150572759311046,82.04817677091626,302.0289703957626,-236.06886140615217,8257.738149368392,-1.8189894035458565e-12,8516.15
2016-07-13,-35.55812331302918,37.36535270215632,20.684906125616948,66.60884307596707,85.62567624810472,305.0343832763205,-237.75959546672013,8262.748557351584,0.0,8504.75
2016-07-14,21.527481315181305,22.10554359061452,16.298219545252206,78.19099172053362,89.27430395376633,307.8622409533122,-239.42982022739182,8267.771039148733,0.0,8563.6
2016-07-15,4.229745537582723,3.7808738378236644,8.0155720826286,87.02614433162816,93.00960549311283,310.51185862905106,-241.0793424253488,8272.80554251352,0.0,8538.3
2016-07-18,-28.321424264069673,-10.065937248573036,-2.6259317326142835,93.39006877355575,96.84662656398977,312.98255150587437,-242.70796879780144,8277.852015199638,0.0,8497.35
2016-07-19,6.462184517622409,-10.826376668361574,-12.523095410155827,97.61903956031249,100.79971433565633,315.2736347860967,-244.3155060819408,8282.91040496077,0.0,8535.4
2016-07-20,35.466292952622325,-14.871341327351892,-18.375908243772553,100.086416059686,104.88121835113242,317.38442367206136,-245.90176101499037,8287.980659550612,0.0,8566.65
2016-07-21,-38.32515953783636,-13.026613057876327,-18.683193628671326,101.17500498488955,109.09954148470626,319.31423336607935,-247.46654033412815,8293.062726722837,0.0,8505.15
2016-07-22,-12.188715427407354,-12.482104389375072,-13.721127077887799,101.17029834826823,113.4623660213424,321.06237907048325,-249.00965077655843,8298.156554231136,0.0,8546.45
2016-07-25,40.79468929992348,1.1653976834236608,-5.091341863607941,100.19401717287774,117.97787097007419,322.6281759875947,-250.53089907949268,8303.262089829206,0.0,8630.4
2016-07-26,-21.72530019534109,0.5019347048455214,4.607755808630022,98.30105122056057,122.65442985096314,324.0109393197452,-252.03009198012808,8308.379281270725,0.0,8584.7
2016-07-27,-13.935275171973908,3.4200471728947934,11.635837893259104,95.51670876033785,127.50165698249529,325.209984269266,-253.5070362156617,8313.508076309383,0.0,8609.35
2016-07-28,21.84863964564843,17.06582348581789,13.027944993388225,91.81544005912407,132.53064160198204,326.22462603846924,-254.9615385232967,8318.648422698869,-1.8189894035458565e-12,8666.2
2016-07-29,-9.857672099543864,24.610426141789933,8.236639325020002,87.09617765207425,137.7533865983333,327.0541799915148,-256.39340580205027,8323.800268192861,0.0,8642.3
2016-08-01,10.316194240411395,14.208546032337614,-0.6685760656817155,81.25191226837019,143.1828464379139,327.6979628611273,-257.8024463195368,8328.963560545057,1.8189894035458565e-12,8647.15
2016-08-02,23.053421604095952,-11.973768784779162,-9.58268581694616,74.21593728699388,148.83202516481506,328.1552972039751,-259.1884741672988,8334.138247509143,0.0,8627.65
2016-08-03,-41.97093222411598,-31.151784037338746,-14.018635586319638,65.92985200590613,154.7130208632096,328.4255196129551,-260.5513174730882,8339.324276838794,-1.8189894035458565e-12,8540.7
2016-08-04,-41.84819756669201,-13.166910172498708,-11.593471157548674,56.384437106441816,160.83538318631904,328.5079799790561,-261.89081766279185,8344.521596287714,0.0,8561.75
2016-08-05,44.77181603145773,11.350711367468872,-4.664824333564697,45.711994417795914,167.20493687625185,328.40203767051383,-263.2068256395054,8349.73015360958,1.8189894035458565e-12,8679.3
2016-08-08,39.763218442037285,31.088665133031988,2.8959704595835483,34.120403388078216,173.82398626996874,328.10705578463865,-264.49919603542526,8354.949896558088,-1.8189894035458565e-12,8700.25
2016-08-09,24.796757977984917,13.135493979277275,8.108411528338905,21.7821643347713,180.6917853567018,327.6223981415698,-265.7677842055505,8360.180772886906,0.0,8670.55
2016-08-10,-52.934625064214195,-12.295144570128928,11.161387775098152,8.805991344004873,187.80467710896426,326.9474286548349,-267.01244559830087,8365.422730349743,-1.8189894035458565e-12,8567.9
2016-08-11,-15.28139577343677,-23.29224227073674,13.598076039821409,-4.655998328141537,195.1573680563233,326.081511247725,-268.2330356718285,8370.675716700272,0.0,8594.05
2016-08-12,31.79231054934105,-8.79075887833283,17.047845235119556,-18.32721749308418,202.74354093553382,325.02400984350874,-269.42940988427245,8375.939679692186,0.0,8656.0
2016-08-16,10.591066184922314,-7.0041499627799615,22.03136699013206,-31.66228973457771,210.55657477146835,323.7742883654676,-270.6014236938064,8381.214567079174,0.0,8638.9
2016-08-17,-27.33916111712497,11.802358717823001,26.26837292235776,-43.80377500594594,218.5890996896683,322.33171073687737,-271.7489325585743,8386.50032661492,0.0,8622.6
2016-08-18,15.726076915644311,12.892600299726315,27.43879512069207,-53.80952470008484,226.8312973666211,320.69564088102794,-272.8717919367331,8391.796906053107,0.0,8668.7
2016-08-19,10.617873933054295,17.28947842952018,22.834272696607155,-60.85968718862877,235.26822354725675,318.865442721183,-273.96985728641823,8397.104253147425,0.0,8667.15
2016-08-22,-18.118663589711446,10.232562840914383,11.115588745132484,-64.42877554903508,243.87947578631236,316.84048018063265,-275.04298406581665,8402.42231565157,0.0,8626.9
2016-08-23,0.09642320226988521,11.793080149294434,-7.172828851378629,-64.33061687195531,252.63381160295037,314.6201171826608,-276.091027733059,8407.751041319218,0.0,8639.3
2016-08-24,21.90192959654588,4.650212539240319,-28.065490933732743,-60.538479547633905,261.47157653729823,312.20371765052886,-277.11384374630825,8413.090377904062,0.0,8647.6
2016-08-25,-12.157592030270687,-18.440425006669017,-46.01238245012255,-53.05772084069516,270.29848922415033,309.59064550753146,-278.1112875637083,8418.440273159782,1.8189894035458565e-12,8590.55
2016-08-26,-22.668833853351323,-37.288312744258995,-54.967454343204764,-42.02951206340061,279.00638813062636,306.78026467693724,-279.0832146434244,8423.800674840075,0.0,8573.55
2016-08-29,-24.299577451677326,-18.414264066054933,-50.54260633837494,-27.942923551051212,287.48538207010625,303.77193908203253,-280.0294804436005,8429.17153069862,0.0,8619.2
2016-08-30,38.03115269627517,3.3222748021458632,-34.09584673418063,-11.95104133303311,295.625579855983,300.56503264609654,-280.9499404223971,8434.55278848911,0.0,8745.1
2016-08-31,29.670713676420952,-0.22999799532938436,-9.28385663167984,4.5671954292941,303.3170837462382,297.1589158477879,-281.8444500379617,8439.944395965229,0.0,8783.3
2016-09-01,-22.586600725638476,-2.7388094013363147,17.673396277993646,20.21562255212193,310.4499423518343,293.55301281281754,-282.71286474845124,8445.34630088066,0.0,8779.2
2016-09-02,-43.40661109418044,0.7562546533540347,39.887482845132794,33.59851066799634,316.9138540250386,289.74709792558815,-283.5550400120263,8450.758450989097,0.0,8804.7
2016-09-06,38.98725747484522,30.020410800474327,51.72159684217224,43.321309436526846,322.5973075821045,285.7421551064755,-284.37083128682366,8456.180794044225,0.0,8944.2
2016-09-07,-19.17978419494588,59.26563778311079,50.32188296214886,48.16111956576443,327.38748902973884,281.5404719269151,-285.16009487246293,8461.613277799732,0.0,8923.95
2016-09-08,34.56809977490581,41.680954561765475,34.92296786134853,47.82175594997145,331.17810763125186,277.14495636320464,-285.9226921517555,8467.055850009308,0.0,8948.45
2016-09-09,24.759410540083735,-6.595500987853075,10.93012344413087,43.18481616292132,333.91240621319866,272.5587841184099,-286.6584978794213,8472.508458388531,0.0,8864.6
2016-09-12,-47.713658852400364,-52.59487784399601,-13.714316247476697,35.30745222644688,335.6261947585828,267.78557095809725,-287.36741549988494,8477.97105050063,0.0,8715.3
2016-09-14,11.895537474383987,-61.334254771399856,-31.187439926919314,25.222860180463726,336.3791553922837,262.82994876610906,-288.0493809084546,8483.443573793535,0.0,8739.2
2016-09-15,3.540241464859984,-26.531970743037796,-36.52313168633613,13.964790052559778,336.2311597666556,257.6973137876719,-288.7043779727211,8488.925975330349,0.0,8748.6
2016-09-16,7.51478510937612,8.41554071883873,-30.394342326117865,2.5430630819171016,335.2417242463605,252.39345095542865,-289.3324231593797,8494.418201373575,0.0,8780.8
2016-09-19,25.129789927978774,17.496830448969856,-15.810596623201157,-8.14719940243544,333.4701776880175,246.92434115427207,-289.933539033578,8499.920195839975,0.0,8809.05
2016-09-20,-20.803909305066203,23.4281412109159,1.4531652217942832,-17.223365830808863,330.9757871539511,241.29602881523093,-290.50774631484285,8505.431899048825,0.0,8774.05
2016-09-21,-28.307833573346276,27.741648070486,14.943544525820235,-23.808399508771945,327.81827043202725,235.51458474897487,-291.05506166541136,8510.95324697022,0.0,8773.8
2016-09-22,44.5440583886175,45.90694278069884,19.99327173546752,-27.25814864551331,324.06911715699334,229.58608475701593,-291.575498377545,8516.484172204266,0.0,8861.75
2016-09-23,15.02128378791585,47.78769021214932,16.608216772805925,-27.587281224271553,319.8479482029563,223.5166046408852,-292.0690671851612,8522.02460479272,0.0,8825.15
2016-09-26,-53.098835318779294,26.363680778636045,7.057099633503945,-25.691620242915057,315.31875899230045,217.31222020208392,-292.5357768712216,8527.57447282639,0.0,8722.3
2016-09-27,-13.817352785111057,0.659262797511345,-4.909037662202462,-22.980930068608917,310.6609822988858,210.9790072421313,-292.9756350910068,8533.133703268402,-1.8189894035458565e-12,8720.75
2016-09-28,60.45103979315612,-35.99983936839841,-14.237200296823621,-20.95527917102947,306.054663898468,204.5230415625477,-293.3886491776468,8538.702222759726,0.0,8745.15
2016-09-29,-40.253544203742855,-56.72017685032347,-16.634887316210605,-20.86244907949242,301.66552700785945,197.9503989648212,-293.774826236089,8544.279957713177,0.0,8615.65
2016-09-30,-43.79177981787735,-46.27782338608966,-10.328695092424553,-23.24098868766425,297.5894705633189,191.26715525050807,-294.13417292459786,8549.866834094826,1.8189894035458565e-12,8620.95
2016-10-03,33.92530464458007,-7.313225107762662,2.211367855988481,-27.81379493418961,293.76487935091643,184.47938622109518,-294.4666957115666,8555.46277768094,0.0,8740.25
2016-10-04,29.884799967003065,25.685718469523618,15.91098104161182,-34.05856360031121,290.0385832617127,177.59316767809696,-294.77240100536676,8561.067714187731,-1.8189894035458565e-12,8771.35
2016-10-05,-7.443091829161188,33.039294905762425,25.15633230153184,-41.43682279490788,286.23943787669515,170.61457542304092,-295.05129506433514,8566.681569181374,0.0,8737.8
2016-10-06,-18.91120694189499,33.280258197906534,24.592115253190027,-49.306562027828555,282.19482617994447,163.54968525743786,-295.30338410926834,8572.304268190514,-1.8189894035458565e-12,8712.4
2016-10-07,-15.070275590008114,38.6775720848742,12.245462688702407,-56.59696845310429,277.7325739039144,156.40457298278787,-295.52867436097745,8577.93573674381,0.0,8695.8
2016-10-10,38.01817592388925,35.944639053409404,-7.092871949388263,-61.98632837793383,272.68234261975255,149.185314400634,-295.72717204027106,8583.57590036991,-1.8189894035458565e-12,8714.6
2016-10-13,-30.32431269327085,-10.58743381429334,-25.526262238714377,-64.11651126584061,266.88073347014324,141.89798531246436,-295.8988833679567,8589.224684597468,0.0,8571.55
2016-10-14,26.93884448309024,-37.458585183943704,-34.937285013171675,-61.65912267243726,260.17928647636273,134.54866151979934,-296.0438145648371,8594.882014955137,0.0,8586.45
2016-10-17,-40.959809077790894,-35.727085566994354,-28.6866406048502,-53.704433275451464,252.44870458107866,127.14341882416645,-296.16197185172905,8600.547816971572,-1.8189894035458565e-12,8524.9
2016-10-18,38.4970096837653,4.615176591299345,-7.886067538027608,-40.78166932804395,243.59856283794556,119.68833302706696,-296.25336144943424,8606.222016175429,0.0,8667.7
2016-10-19,-21.74623601438986,22.225486653402267,17.679644955361823,-23.96894437654053,233.5840203355566,112.18947993002124,-296.31798957877675,8611.904538095365,0.0,8655.55
2016-10-20,2.6707023836397767,16.061631629135455,37.60136203682086,-4.401008839925606,222.37493165631258,104.65293533454606,-296.3558624605413,8617.595308260014,0.0,8700.2
2016-10-21,-3.940418378469198,-0.6319793331838924,44.984879036581674,16.78220801522982,209.94326973519816,97.08477504214267,-296.36698631554975,8623.294252198051,-1.8189894035458565e-12,8691.15
2016-10-24,6.988609121621537,11.11536412095256,36.75357580004164,38.3902298540437,196.2612181754863,89.491074854347,-296.35136736461794,8629.001295438124,1.8189894035458565e-12,8711.65
2016-10-25,18.70323468474489,-5.854286479355085,19.38422916827493,59.08036928864479,181.30119108469427,81.87791057265551,-296.3090118285329,8634.716363508873,0.0,8692.9
2016-10-26,-28.054132077901272,-21.65921253026228,-2.9736106011126537,77.4981453735499,165.0379958262864,74.25135799858974,-296.2399259281237,8640.439381938973,0.0,8608.3
2016-10-27,-9.259477202248803,-7.651029390764897,-27.13150487696348,92.34271986262222,147.4556383008138,66.6174929336689,-296.1441158841941,8646.170276257066,0.0,8612.4
2016-10-28,8.587085643692982,32.50280518844992,-46.896186666091026,102.3345469591903,128.5519736210987,58.98239117940618,-296.0215879175504,8651.908971991805,0.0,8639.95
2016-11-01,27.90493514674575,24.53855206063063,-55.75624125497655,106.34550830416681,108.33207078327808,51.35212853730281,-295.87234824898576,8657.655394671838,0.0,8624.5
2016-11-02,-20.182978176725268,-11.100929407431058,-51.589657345536665,103.73136367667155,86.84635371763402,43.73278080888755,-295.69640309933504,8663.409469825836,-1.8189894035458565e-12,8519.15
2016-11-03,1.1138423062661653,-51.30121670196408,-35.03848341460634,94.69943860400666,64.2686311175785,36.13042379567479,-295.49375868938785,8669.17112298243,1.8189894035458565e-12,8483.55
2016-11-04,-28.180025109431984,-56.98662694540499,-8.214387944441512,79.99634035667457,40.807707913102014,28.55113329917174,-295.2644212399575,8674.940279670287,0.0,8435.65
2016-11-07,16.03841552140284,-35.29645085398346,23.72060569081339,60.554217151803975,16.673758922858116,21.00098512089879,-295.00839697185876,8680.716865418064,0.0,8488.4
2016-11-08,41.49564886593507,13.975789856653435,51.97840116860163,37.362032432420484,-7.923041034491264,13.486055062372714,-294.72569210589177,8686.5008057544,0.0,8542.15
2016-11-09,-60.327264594651815,69.90411185613299,67.12954902714903,11.427988581465224,-32.772517140284215,6.012418925093567,-294.41631286286406,8692.292026207959,0.0,8459.25
2016-11-10,68.77050676548163,63.05523368025491,61.812450399177116,-16.070035623447705,-57.66449457586239,-1.4138474894063255,-294.0802654635974,8698.0904523074,0.0,8522.5
2016-11-11,-3.7594073519333397,1.6721594341462869,38.18783242928179,-43.7035710617719,-82.38879852257823,-8.786668379623327,-293.7175561288837,8703.896009581362,0.0,8311.4
2016-11-15,-72.53833819605767,-58.1497397846337,4.522685995965244,-69.92981838844415,-106.73525416175067,-16.099967944043044,-293.32819107954236,8709.708623558507,-9.094947017729282e-13,8097.45
2016-11-16,11.287850857777594,-62.36022793030455,-30.062273132833155,-93.19003596986322,-130.4936866747489,-23.34767038113793,-292.91217653638085,8715.528219767491,-9.094947017729282e-13,8094.45
2016-11-17,44.8591800833536,-31.680495379811205,-57.36081061486185,-111.92545797313856,-153.45392124289302,-30.523699889404348,-292.4695187201946,8721.354723736951,-9.094947017729282e-13,8088.8
2016-11-18,39.99355708629952,1.1933605334413695,-71.01760259289364,-124.57938845573861,-175.4057830475307,-37.62198066732671,-292.0002238518163,8727.188060995566,-9.094947017729282e-13,8067.75
2016-11-21,-55.499402283913824,-4.781972610213847,-67.84080313223102,-129.77570056125697,-196.1395434189273,-44.63643691338464,-291.504298152039,8733.028157071967,0.0,7942.85
2016-11-22,28.714604160307065,-16.296092387317177,-51.71565497182346,-127.06125228876446,-215.4738013394781,-51.56099264496135,-290.98174802278197,8738.874937494818,9.094947017729282e-13,8014.5
2016-11-23,34.02985524488606,-23.670825417554074,-27.447258335105655,-117.13071247819126,-233.33723506142326,-58.38957079093557,-290.43258095445134,8744.728327792775,9.094947017729282e-13,8028.35
2016-11-24,-47.0574888599348,-23.534002630812314,0.02952841558770359,-101.0982226030693,-249.70516909859876,-65.11609170690394,-289.8568070107531,8750.588253494485,0.0,7974.25
2016-11-25,42.61197820388897,-8.631907604156241,25.387008120239347,-80.09257442380398,-264.59023242092724,-71.73446916860104,-289.25444283524195,8756.454640128602,-9.094947017729282e-13,8110.15
2016-11-28,-14.265566526349353,27.242364137859493,43.808514219876564,-55.202069157757144,-278.04653387415954,-78.23859921043805,-288.6255228128131,8762.32741322378,9.094947017729282e-13,8119.0
2016-11-29,-27.757429755816705,45.36841151970815,51.43495259219758,-27.52298610269622,-290.1369873669139,-84.62234280155087,-287.9701163936069,8768.206498308678,0.0,8147.0
2016-11-30,28.15169679276387,43.632729541757364,46.08481474059849,1.7312987595880511,-300.9245068077896,-90.8795315827696,-287.28832235609343,8774.091820911945,0.0,8214.6
2016-12-01,23.398810217737346,23.345584004963914,30.413127289485033,31.015414704638776,-310.472006105399,-97.00398045239469,-286.58025622125945,8779.983306562228,0.0,8194.1
2016-12-02,-43.205752750115025,-16.483716950121295,11.037429805585614,58.449096093627254,-318.84239916832206,-102.98949901910576,-285.84603879973974,8785.880880788192,-1.8189894035458565e-12,8088.0
2016-12-05,30.425344040057244,-40.40161407726997,-4.755915252254347,82.01200386987229,-326.098599905176,-108.82989605805554,-285.08579173565687,8791.784469118484,0.0,8139.05
2016-12-06,23.742893768344093,-40.9571210528441,-10.966897397234023,99.95926684210072,-332.3035222245731,-114.51897949465025,-284.2996375228987,8797.693997081757,-9.094947017729282e-13,8138.35
2016-12-07,-45.52560475287029,-7.775698225771556,-6.530055374101023,111.33030409084061,-337.5200800351067,-120.05055704188824,-283.4876988677673,8803.609390206666,-9.094947017729282e-13,8114.05
2016-12-08,32.80049236643904,29.095868092290452,5.346798846360826,116.05696332793322,-341.8121617655586,-125.41843641273437,-282.6500984765931,8809.530574021863,0.0,8242.95
2016-12-09,30.49755975835384,32.05526506965492,20.5547656583146,114.42678090095455,-345.23846065659785,-130.61642573100224,-281.7869590556864,8815.45747405601,0.0,8255.35
2016-12-12,-42.492940268628196,15.256643507955133,35.019966370159686,106.78508010392235,-347.82203040221344,-135.6383318375854,-280.89840331135866,8821.39001583775,0.0,8171.6
2016-12-13,19.057992636741847,-2.679078826685555,45.499671786476895,93.63160751410547,-349.5758352993539,-140.47792875710803,-279.984553949913,8827.328124895736,0.0,8212.8
2016-12-14,8.765400619501342,-10.815893285673875,50.43515919596162,75.83051189120475,-350.51246368459203,-145.12890781734473,-279.04553367768233,8833.271726758625,9.094947017729282e-13,8182.8
2016-12-15,-3.90203080842619,-6.2959138324769865,49.38342342800465,54.55465001451722,-350.6443579441917,-149.58505261152115,-278.08146520097455,8839.220746955069,0.0,8154.65
2016-12-16,3.4218898223644003,-1.9075281698298094,42.64898347744999,31.128122279678642,-349.9834035904563,-153.8407036068308,-277.0924712261059,8845.17511101373,0.0,8139.55
2016-12-19,-9.658630345263916,5.575494554823494,29.950623379452757,6.958129813242994,-348.54038193189274,-157.89130547422508,-276.0786744593842,8851.134744463247,0.0,8101.45
2016-12-20,10.464885014729127,11.000479702244592,11.597938046263806,-16.514300826684384,-346.32484998493504,-161.73352717676804,-275.04019760713777,8857.099572832289,-9.094947017729282e-13,8090.55
2016-12-21,2.603109500330882,21.533354832139096,-10.57816837481107,-37.84025178796398,-343.3456586223969,-165.3647438211247,-273.97716337566595,8863.069521649493,0.0,8056.1
2016-12-22,-17.204277188720358,4.3237765954551595,-32.11033839190368,-55.5699937560045,-339.6111771397892,-168.78281209126783,-272.88969447129466,8869.044516443524,9.094947017729282e-13,7987.2
2016-12-23,31.537151490244465,-22.782631343180206,-46.77908994530711,-68.25682363876095,-335.12820409050664,-171.9869716151849,-271.7779136003424,8875.02448274304,-1.8189894035458565e-12,7989.85
2016-12-26,-40.645142815910226,-29.056841607971727,-48.70450787223369,-74.63434736103535,-329.89770164919264,-174.9788613012263,-270.64194346910523,8881.009346076675,0.0,7912.45
2016-12-27,36.025646413286154,-10.096482195642842,-36.50322703248488,-74.3737377548564,-323.9080343407325,-177.76129027875533,-269.48190678391245,8886.999031973099,-9.094947017729282e-13,8030.9
2016-12-28,-13.66133551410965,6.829605843444975,-15.267576438500802,-68.36669311298658,-317.1422972396594,-180.33724324806454,-268.2979262510779,8892.993465960953,0.0,8036.75
2016-12-29,-2.530756354223027,18.3379639033747,7.469776394555195,-57.788354351362486,-309.58137112087996,-182.70970746346424,-267.09012457690466,8898.992573568905,0.0,8105.1
2016-12-30,18.529757546119146,21.948514737895547,24.540741859177757,-43.81936680706335,-301.2056330147939,-184.88167017920605,-265.8586244677318,8904.996280325602,0.0,8174.25
2017-01-02,-1.0995193381457835,9.184945062083344,31.205940697212803,-27.640770898867146,-291.9954400025539,-186.8561186495799,-264.6035486298419,8911.004511759691,9.094947017729282e-13,8179.2
2017-01-03,-3.154591987172286,-6.827482729255839,26.353082993199617,-10.445992612869858,-281.9311491653055,-188.63604012885668,-263.3250197695764,8917.017193399837,0.0,8189.05
2017-01-04,-23.6762488611113,1.5396669585333056,12.23720882114747,6.455822355495988,-270.99311758420623,-190.2244218712999,-262.02316059324437,8923.034250774685,1.8189894035458565e-12,8196.35
2017-01-05,27.13509440947474,7.990856763788172,-3.6416431584026014,21.44412985099914,-259.16170234038856,-191.62425094378014,-260.6980939945814,8929.055609412891,0.0,8270.5
2017-01-06,3.228086352982433,-10.732364678276694,-13.595008635349604,32.82380991301358,-246.41726051501107,-192.83851366339917,-259.34994361706094,8935.081194843104,-1.8189894035458565e-12,8248.2
2017-01-09,-22.986091407894367,-24.487194293432616,-13.75582552203792,39.25743946568354,-232.74023138485316,-193.87019567974573,-257.9788337717086,8941.110932593989,0.0,8234.55
2017-01-10,-4.237379281548594,-19.94242922665391,-3.5913797855132237,40.35173749648251,-218.11812598504355,-194.72227992271056,-256.5848914891993,8947.144748194185,0.0,8290.3
2017-01-11,13.463173500684524,11.740150408918796,12.278008736111984,36.78621683733945,-202.58412353297405,-195.39774020212332,-255.16825292031427,8953.182567172356,0.0,8374.3
2017-01-12,4.256747814658179,25.5541923872695,26.379497829799824,29.62040076148333,-186.25654930674727,-195.89952119065504,-253.72908335296833,8959.22431505716,0.0,8409.15
2017-01-13,-13.64305750905192,12.588699453354007,31.351254177213274,20.02290537175484,-169.29160323445288,-196.23052990197493,-252.2675857340769,8965.269917377233,1.8189894035458565e-12,8397.8
2017-01-16,12.760024044203847,0.2429003668184858,24.173800956746017,9.246626141483151,-151.86501481017348,-196.3936384861779,-250.78399787412857,8971.319299661229,0.0,8418.7
2017-01-17,-19.252347816259185,5.082449371709305,6.996005195904171,-1.565659794473716,-134.16255771770125,-196.39169216417145,-249.27858451283274,8977.372387437823,1.8189894035458565e-12,8388.8
2017-01-18,9.087482231099687,6.354140452949315,-13.391029876757173,-11.380897078248553,-116.36965541797916,-196.2275174379769,-247.75162910874434,8983.429106235657,0.0,8413.75
2017-01-19,35.79701260367054,-4.982427374841918,-29.139200615068525,-19.1940996341621,-98.66331063292529,-195.9039285691339,-246.20342736091678,8989.489381583378,0.0,8431.2
2017-01-20,-42.06811783950374,-29.656320604938664,-34.688088096951454,-24.027381057412754,-81.20521662326038,-195.42373471607692,-244.63428007149906,8995.553139009644,0.0,8343.85
2017-01-23,-20.295025629988416,-27.08660642217972,-28.976178000594107,-25.28637175481356,-64.14188915563311,-194.78974347142778,-243.04448960847785,9001.620304043116,-1.8189894035458565e-12,8398.0
2017-01-24,-13.99879865999925,5.098909218723995,-15.73487525445397,-23.27787538472787,-47.58904136436086,-194.0047617352495,-241.43435903236528,9007.690802212433,0.0,8476.75
2017-01-25,38.438837802113845,29.2133129261056,-0.7371588982018575,-18.69104081834326,-31.612722246634743,-193.0715959109931,-239.80419190030574,9013.76455904626,0.0,8597.5
2017-01-27,45.26890487724585,24.47322767285134,11.043130692844716,-12.265047192219837,-16.264371952411896,-191.9930523030607,-238.15429186848766,9019.841500073238,0.0,8641.95
2017-01-30,29.10243552095206,-6.505593548805981,18.777283843390627,-4.744227468644866,-1.5945493599679599,-190.77193721580312,-236.4849625931533,9025.921550822033,0.0,8633.7
2017-01-31,-63.831088540741426,-26.736474423094645,23.85396876815253,3.1203354060706685,12.346186652433374,-189.41105695360577,-234.79650773051264,9032.004636821297,0.0,8556.55
2017-02-01,52.34740229588403,-18.207906211129554,28.19494105618108,10.570050810485856,25.50727720651766,-187.9132178208374,-233.08923093677683,9038.090683599676,0.0,8715.5
2017-02-02,-0.9176665026403604,9.34607973204457,32.593255824059014,16.905212826740147,37.83816342401045,-186.28122612186425,-231.36343586818813,9044.179616685838,0.0,8722.3
2017-02-03,-24.595605315919588,19.487847686530532,36.64006143206907,21.595281003354994,49.288367927554276,-184.5178881610754,-229.6194261809302,9050.271361608415,0.0,8738.55
2017-02-06,16.440087729787752,10.853027726124559,38.75314520696557,24.36315791972785,59.80825329539755,-182.6260102428491,-227.85750553122614,9056.365843896072,0.0,8796.1
2017-02-07,-3.3489725720288317,-11.754680356699488,35.562047802227355,25.16106921612936,69.35392307975607,-180.60839867153732,-226.07797757531705,9062.46298907747,0.0,8770.75
2017-02-08,-4.9402580441119985,-11.790042285700133,24.661993440900144,24.151545608318322,77.90304432027521,-178.46785975153026,-224.28114596939733,9068.562722681245,0.0,8775.8
2017-02-09,0.42378063991530934,-4.466013961809879,7.568962565569654,21.563342534041425,85.46947214310296,-176.20719978718708,-222.46731436969966,9074.664970236066,0.0,8786.55
2017-02-10,-6.7106533182527315,17.332760854605826,-12.629762558382211,17.65510651458561,92.09890275218484,-173.82922508289678,-220.63678643243162,9080.769657270586,0.0,8794.05
2017-02-13,9.14840051631072,17.165686430509723,-31.565226294228136,12.703561216034442,97.84747657476622,-171.3367419430233,-218.7898658138104,9086.87670931344,0.0,8802.05
2017-02-14,13.810299119104862,-2.121999860168581,-44.63384259221124,6.994880253798456,102.77402402818231,-168.73255667195207,-216.92685617005665,9092.986051893302,0.0,8784.15
2017-02-15,-27.489120612378496,-22.543832571867586,-47.56592044222481,0.8291151211436091,106.93968469794021,-166.01947557403983,-215.04806115738637,9099.097610538813,1.8189894035458565e-12,8728.2
2017-02-16,6.586306824725861,-24.968054001352748,-37.592824157580374,-5.48895395504577,110.40630389630994,-163.20030495367203,-213.15378443201905,9105.211310778634,0.0,8777.8
2017-02-17,-0.9391767345089931,-6.454318999620408,-16.99858025500876,-11.698661267113424,113.23583988022709,-160.27785111521737,-211.2443296501779,9111.327078141421,0.0,8816.95
2017-02-20,10.005159774913244,17.432081698197976,8.000667873551603,-17.54836539945429,115.49053754626895,-157.25491918122728,-209.320000468068,9117.444838155818,0.0,8884.25
2017-02-21,-5.552187477638869,21.834367225544906,30.470105308132652,-22.78426325646451,117.23287193871425,-154.13430954686316,-207.38110054189698,9123.564516350472,0.0,8903.25
2017-02-22,2.383774789996199,18.293391575878907,44.71206499494159,-27.15389788514822,118.52537980251604,-150.9188180043285,-205.42793352791668,9129.686038254062,0.0,8930.1
2017-02-23,19.19681318098362,0.21590046403635807,48.0330706658811,-30.413220117464743,119.43013415140408,-147.6112246577343,-203.46080308232385,9135.809329395219,0.0,8941.2
2017-02-27,-15.797704104096303,-13.04270176221754,41.41645420933509,-32.372572037616045,120.00651795918847,-144.2142967058688,-201.48001286133092,9141.934315302608,0.0,8896.45
2017-02-28,-20.70190729038476,-26.928570826475582,27.677610673690733,-32.99872022003769,120.30732273121518,-140.73079005171985,-199.48586652115858,9148.060921504872,0.0,8875.2
2017-03-01,36.45007294919634,-12.170749911109917,9.973513902936096,-32.369647772572826,120.36985422687067,-137.16344920795962,-197.47866771802995,9154.18907353067,-1.8189894035458565e-12,8941.8
2017-03-02,-16.273652758859534,-2.545285052354794,-8.235738854966094,-30.600765160147255,120.21049662211652,-133.51503159628803,-195.4587201081598,9160.318696908658,0.0,8893.9
2017-03-03,-23.21349631869465,15.842554526717391,-25.676438346586405,-27.817399796397297,119.82969427769025,-129.7883041624525,-193.42632734776646,9166.44971716749,0.0,8902.2
2017-03-06,22.318229512899958,30.376350815531097,-40.36118731829684,-24.16789784300006,119.22027703692041,-125.98603894680073,-191.38179309306827,9172.582059835815,0.0,8962.6
2017-03-07,2.348960627921616,25.93060562855479,-49.138456456182475,-19.842245770970447,118.37193467968407,-122.11102815101724,-189.3254210002752,9178.715650442286,0.0,8944.95
2017-03-08,-0.7092262893476851,-8.280615307099733,-48.79322309482658,-15.066918601873937,117.27319579427021,-118.16611229107475,-187.2575147256068,9184.850414515558,1.8189894035458565e-12,8923.85
2017-03-09,5.65075124433203,-38.04259298616997,-37.35395819505952,-10.019674159431753,115.91179517974808,-114.15422074241901,-185.1783779252909,9190.98627758429,0.0,8927.8
2017-03-10,-31.68466087278111,-30.180038664208187,-14.70859217603042,-4.807922863895702,114.27472212482196,-110.07835846949529,-183.08831425553518,9197.123165177125,0.0,8936.85
2017-03-14,31.438133752290938,-1.1398524301328603,13.890342923173897,0.48140317135968735,112.34824451757703,-105.94164738443656,-180.98762737255552,9203.261002822723,1.8189894035458565e-12,9073.35
2017-03-15,-25.077498841167216,22.78330101528631,40.2369768949022,5.763031601063947,110.1184167512266,-101.74732253847613,-178.87662093257748,9209.399716049742,0.0,9082.6
2017-03-16,9.509306272037332,32.52893477625872,55.454022007986254,10.949828001391728,107.57299552875568,-97.4987183814394,-176.75559859181456,9215.539230386825,-1.8189894035458565e-12,9157.3
2017-03-17,0.9006802359012728,23.446935578641266,53.30890510716987,15.936982518510614,104.70114063673547,-93.19925143311525,-174.62486400647197,9221.679471362628,0.0,9152.15
2017-03-20,-8.599009792470241,14.788666068565036,34.820394986540904,20.564999861326157,101.4917034322908,-88.85239822926718,-172.48472083279438,9227.820364505807,0.0,9129.55
2017-03-21,25.951436025582574,-8.060267616191954,6.422969763723229,24.687913646587656,97.93327556773502,-84.46169000547594,-170.33547272698095,9233.96183534502,0.0,9126.1
2017-03-22,-36.37379673594246,-26.005983975969546,-24.057138463464184,28.177807109213912,94.01345213239871,-80.03072612990415,-168.1774233452429,9240.103809408909,1.8189894035458565e-12,9027.65
2017-03-23,13.471461590591185,-7.968712860241265,-49.00468348039314,30.909883501421827,89.71992890993447,-75.56321354363986,-166.0108763438093,9246.246212226135,0.0,9081.8
2017-03-24,31.45996684598902,-4.497139098902933,-61.86637430934803,32.77202700881793,85.04177495465312,-71.06308934766913,-163.83613537890204,9252.38896932536,1.8189894035458565e-12,9100.4
2017-03-27,-31.92441370376249,1.7613908228221447,-60.9677135328889,33.71474209788075,79.97221650886327,-66.53472432141056,-161.65350410672278,9258.532006235217,1.8189894035458565e-12,9052.9
2017-03-28,4.1088082950335965,-0.06531766891334606,-47.24622664811995,33.75925977767498,74.51469193369307,-61.98317799024215,-159.4632861834946,9264.67524848437,-1.8189894035458565e-12,9108.3
2017-03-29,15.719462158152597,-4.333983602252317,-24.072992401674842,32.91144616148802,68.68773849012489,-57.414507141875234,-157.26578526544424,9270.81862160148,0.0,9145.05
2017-03-30,-5.588517950664029,-1.8692755758481012,3.658468614470834,31.15657493000154,62.52766975550191,-52.83566587986803,-155.06130500877924,9276.962051115186,0.0,9158.95
2017-03-31,-18.61911037157348,-8.31849622873193,31.084865900372126,28.46666392732194,56.084956353176175,-48.25419306499535,-152.85014906972037,9283.105462554153,-1.8189894035458565e-12,9170.7
2017-04-03,13.44246124188301,7.6841499299936915,52.71195027264048,24.799850276233833,49.42346720859208,-43.67803927188049,-150.63262110447755,9289.248781447015,0.0,9243.0
2017-04-05,1.7045203041267267,19.961373718883063,64.64658122228612,20.106994541294682,42.612901510673396,-39.115279850434135,-148.4090247692931,9295.391933322462,0.0,9256.9
2017-04-06,17.978464736496118,2.4092554022670183,65.3759186208437,14.3792982983562,35.72584951604303,-34.5739665627705,-146.17966372034704,9301.534843709112,-1.8189894035458565e-12,9256.65
2017-04-07,-17.413899569918417,-13.428286484180003,57.44522506195399,7.788786955754305,28.83771174618704,-30.06213423155167,-143.94484161388164,9307.677438135635,0.0,9196.9
2017-04-10,-24.810000910832436,-11.771587630865541,44.12927646586839,0.6988435105916685,22.02647623839694,-25.587787697730192,-141.70486210611165,9313.819642130682,0.0,9176.8
2017-04-11,25.09671734963388,13.488786849394508,26.95471132344252,-6.455175345332781,15.372531760053656,-21.158924306845883,-139.4600288532554,9319.961381222909,0.0,9233.8
2017-04-12,6.631587001639701,19.764574059031286,6.818767179078517,-13.230752418266151,8.957407346488287,-16.78351859741027,-137.21064551152529,9326.102580940964,0.0,9201.05
2017-04-13,-19.00276551453585,13.518346445534227,-15.703889588014013,-19.192454898191823,2.864022346968417,-12.469409868125535,-134.9570157371408,9332.243166813505,0.0,9147.3
2017-04-17,11.71368091112442,-5.1586193126346505,-37.92728306978624,-23.91471816733493,-2.8225352715901026,-8.22414627264734,-132.69944318630837,9338.383064369176,1.8189894035458565e-12,9139.35
2017-04-18,-16.457299096030045,-2.8166115755195165,-55.314020842423865,-26.97601401313396,-8.015248431143558,-4.054773663128446,-130.4382315152618,9344.522199136642,0.0,9100.45
2017-04-19,8.544016962629888,-15.201940528221815,-61.19407818456766,-27.989592573000394,-12.627488304708418,0.03227036352921973,-128.17368438021234,9350.660496644552,-1.8189894035458565e-12,9114.05
2017-04-20,17.11939443505448,-19.744033565418093,-52.816863405497685,-26.800895825500845,-16.580781717940223,4.031403095114402,-125.90610543736751,9356.797882421555,0.0,9136.1
2017-04-21,-26.77781328168159,-26.77431316680151,-30.883535331128673,-23.67650278990436,-19.824104391935723,7.937785308103979,-123.6357983429672,9362.934281996315,0.0,9119.3
2017-04-24,-3.2023468271927715,3.335823621734689,-0.5629361657566122,-18.98404012150258,-22.340064731668072,11.747010080118896,-121.36306675320942,9369.069620897477,0.0,9217.7
2017-04-25,10.06216350237641,30.278214214714723,29.049994280647947,-13.07663412924111,-24.134199327961113,15.45485113008389,-119.08821432431608,9375.203824653696,0.0,9303.75
2017-04-26,14.229854186818525,29.17879027456017,48.62845517427409,-6.301183525698572,-25.218636915004115,19.057446723940064,-116.81154471251749,9381.336818793627,1.8189894035458565e-12,9344.1
2017-04-27,-0.6240427377258034,5.682415128755091,52.775892719329164,0.9862297252080802,-25.60755007719817,22.551887969727876,-114.53336157401763,9387.468528845922,0.0,9328.7
2017-04-28,-11.63317855746978,-15.818494667525144,41.794206071442765,8.345296263388416,-25.31958631684527,25.936845432796154,-112.25396856502647,9393.598880339237,1.8189894035458565e-12,9304.65
2017-05-02,-1.2226918982558068,-10.573804364639424,19.3669617348739,15.141463603639348,-24.378670222555996,29.212611686494522,-109.9736693417755,9399.72779880222,-1.8189894035458565e-12,9317.3
2017-05-03,-20.06055034535122,2.976051901231826,-7.329633309259932,20.68289813132343,-22.81168459095086,32.38047600995615,-107.6927675604783,9405.855209763527,1.8189894035458565e-12,9304.0
2017-05-04,37.46115401842926,4.48875503359528,-30.84916636965091,24.28533270170698,-20.64767258412115,35.442125325573116,-105.4115668773472,9411.981038751814,1.8189894035458565e-12,9356.75
2017-05-05,-33.3105037808513,-4.1936671338716645,-45.67334734833854,25.323861054673603,-17.920488936211083,38.39930579747747,-103.1303709486101,9418.105211295731,0.0,9277.6
2017-05-08,11.565012672119225,-26.19599262332722,-47.98087253929628,23.41404401192209,-14.684124604654928,41.253763589777364,-100.8494834304758,9424.227652923935,0.0,9310.75
2017-05-09,-23.27105519647246,-6.084898811272653,-36.799729052941316,18.701666329520677,-11.032309321338685,44.00724486658693,-98.56920797916382,9430.34828916508,0.0,9317.3
2017-05-10,28.533026283119813,7.842899466298365,-15.484089740189367,11.804495967740104,-7.085025065906894,46.66149579201551,-96.28984825088891,9436.467045547812,0.0,9412.45
2017-05-11,-3.4102933371344206,7.145335539882896,10.392990335254067,3.4577977872731096,-2.976232554377101,49.21826253018799,-94.01170790187659,9442.58384760079,0.0,9412.4
2017-05-12,-22.52022275451163,-6.943357689926091,33.809707020397404,-5.591887277278205,1.1529391917714364,51.67929124521611,-91.73509058833801,9448.698620852669,0.0,9408.55
2017-05-15,-4.882639724080673,-6.979660307859253,47.50148801840008,-14.595775885600224,5.159268932318112,54.0463281012152,-89.46029996649153,9454.811290832098,0.0,9445.6
2017-05-16,18.251000163281116,28.639846608413723,47.216645143032665,-22.813618004229614,8.900863452018756,56.32111926230775,-87.18763969255548,9460.921783067732,0.0,9510.25
2017-05-17,28.243295540504676,31.27935666090213,33.72872042152211,-29.56038289412668,12.240989713127883,58.50541089258755,-84.9174134227434,9467.030023088226,0.0,9516.55
2017-05-18,-41.49790291441328,22.514798316260116,10.839214718041752,-34.24764531402568,15.054574428994522,60.600949156185486,-82.6499248132832,9473.13593642224,0.0,9423.75
2017-05-19,6.3735423533355435,1.787150735948975,-15.129927591444563,-36.33091644428205,17.236699651191028,62.60948021721567,-80.38547752037172,9479.239448598408,-1.8189894035458565e-12,9435.4
2017-05-22,39.688027816353824,-19.927066305346585,-36.923169230674226,-35.31099199140828,18.724344994905525,64.53274477101894,-78.12437520024999,9485.3404851454,1.8189894035458565e-12,9438.0
2017-05-23,-1.8291932232841697,-42.0492844799626,-47.37526841030731,-30.80952940840112,19.51879334289654,66.37243209631141,-75.86692150911843,9491.438971591866,0.0,9379.4
2017-05-24,-42.55527064019253,-34.12371738207311,-42.0466833924796,-22.829574403281192,19.65382253468726,68.13000992008888,-73.61342010320374,9497.534833466454,0.0,9370.15
2017-05-25,20.323988846688327,-4.083982896006822,-24.167559642049977,-12.064148421334929,19.171530437411576,69.80635001618731,-71.36417463872306,9503.627996297828,0.0,9501.25
2017-05-26,19.4549914790381,31.469556104243974,-0.7295050275371082,0.588220411702411,18.11638027627817,71.40145991352824,-69.11948877187918,9509.718385614626,0.0,9580.9
2017-05-29,-14.046605015717066,38.97790852804554,20.927356425079967,14.215740098371402,16.534451848191967,72.91488732942533,-66.87966615891078,9515.805926945515,0.0,9598.45
2017-05-30,2.902870337378606,13.720436354929964,35.25610706163061,27.90678657677601,14.47217500822255,74.3460892979404,-64.64501045602303,9521.890545819146,0.0,9625.85
2017-05-31,1.203110821722964,-10.148466462499451,40.65490143315724,40.76360842402318,11.975762634147687,75.69474070471844,-62.41582531943788,9527.972167764168,0.0,9625.7
2017-06-01,-12.064266967132935,-21.04364479933308,37.830892542217185,51.96679367376542,9.090999166110121,76.96092248050624,-60.19241440536528,9534.050718309232,0.0,9616.6
2017-06-02,-1.9185012887922437,-12.125521998101895,29.37295339404674,60.861660490854014,5.863291548624036,78.14507624040789,-57.9750813700415,9540.126122983003,0.0,9642.35
2017-06-05,19.595393458224947,-1.149264617740248,18.97506365262343,67.00818224197353,2.338596144236581,79.24785167621854,-55.76412986965978,9546.198307314124,0.0,9676.45
2017-06-06,-17.56656604379603,-2.2563424247422987,8.984189544024336,70.19472542102422,-1.4332615812860579,80.26992181396899,-53.559863560452804,9552.267196831259,0.0,9636.9
2017-06-07,8.1119474319138,1.649337568336953,-0.7701665716361845,70.36876055132218,-5.391956167455791,81.21194622310502,-51.36258609863174,9558.332717063047,-1.8189894035458565e-12,9662.15
2017-06-08,-14.117234186343689,12.199923289912256,-10.854051004755881,67.64132758012703,-9.466739890731413,82.07458181405579,-49.17260114041014,9564.394793538146,1.8189894035458565e-12,9642.7
2017-06-09,20.101460752313816,12.45997779429114,-20.795923000700622,62.145371998554474,-13.582514521959533,82.85848753430278,-46.99021234202188,9570.45335178522,0.0,9666.65
2017-06-12,-8.45872438537109,3.954175032915499,-28.965854377713818,53.98269993383159,-17.6692206563802,83.564330479478,-44.815723359667366,9576.508317332908,0.0,9618.1
2017-06-13,-15.935475875248093,0.33809074478853157,-32.53418787624185,43.190556795725996,-21.661941431568497,84.19277978223589,-42.649437849566134,9582.559615709873,0.0,9597.5
2017-06-14,25.113804626870827,-21.027502262407697,-28.283889686282674,29.83480416219506,-25.497234392457585,84.74450457526314,-40.49165946794609,9588.607172444765,0.0,9613.0
2017-06-15,-9.63347507202201,-26.841982677991247,-16.026802975661315,14.235656957240971,-29.111791417980292,85.22017399119022,-38.34269187101721,9594.65091306624,0.0,9574.15
2017-06-16,-26.00774886342047,-12.128405038054677,1.4146500714422916,-2.9445733335417996,-32.442304387069456,85.6204570075882,-36.20283855988811,9600.690763102944,0.0,9578.0
2017-06-19,23.82615875287637,8.97331755341796,19.07075505922099,-20.89503383671989,-35.425465881463516,85.94602236571718,-34.07240209658444,9606.726648083535,0.0,9654.15
2017-06-20,5.2473658756011465,23.35230712912881,31.139007166496988,-38.79505898870833,-37.997975060475994,86.19754292351149,-31.95168258223209,9612.75849353668,0.0,9649.95
2017-06-21,-12.325970972112923,36.76145011337392,32.69547503020859,-55.9053595000398,-40.096559288909525,86.37571440950471,-29.840974783033676,9618.78622499101,-1.8189894035458565e-12,9636.45
2017-06-22,7.6060173828048345,23.454124095238576,22.66015098591268,-71.61277359457695,-41.65802300947197,86.48130322849002,-27.74056706357845,9624.809767975183,-1.8189894035458565e-12,9624.0
2017-06-23,7.177668279920754,0.37487801103392626,4.863366023923318,-85.34011766467822,-42.619232613149116,86.51512730920106,-25.650737364113407,9630.829048017862,0.0,9576.15
2017-06-27,-9.28196765621625,-26.347055195852064,-14.897373032159095,-96.50667171610982,-42.91686526453894,86.47769298163676,-23.571750764457438,9636.843990647696,0.0,9509.8
2017-06-28,2.5192628204708987,-39.77172828065025,-30.648712123419273,-104.530138166234,-42.48796232728829,86.36861738434386,-21.50386070055766,9642.854521393334,0.0,9492.8
2017-06-29,-2.2156552405060084,-31.17108987276132,-37.8425334959801,-108.84661771207234,-41.27359838049233,86.18623739839951,-19.447308480028585,9648.860565783441,0.0,9494.25
2017-06-30,-10.618996288855973,-3.2904693695371816,-36.21135137541328,-109.08330130385893,-39.23386313279619,85.92825977467434,-17.402327650877158,9654.862049346666,-1.8189894035458565e-12,9524.95
2017-07-03,23.410329183884283,30.803989549202992,-28.013766403392452,-105.34731160475259,-36.38522940384326,85.59223370407106,-15.369142636818493,9660.858897611648,0.0,9615.55
2017-07-04,-11.795241540719045,29.966749281702256,-15.405192874727902,-97.99614092604597,-32.798925172982145,85.17568319075951,-13.34796806504533,9666.851036107058,0.0,9610.65
2017-07-05,2.3938340472487556,9.106606920578674,-0.3064574056599426,-87.46070802309784,-28.55877957679277,84.67612164785758,-11.339007971681715,9672.838390361547,0.0,9641.35
2017-07-06,14.816576735585745,-16.723992729881527,15.22181981710582,-74.18482675484212,-23.749059067348696,84.09105611404006,-9.342460018419349,9678.82088590376,0.0,9668.95
2017-07-07,-24.281960091945855,-23.491075122917216,29.33260285435339,-58.61345756615546,-18.45403009673664,83.41798257812808,-7.358510817078366,9684.798448262352,0.0,9665.35
2017-07-10,23.205929387792818,-16.04517302395843,40.95343038230115,-41.19428064452816,-12.757959117025393,82.65438297389117,-5.387332924455953,9690.771002965983,0.0,9762.2
2017-07-11,-5.509754209988965,-2.75657041186664,48.68546155067284,-22.38114022957997,-6.745112580308844,81.79772954229017,-3.429089204523905,9696.738475543305,0.0,9786.4
2017-07-12,-14.082634489727207,8.121042273578146,49.88678103922628,-2.6377754104180475,-0.49975693866653803,80.84548663423675,-1.4839346312012165,9702.700791522973,-1.8189894035458565e-12,9822.85
2017-07-13,9.312196258110843,22.700509989937988,41.91525000940379,17.5272315308697,5.893841355814807,79.79511415055016,0.4479802716854657,9708.657876433628,-1.8189894035458565e-12,9886.25
2017-07-14,-7.390937411792512,24.329531914670333,24.279762492430507,37.509994377342395,12.351415851068795,78.6440694001309,2.366507572212774,9714.609655803937,0.0,9886.7
2017-07-17,30.241613858427502,5.949081010328104,-0.21074930485150242,56.66399014818773,18.788700095007513,77.38980811726915,4.271500913085576,9720.556055162546,0.0,9913.65
2017-07-18,-35.97786071614876,-17.578162627879273,-26.126908485651892,74.32190418277064,25.12142763554783,76.02978519779421,6.162814775456433,9726.49700003811,0.0,9828.45
2017-07-19,32.63051809637177,-19.096919172432596,-47.622289373849604,89.83918329199439,31.265332020599438,74.56145507664401,8.040304101383667,9732.432415959287,1.8189894035458565e-12,9902.05
2017-07-20,-17.92126116226731,-11.916038328448593,-60.321057464180136,102.67388568040694,37.136146798100725,72.98227210461079,9.903823917047362,9738.362228454731,-1.8189894035458565e-12,9870.9
2017-07-21,-1.0296376976939543,-4.6729109847797226,-62.56581017059214,112.43947040287304,42.6496055159602,71.2896906325035,11.75322924864793,9744.286363053081,0.0,9914.15
2017-07-24,13.531876225377678,7.487623795214892,-55.45745377505928,118.99222661588986,47.721441722093516,69.481165011112,13.588375122369044,9750.204745283001,0.0,9965.55
2017-07-25,-17.533098060519812,10.217120009996824,-41.53266090543988,122.30070076228864,52.267371364885975,67.55414959125125,15.40911656438601,9756.11730067315,0.0,9964.8
2017-07-26,22.25942070996879,-1.64458443675177,-23.646410203141524,122.38071389187142,56.20549796127092,65.50609872372063,17.215308600882505,9762.02395475218,-1.8189894035458565e-12,10020.3
2017-07-27,-0.30088420630669904,-4.016639905811425,-4.06862948844409,119.24823337859955,59.472014155862084,63.334466759304036,19.006806258063715,9767.924633048733,0.0,10020.6
2017-07-28,-39.118555954941385,-4.259271043224596,15.762794197116845,112.88358444591054,62.0419640684333,61.03675863312992,20.783464562106143,9773.81926109147,0.0,10002.95
2017-07-31,11.576783814881729,2.723374271360464,34.62789272567969,103.24249391854477,63.91572918461982,58.61082313668056,22.54513853918151,9779.707764409053,-1.8189894035458565e-12,10076.95
2017-08-01,40.6375858464348,7.329247095958578,51.075173548690664,90.25817289056405,65.11252901258173,56.05553986015991,24.29168321550099,9785.59006853011,0.0,10120.35
2017-08-02,-7.184579388682262,-7.9357916777557085,62.80780590978432,73.8964036910705,65.6551795441539,53.371929320871324,26.02295361723629,9791.466098983323,0.0,10058.1
2017-08-03,-46.09649342881949,-11.218337571953546,65.61773046489756,54.344364114957024,65.56492852157339,50.563221831447876,27.738804770568702,9797.335781297328,0.0,10003.85
2017-08-04,24.529092951436162,10.06058596118622,56.57939918119296,32.19706071010487,64.86078422640124,47.63494426718776,29.439091701703415,9803.199041000787,0.0,10068.5
2017-08-07,26.679874710362665,29.626496096509864,36.501687566997475,8.458090123384228,63.560259432033156,44.594119011550795,31.123669436816932,9809.055803622345,0.0,10049.6
2017-08-08,9.850212963158443,23.667258064526134,8.509156606953884,-15.753650687271316,61.68042195117241,41.44821340871201,32.792393002083365,9814.905994690665,0.0,9977.1
2017-08-09,-1.8403981825235172,10.48914580710041,-21.67548988171972,-39.31094930030328,59.23824510069237,38.204789298651235,34.44511742370909,9820.749539734392,0.0,9900.3
2017-08-10,36.58031792202283,-33.16713243185478,-46.11676492492601,-61.086593294116106,56.250658084703296,34.87145263412334,36.081697727862256,9826.586364282186,0.0,9850.0
2017-08-11,-66.55046739203671,-37.16154079667326,-57.680607717937725,-79.9661663719852,52.73444370261257,31.45595577258726,37.701988940732505,9832.4163938627,0.0,9712.95
2017-08-14,-2.1355696241605395,-12.061263659884826,-54.15472092942874,-95.01628170496376,48.705933867766994,27.966501957566148,39.30584608852025,9838.239554004584,1.8189894035458565e-12,9790.85
2017-08-16,64.23232956624926,29.719291598976252,-40.957564190521715,-105.88570633466689,44.180764058697605,24.41199086737854,40.893124197397206,9844.05577023649,0.0,9900.65
2017-08-17,54.511644133889604,34.852091568970756,-25.249486383684268,-112.56878763410836,39.174049236540014,20.801842697761145,42.463678293559006,9849.864968087071,1.8189894035458565e-12,9903.85
2017-08-18,-0.451583823988849,12.45031233212156,-12.89796533932402,-115.18195971603663,33.70105088977849,17.145709169275598,44.017363403186934,9855.66707308499,-1.8189894035458565e-12,9834.45
2017-08-21,-59.40247758286768,-17.563781661011372,-5.91885845857634,-113.91786251605801,27.783611438626053,13.453323468535958,45.554034552461076,9861.46201075889,0.0,9751.45
2017-08-22,-28.211716539584607,-28.601121487489753,-4.523527599200551,-109.09086211578983,21.4695433535046,9.734430983553425,47.07354676757466,9867.249706637433,0.0,9775.1
2017-08-23,12.050927662560527,1.466471666044399,-7.2268001532013635,-101.12840589997566,14.833188298263194,5.998777102335604,48.57575507471496,9873.030086249259,0.0,9847.6
2017-08-24,3.18535451676333,23.208123633914735,-9.142575100263352,-90.63008697073269,7.959487084313188,2.2561072128996704,50.06051450006803,9878.803075123038,0.0,9865.7
2017-08-28,53.873159469570105,6.815171319558196,-6.149371949056475,-78.18668060915566,0.9352762085810541,-1.4838332967240533,51.52768006981517,9884.568598787411,0.0,9911.9
2017-08-29,-52.8022937257867,-22.65994449629146,0.5536437260009629,-64.03128833920928,-6.15250770736116,-5.211299038537522,52.97710681015318,9890.326582771031,0.0,9793.0
2017-08-30,16.363203131499745,-17.409147019761907,7.067734667723406,-48.02391179911274,-13.216936705644287,-8.91654462452117,54.40864974725021,9896.076952602567,0.0,9886.35
2017-08-31,-0.2530660680484592,11.546167417628498,9.617701438435427,-29.991693010937414,-20.171082828391988,-12.589824666651852,55.82216390729949,9901.819633810666,0.0,9915.8
2017-09-01,29.91565711544292,24.114280036690264,5.509564275333515,-10.112145773272559,-26.928018117741075,-16.22139377691837,57.21750431650382,9907.55455192396,0.0,9971.05
2017-09-04,-33.09268618934133,13.372407728476373,-5.4480281646894575,10.844469336524115,-33.40081461582836,-19.80150656729757,58.594526001021784,9913.281632471135,0.0,9904.35
2017-09-05,19.853534277762837,-1.6322164433563855,-19.71934914118262,31.86710835345238,-39.50254436477512,-23.320417649783042,59.95308398706453,9919.000800980817,0.0,9946.5
2017-09-06,-1.197648047207152,-17.961919115980592,-31.673599738582958,51.89281166235131,-45.146279406700216,-26.768381636357613,61.29303330079901,9924.711982981677,1.8189894035458565e-12,9915.15
2017-09-07,4.2679040274967806,-27.13731230115261,-35.75833790928459,69.97915813490899,-50.24508787608619,-30.135657046672744,62.614228968431604,9930.415104002357,1.8189894035458565e-12,9924.0
2017-09-08,-25.739178464631912,-18.64701679405569,-28.54263436354227,85.42675434234177,-54.711992620914415,-33.41254768685114,63.91652601613164,9936.11008957152,0.0,9924.4
2017-09-11,0.43641191281695546,6.077053799246881,-10.226777806101188,97.71604125832076,-58.459711509335314,-36.58966234285248,65.199779470084,9941.79686521782,0.0,10005.95
2017-09-12,28.189523081697903,23.247050653959004,16.918974750538137,106.36382289756041,-61.40002968533986,-39.65854252480181,66.46384435647593,9947.475356469911,0.0,10087.6
2017-09-13,-5.866494506201745,16.327266999925556,49.552600808809785,110.88933362962592,-63.44514960879437,-42.61162188130707,67.70857570151263,9953.14548885643,0.0,10085.7
2017-09-14,-8.506828614721762,-15.014468193565836,81.91700870893035,110.8271043367418,-64.52227263390711,-45.44156004088485,68.93382853135743,9958.807187906048,1.8189894035458565e-12,10087.0
2017-09-15,-20.102741851379406,-28.741334249147425,106.63186563599473,105.76456915438057,-64.61125583331764,-48.14093987614762,70.13945787220959,9964.460379147407,0.0,10085.4
2017-09-18,21.27767200656138,-8.09785457739008,118.85727878948161,95.38464059445039,-63.74989123122193,-50.70215244130201,71.32531875025035,9970.10498810917,0.0,10154.4
2017-09-19,-9.038533358798357,28.85573386410827,116.69795123285712,79.71740648690756,-61.997161178070385,-53.117603558651396,72.49126619165861,9975.740940319989,0.0,10149.35
2017-09-20,-6.953103744995017,48.386063824308465,98.29491083562112,59.61103058222396,-59.41358647785775,-55.380631550448626,73.637155222636,9981.36816130851,1.8189894035458565e-12,10139.55
2017-09-21,42.4681901022177,32.71411874631132,63.88059634167077,36.33194001049111,-56.05792673865604,-57.48633593479036,74.76284086936496,9986.98657660339,0.0,10123.6
2017-09-22,-33.376795998041224,10.183406480682562,18.541703080397642,11.206154344024737,-51.98794613792447,-59.43081166044585,75.86817815801726,9992.59611173329,0.0,9963.6
2017-09-25,-22.910878890141714,-23.73490914151678,-29.992056935777875,-14.440306844931161,-47.261221020579455,-61.21034150870201,76.95302211479326,9998.196692226855,1.8189894035458565e-12,9875.6
2017-09-26,41.815855855672034,-50.75588038843124,-73.57748686937768,-39.281423984093145,-41.93529580537235,-62.82124018700368,78.01722776587307,10003.788243612733,0.0,9855.25
2017-09-27,-31.60499304108408,-51.67638894844385,-104.5312447524355,-61.991177501199296,-36.06770850496155,-64.25982880891374,79.06065013744515,10009.370691419592,0.0,9738.3
2017-09-28,5.54251548268436,-45.67870540498067,-118.20847972327851,-81.243972323275,-29.716034974927425,-65.52242848799744,80.08314425569914,10014.943961176077,-1.8189894035458565e-12,9760.2
2017-09-29,-9.904125788301503,-7.293784968091765,-116.05444036078154,-95.84648239496477,-22.93834970771657,-66.60536033779972,81.08456514681752,10020.50797841084,-1.8189894035458565e-12,9782.95
2017-10-03,2.8656413737302002,35.14900891680569,-102.81445252969007,-105.27549519064048,-15.797193587833371,-67.50494547189899,82.06476783698996,10026.062668652537,0.0,9854.75
2017-10-04,31.880772433506518,47.28037278431575,-82.9641295525889,-109.74784372652799,-8.363231717072308,-68.21750500384618,83.02360735238577,10031.607957429827,0.0,9924.5
2017-10-05,-41.12261572885694,46.9385933034227,-60.681496977738455,-109.70535821994156,-0.6944713202478437,-68.73936055054797,83.96093922255993,10037.14377027135,0.0,9887.1
2017-10-06,26.390120268472142,39.10437504433424,-38.32005103481555,-105.59772433950376,7.143462107628209,-69.06683840095145,84.87662364906481,10042.670032705772,0.0,9987.2
2017-10-09,3.536772853421659,18.330447017625467,-15.888461439960677,-97.85378970310697,15.064105020798337,-69.19628409144327,85.7705400809258,10048.18667026174,0.0,9987.95
2017-10-10,24.74075533996945,-24.93257593156384,6.701095370067417,-86.89674655035132,22.97533849524025,-69.12409349341875,86.64261830214227,10053.693608467915,0.0,10013.8
2017-10-11,-39.443299478751435,-53.28071198161769,27.351856502888285,-73.1495464468513,30.78480293290894,-68.84674426156393,87.49286988005453,10059.190772852933,0.0,9970.1
2017-10-12,18.770070801858854,-29.990747409587726,43.21650069696206,-57.034644101829095,38.400138735736675,-68.36078344622003,88.32137577761388,10064.678088945466,0.0,10098.0
2017-10-13,-4.169230584681494,15.719776562345208,51.825525519242724,-38.97599893681181,45.728986305699976,-67.66278610730511,89.1282449673472,10070.155482274164,0.0,10161.75
2017-10-16,5.674461095117473,44.47736726483257,50.874118330593184,-19.442070220029176,52.67898604472632,-66.74933967386264,89.91359879094746,10075.622878367674,0.0,10233.05
2017-10-17,2.9337869274983968,29.733565015349928,39.46326660944482,0.9208733231501333,59.15777835475995,-65.61703560843048,90.67756262357571,10081.080202754652,0.0,10238.35
2017-10-18,6.5456198916397526,-13.508771589373625,21.7970068259539,21.207963803416078,65.07300363777975,-64.2624658435166,91.42026231034879,10086.527380963751,0.0,10214.8
2017-10-23,-9.383138082430445,-35.48012343749946,4.060678178154294,40.34634113765531,70.33230229570366,-62.68222231160266,92.14182369640022,10091.964338523618,0.0,10191.3
2017-10-24,-19.282879951964368,-26.493710259212502,-7.964893748753381,57.237692584880435,74.84331473049384,-60.87289694518467,92.84237262681215,10097.391000962929,0.0,10207.7
2017-10-25,19.420305930908796,-1.4854597565961043,-11.213827750835325,71.01705315211619,78.51368134411246,-58.83108167675624,93.52203494674444,10102.807293810307,-1.8189894035458565e-12,10293.75
2017-10-26,5.373591827321333,27.975049902907205,-5.381612967270793,81.24121804165603,81.25104253848819,-56.553368438809805,94.18093650128043,10108.213142594428,-1.8189894035458565e-12,10336.3
2017-10-27,-16.38966341657408,2.026197756291441,8.206250020277698,88.00284903278286,82.96303979155998,-54.036349163823424,94.81920313554647,10113.60847284394,0.0,10319.2
2017-10-30,18.401402105336203,-17.068549942178382,25.605791506411386,91.59858530260307,83.55929803690873,-51.276697791239016,95.43696069466776,10118.99321008749,0.0,10365.25
2017-10-31,-32.60001004053751,-17.460264995725012,42.62915589236073,92.33541316990708,82.96611396264743,-48.27202286614856,96.0343350237623,10124.367279853734,0.0,10340.0
2017-11-01,32.8989387916443,-0.4554662778225828,56.14612891499983,90.48827416862191,81.15342118162886,-45.02335641834111,96.61145196793733,10129.73060767133,0.0,10441.55
2017-11-02,-19.422835951567453,25.87365612176259,63.81516900727709,86.3345863057112,78.13456879461934,-41.536700719046365,97.16843737231684,10135.083119068928,0.0,10425.45
2017-11-03,10.766243328124478,24.68800537657177,63.69201595048577,80.23055154376914,73.96496387392081,-37.82193673006735,97.70541708200929,10140.424739575186,0.0,10453.65
2017-11-06,25.60648756498106,3.986965392556591,54.817204008587,72.58115164250687,68.7206100899778,-33.89033035949692,98.22251694214104,10145.755394718746,0.0,10435.8
2017-11-07,-21.99262443919886,-10.181747904463151,37.28782988378868,63.76326530964269,62.48202538649094,-29.753621062374567,98.71986279784682,10151.075010028268,0.0,10351.4
2017-11-08,-23.15170638895235,-14.704559437294785,12.040408384002905,54.128258964592085,55.33020569993788,-25.42369874889537,99.19758049419565,10156.383511032413,0.0,10313.8
2017-11-09,2.538223986269656,9.099875172032279,-18.831649158985872,44.02322706027653,47.34617578691407,-20.912471982672223,99.65579587634018,10161.680823259825,0.0,10324.6
2017-11-10,41.30062979344383,20.04424089621733,-50.18075284457008,33.79526404960317,38.61096040406276,-16.23184932731562,100.09463478940081,10166.966872239158,0.0,10334.4
2017-11-13,-15.862202759593275,0.5801648120861648,-76.47707797709782,23.791464385486307,29.205666389086108,-11.393821427509296,100.51422307847285,10172.24158349907,0.0,10222.6
2017-11-14,9.96165702796543,-42.91381655086243,-90.97735380659134,14.358922520848633,19.211899289658906,-6.41087763792517,100.91468658869701,10177.504882568208,0.0,10181.65
2017-11-15,-40.041045610616365,-39.851793678076994,-87.78879453793793,5.763030345981272,8.712295454364217,-1.2965381141135335,101.29615116516379,10182.756694975234,0.0,10129.55
2017-11-16,18.68654933373,-9.592110553685071,-66.97921738227834,-2.0461778654500065,-2.208801872331075,3.9340694382064356,101.65874265301991,10187.99694624879,0.0,10231.45
2017-11-17,12.029753413847311,14.083209706793467,-33.23747390788433,-9.153020224502367,-13.464313114281426,9.263695311122591,102.00258689736185,10193.225561917543,0.0,10274.75
2017-11-20,-9.117330350838255,23.609650920084523,7.702707583272638,-15.624195055537564,-24.96412787344733,14.673017523017768,102.32780974330521,10198.442467510142,0.0,10297.05
2017-11-21,1.3653240983386974,2.375982653737236,49.2266334103598,-21.524973551163345,-36.616562532402035,20.141470329911517,102.63453702901616,10203.647588562202,0.0,10321.25
2017-11-22,8.239414738079986,-7.349176225601678,83.7980886754151,-26.92139986182753,-48.3283546687561,25.647682140712742,102.9228945647314,10208.840850637247,0.0,10346.85
2017-11-23,-13.55765394159768,2.2379815958239604,105.7699635200437,-31.880578024927544,-60.004788812855246,31.169888204013912,103.19300814745104,10214.022179312047,1.8189894035458565e-12,10350.95
2017-11-24,5.606135917355712,23.933245193086123,112.44678979756273,-36.45866842998548,-71.5501820352497,36.68617581967054,103.4450035429115,10219.191500194647,0.0,10393.3
2017-11-27,2.0167225039851813,53.164471682703464,102.77152638023271,-40.636386831239,-82.86909574190325,42.17501659628869,103.67900648024639,10224.348738929686,0.0,10404.65
2017-11-28,-9.06080698268407,52.77188487914732,77.22046990915956,-44.26857971909654,-93.86751261777587,47.615580680877166,103.89514265192794,10229.493821198444,0.0,10363.8
2017-11-29,29.125413407255458,41.75827914379762,39.69501386295189,-47.186457091593624,-104.45064680742814,52.988187052355535,104.09353771555908,10234.626672717102,0.0,10350.65
2017-11-30,-16.152124501800554,10.448577018062362,-3.3954578072389268,-49.22478837168436,-114.52252004725513,58.274777179343374,104.2743172985825,10239.747219231991,0.0,10229.45
2017-12-01,-36.51920049771201,-37.24124423182345,-44.98434426287117,-50.223390340333786,-123.98352880617759,63.458714621051875,104.437607022296,10244.85538649557,0.0,10119.8
2017-12-04,40.788102276788706,-65.09197354958327,-78.09797510052113,-50.03153532052263,-132.7256248308587,68.52437375637382,104.58353250800573,10249.951100260318,0.0,10137.9
2017-12-05,37.26899929581784,-62.05886961176035,-97.12574801234543,-48.50829707495359,-140.6292744890794,73.45668423661385,104.71221936417693,10255.03428629153,0.0,10122.15
2017-12-06,-66.98114995889881,-41.511903808091,-101.92518696184003,-45.53471458238051,-147.56646783097284,78.2407595883947,104.82379314786091,10260.104870405929,-1.8189894035458565e-12,10039.65
2017-12-07,8.647372038047354,1.8494790313410343,-96.20822792988464,-41.12789393731789,-153.40379987274886,82.86191283421405,104.91837939235549,10265.162778443995,-1.8189894035458565e-12,10172.7
2017-12-08,28.48785968606629,54.689338129355775,-84.30822292060401,-35.52134258863248,-158.0073569011329,87.30568471780906,104.99610358712285,10270.207936290017,-1.8189894035458565e-12,10267.85
2017-12-11,60.61094433965866,53.64145587813996,-69.73173156124973,-29.081442925559717,-161.2446420803444,91.55805529939795,105.05709121071499,10275.240269839242,0.0,10326.05
2017-12-12,-15.446746618578608,15.338326997863149,-53.867209720884915,-22.254235503679997,-162.98790973159007,95.60660184832605,105.1014677416612,10280.259704986884,0.0,10241.75
2017-12-13,-48.081635701953765,-23.374373283638626,-37.00498395584035,-15.504316505757181,-163.12176221855265,99.44154537904849,105.1293586585147,10285.26616762818,-1.8189894035458565e-12,10202.75
2017-12-14,-8.593513341667412,-40.81719048542217,-19.357329899896094,-9.293920128385414,-161.54314144917464,103.05462220638489,105.14088943978685,10290.259583658373,1.8189894035458565e-12,10258.85
2017-12-15,2.712244058039687,-19.299955245956415,-1.1710410268599376,-4.097367452572389,-158.1578737460425,106.4379288766594,105.13618556404519,10295.239878972687,0.0,10326.8
2017-12-18,-1.3826944329825002,13.269858172178669,17.27455622167123,-0.3899391840247012,-152.87773395279208,109.58360119979383,105.1153725097927,10300.206979466362,0.0,10390.8
2017-12-19,33.38827061056781,22.16685540081924,35.478673449536444,1.373972790339189,-145.6309362689903,112.48377722750466,105.07857575560293,10305.16081103462,0.0,10469.5
2017-12-20,-4.845143029401185,2.1370252532991256,51.254025647454476,0.7922803581279622,-136.39600359371812,115.1305950115418,105.02592077999797,10310.1012995727,-1.8189894035458565e-12,10443.2
2017-12-21,-34.7233533869294,-6.179525049450789,60.715958815493174,-2.443178216647822,-125.22199880347236,117.51619260365997,104.95753306150475,10315.028370975842,0.0,10429.65
2017-12-22,10.43389870511947,-9.524471302709895,61.9013626958108,-8.456648263345006,-112.20233910840807,119.63270805558759,104.87353807868124,10319.941951139264,0.0,10486.6
2017-12-26,37.15750042170811,-2.438059641453955,54.23740447111281,-16.97327221906706,-97.47187971964144,121.47227941907337,104.77406131005793,10324.84196595821,0.0,10525.6
2017-12-27,-21.504900622044136,9.03242746330112,38.68813830658943,-27.323927831139134,-81.20635162465109,123.02704474587802,104.65922823415933,10329.728341327907,0.0,10475.1
2017-12-28,-29.46967120593862,17.66335921582059,17.80504507223548,-38.81703593496231,-63.60100670800892,124.289142087712,104.5291643295482,10334.601003143593,1.8189894035458565e-12,10467.0
2017-12-29,42.86355486538389,14.803544680360504,-4.644704073953745,-50.805102121492574,-44.86187522187216,125.25070949634436,104.38399507473113,10339.459877300498,1.8189894035458565e-12,10526.45
2018-01-01,-23.659033393227457,-6.233597170806871,-24.25680615032761,-62.63140897956927,-25.201774971702022,125.90388502350592,104.22384594828283,10344.304889693845,0.0,10432.45
2018-01-02,-4.431716520412808,-20.54639232417937,-36.468106901834766,-73.59036221897746,-4.839037403133169,126.24080898681393,104.0488401628306,10349.135966218893,-1.8189894035458565e-12,10439.55
2018-01-03,-0.5318450566986113,-32.284909695492026,-37.71805988836659,-82.78602039330741,16.005079628054414,126.25366459768581,103.85905803727807,10353.953032770847,0.0,10446.75
2018-01-04,2.2774156215498955,-4.4698147651014,-28.908518654871795,-89.0030327772198,37.108720372699814,125.93482119750817,103.6543937604868,10358.75601524495,-1.8189894035458565e-12,10505.35
2018-01-05,-8.457710760752988,27.158301968871587,-16.898449894748612,-90.95855466909059,58.25018417024838,125.27688713984989,103.43450250918862,10363.544839536435,0.0,10561.35
2018-01-08,12.780190761227454,26.881749145758256,-9.358103856839387,-87.45511513410248,79.21033730504813,124.27256525741336,103.1989449809532,10368.319431540542,0.0,10617.85
2018-01-09,-3.4917617403210217,21.856514277340473,-11.16998371130963,-77.61413553604619,99.77780930157657,122.91457697569226,102.94726328056966,10373.079717152497,0.0,10628.3
2018-01-10,-8.760138514953626,-3.1780492706954178,-22.605956081875036,-61.503335029251005,119.74721339624406,121.19564561583411,102.6789976171709,10377.825622267525,1.8189894035458565e-12,10625.4
2018-01-11,-0.49585210226297854,-10.70199535296064,-41.210437140614864,-40.16527676325775,138.91430587934985,119.1084944990235,102.39368819984917,10382.557072780874,0.0,10650.4
2018-01-12,-8.19991202512151,-10.468529699824396,-62.06343888606887,-15.053692246005214,157.07485608508716,116.64584694643301,102.09087523772301,10387.273994587775,1.8189894035458565e-12,10667.3
2018-01-15,25.371123359504093,-7.15786865247261,-79.25717434495856,12.3224474876377,174.02463334772213,113.80042627918749,101.77009893992893,10391.976313583451,0.0,10732.85
2018-01-16,-27.836138022316746,-12.237074365340094,-87.51862883046442,40.522623219494434,189.55940700141807,110.56495581849303,101.43089950442781,10396.663955674287,1.8189894035458565e-12,10711.15
2018-01-17,24.396668196248584,-27.583033240020384,-83.5362987260988,68.20589460811148,203.47494638041965,106.93215888548995,101.0728170735967,10401.336846822254,-1.8189894035458565e-12,10794.3
2018-01-18,-7.4342781075146025,-23.22576858665718,-66.52279282220469,94.130755116968,215.56702081892965,102.89475469055508,100.69539584534624,10405.994913044577,1.8189894035458565e-12,10822.1
2018-01-19,-2.912706458726835,-10.85364501664747,-38.276215198862864,117.07944420293543,225.63139965115204,98.44541230280132,100.29823014784505,10410.638080369505,-1.8189894035458565e-12,10900.05
2018-01-22,-20.332681186324027,3.0473433321017533,-1.9886845258260746,135.83618024287014,233.4638522113183,93.57665420370722,99.88106088628847,10415.266274835865,-1.8189894035458565e-12,10958.75
2018-01-23,28.982667251155295,20.291831439479683,38.625798637433384,149.18550051517153,238.86014783363962,88.28093843886599,99.44369332107844,10419.879422563175,0.0,11083.55
2018-01-24,-2.3745689296766366,4.983872266380283,78.49859307530467,155.91184737863819,241.61551395889276,82.55135218243247,98.98594014873134,10424.477449919297,0.0,11084.65
2018-01-25,-28.894854226670333,-16.841436204210478,110.01256926452871,154.7637444831508,241.5539477282909,76.38813161708369,98.50761363869536,10429.06028369913,1.8189894035458565e-12,11064.55
2018-01-29,37.37040796920246,-22.97308428959203,125.77315383676387,144.4228810046366,238.65952043198277,69.81074428899561,98.0085256357667,10433.627851122244,0.0,11124.7
2018-01-30,-31.11685597472081,4.078887253184052,120.53609246692595,124.3442535538501,233.09504570917966,62.84400959863034,97.48848726206181,10438.18008013089,0.0,11049.45
2018-01-31,-27.11235145553588,49.74234785965685,91.67939826147877,96.15190924456799,225.0615533118983,55.5129344709324,96.94730881441082,10442.716899492592,0.0,11030.7
2018-02-01,61.90917099899552,49.38266081259317,40.845465466178275,62.23672804290589,214.7604102839568,47.842525830836756,96.38479941378733,10447.238239150747,0.0,11020.6
2018-02-02,-62.11677101255911,5.8905032651564415,-21.123806834903917,25.05450307997732,202.39298366914096,39.85779060328076,95.80076701667411,10451.744030213233,0.0,10737.5
2018-02-05,57.490998125738805,-47.36320771991083,-77.61241748464873,-12.938972513126899,188.16064051126295,31.58373571321254,95.19501895636066,10456.234204411112,0.0,10690.75
2018-02-06,-19.760385685239328,-48.92450420762702,-112.26337648312625,-49.28790560529084,172.2647478541289,23.04536808554673,94.56736217196745,10460.70869386964,1.8189894035458565e-12,10520.35
2018-02-07,-52.842370986375876,-17.7943640283295,-116.51064254232298,-81.6120241464107,154.90667274152582,14.267694645251776,93.91760341751115,10465.16743089915,0.0,10459.5
2018-02-08,55.04191920433637,22.957231822277954,-95.09344199986886,-108.02511081826017,136.28778221726822,5.275722317232752,93.24554938394078,10469.610347873073,0.0,10579.3
2018-02-09,-49.02340701432448,22.196878681392512,-58.135457493783484,-127.53029945189596,116.60944332515629,-3.905541973552659,92.55100659638269,10474.037377330624,0.0,10466.8
2018-02-12,41.30971225770233,0.8797578412729384,-20.685460305754933,-139.5081749910493,96.0730231089878,-13.251091302174272,91.83378143391066,10478.448451957105,0.0,10535.1
2018-02-14,-42.55750519896802,18.405782876328804,1.4076980562821462,-143.5355621842269,74.87832048087911,-22.735918743698317,91.09368024767986,10482.843504465722,0.0,10459.8
2018-02-15,38.92277072907244,43.346868220733235,8.884856962856647,-139.88012452335175,53.20766902534348,-32.335017373180264,90.33050938883943,10487.222467569687,0.0,10549.7
2018-02-16,-8.855705894082185,9.434925743333492,10.463385619143525,-129.50115382427356,31.202579430822585,-42.023380265688736,89.54407520853975,10491.585273982206,0.0,10451.85
2018-02-19,-13.84776968898236,-37.5816932991182,11.306303119266222,-113.83360263484914,9.0167225255426,-51.77600049629115,88.73418405793717,10495.931856416495,0.0,10387.95
2018-02-20,-11.596629105423709,-64.53915202790748,14.806666286544447,-94.43033454004785,-13.185469347076765,-61.56787114002624,87.9006422881689,10500.262147585769,0.0,10357.65
2018-02-21,28.92561812494129,-68.83551325642777,22.851339670769462,-72.7997730573447,-35.237022663584234,-71.37398527199014,87.04325618000348,10504.576080273631,1.8189894035458565e-12,10395.15
2018-02-22,-34.02633949288873,-28.55728635381067,33.67103177147117,-50.1876788645975,-56.965810370830155,-81.16933596722275,86.16183173250165,10508.873587545377,0.0,10377.8
2018-02-23,4.383383325817466,42.811297767248405,43.46104853276444,-27.396538829384237,-78.19105190668377,-90.9289163007951,85.25617487435193,10513.15460253668,0.0,10492.55
2018-02-26,30.088598269857865,101.17357577730823,47.930617415944724,-4.886676202413736,-98.72354583038906,-100.62771934776742,84.32609153421765,10517.419058383242,0.0,10576.7
2018-02-27,3.3098561267451405,111.22543336543748,43.032099370293096,17.053702136329154,-118.36862867712446,-110.24073818320478,83.37138764078975,10521.666888220734,0.0,10551.05
2018-02-28,-22.809350605522337,93.32622864239067,27.81375907649597,38.00212402026496,-136.92968955904416,-119.74296588217578,82.39186905536363,10525.898025252229,-1.8189894035458565e-12,10487.95
2018-03-01,13.359172843020161,44.963661228834006,6.264904798518544,57.1819662502234,-154.21005392087383,-129.1093955197287,81.38734136971154,10530.112402950295,0.0,10449.95
2018-03-05,19.667511913411825,-26.34344954144004,-16.03876825919386,73.69889270349661,-170.03673160849672,-138.31502017093698,80.35761010828436,10534.309954854874,0.0,10357.3
2018-03-06,-18.04662442006863,-97.76741532747701,-33.41830794874506,86.6415893441445,-184.267504038381,-147.33483291086205,79.30248079548639,10538.490614505903,0.0,10223.6
2018-03-07,-31.523490713959806,-127.73132139114337,-40.19824028355439,95.04643253898506,-196.77562773483538,-156.14382681455817,78.22175891160775,10542.654315487458,0.0,10163.55
2018-03-08,34.984420516975426,-115.9940933260648,-32.39784184954441,98.00719665288044,-207.44892835769454,-164.7169949571083,77.11524965174704,10546.80099166881,0.0,10236.35
2018-03-09,-45.03172699907911,-45.17914771894913,-13.051773545176223,95.40452507818026,-216.22588153163642,-173.0293304135536,75.98275759760675,10550.930577532607,0.0,10229.8
2018-03-12,46.834761609312274,52.49348359324453,10.887613962515317,87.63747555832315,-223.11460335684308,-181.05582625896147,74.82408495004789,10555.04300994236,1.8189894035458565e-12,10423.55
2018-03-13,-0.842858195027636,103.09639371518975,31.86415378773868,75.22330063237837,-228.14677404337078,-188.7714755684077,73.6390228163821,10559.138236855119,0.0,10425.2
2018-03-14,5.215455395335976,100.61329249676743,43.01939690097884,58.66651488218325,-231.3569567901722,-196.1512714169394,72.42734110581638,10563.21622742603,0.0,10415.65
2018-03-15,22.010031326626002,47.837163428911076,41.221916653144014,38.665225862673026,-232.7798637776579,-203.1702340315198,71.1887900749996,10567.276970462824,0.0,10352.25
2018-03-16,-14.422649611145431,-9.280074323101523,28.296885102331714,16.46585490343555,-232.44995087879872,-209.8036399464957,69.92310713084748,10571.320467622927,-1.8189894035458565e-12,10220.05
2018-03-19,-61.0317148839433,-43.24958799831914,7.155212492632418,-6.472220191636059,-230.4004407864002,-216.02799887641018,68.6300242866902,10575.346725957388,-1.8189894035458565e-12,10093.95
2018-03-20,16.71879083193452,-30.302175219091826,-17.730210640908673,-28.6670543159512,-226.65957094668204,-221.82480578238864,67.3092727498706,10579.355753323218,0.0,10138.2
2018-03-21,55.355599124412166,-15.71053190234202,-36.93564917443537,-48.63642492140026,-221.24463517291213,-227.18649925848806,65.96058372776145,10583.347557577406,-1.8189894035458565e-12,10154.95
2018-03-22,39.373317264937256,-30.840450970175468,-42.59180398559896,-64.9184521366854,-214.16722673351356,-232.1112184436447,64.58368842770798,10587.322146576971,1.8189894035458565e-12,10106.65
2018-03-23,-70.04295809886992,-41.473198861421274,-37.75342681966015,-76.35216750026342,-205.4380249756874,-236.5980699800865,63.178318057097286,10591.279528178891,0.0,9986.8
2018-03-26,58.54195390656522,-28.222142928563358,-28.02721691736956,-82.7266235045793,-195.08368770279648,-240.64619691671007,61.74420382326864,10595.219710240184,0.0,10140.8
2018-03-27,35.12864734018457,19.39481313991518,-18.678729119862815,-84.26340406768098,-183.20036254156625,-244.25474230243114,60.281076933595976,10599.142700617844,1.8189894035458565e-12,10183.55
2018-03-28,-70.4682202370175,41.6304948961928,-13.115547663770323,-81.28435275555411,-169.92670081801907,-247.42284918613677,58.78866859542455,10603.04850716888,0.0,10121.25
2018-04-02,23.566630624843985,21.512860281627532,-12.439158210641262,-74.28000383130698,-155.41451601419544,-250.1496641452806,57.266713544663766,10606.937137750288,0.0,10217.0
2018-04-03,67.1637556428579,-20.08766285924871,-12.865410713501339,-64.08306806011599,-139.81682698897654,-252.43438673697753,55.71499949690227,10610.80860021906,0.0,10244.4
2018-04-04,-70.29010006690852,-39.45246988588826,-9.956788679143639,-51.634150107426635,-123.28649134219411,-254.27641892720254,54.13351657654455,10614.66290243222,0.0,10119.9
2018-04-05,61.72874252328412,-4.050682671581226,-1.58584799905216,-37.812995229352566,-105.9763610961598,-255.67537789996146,52.52247012607257,10618.50005224675,0.0,10327.65
2018-04-06,-24.71652933828101,31.4551169492557,9.063369453044746,-23.383910959156438,-88.03928827320676,-256.6309349798461,50.882119628536266,10622.320057519653,1.8189894035458565e-12,10320.95
2018-04-09,-2.579421018389307,18.58377055419739,17.83130237940222,-9.05041620302934,-69.62812489565144,-257.14276586463836,49.21272894016749,10626.122926107942,0.0,10373.35
2018-04-10,6.17504590443495,-1.7244625250198249,23.091674209298482,4.490783863396455,-50.89572298580784,-257.2105638732977,47.51457953838263,10629.908665868614,0.0,10401.35
2018-04-11,-1.7761185931961092,-16.461008306987633,25.08193508330122,16.56891114839947,-31.994934566005558,-256.8340869215326,45.78801749735424,10633.677284658666,0.0,10414.05
2018-04-12,0.92653633951875,-10.756292100699964,24.99555179186968,26.613786856028398,-13.078669188013846,-256.0132013848198,44.03349735102215,10637.428790335094,0.0,10454.15
2018-04-13,-4.66434717562749,-4.321620202771024,24.07343680823605,34.245984802815514,5.699655017770974,-254.74787239597336,42.251572390639446,10641.16319075491,0.0,10483.7
2018-04-16,2.63376311028271,10.525968810059034,21.75261486893918,39.317817149112386,24.184611466811333,-253.0380879716062,40.44281879128681,10644.880493775116,0.0,10530.7
2018-04-17,9.282915509878666,0.7220769456208198,17.099973202528563,41.926305340149256,42.214045149413536,-250.88383694684148,38.607813546542005,10648.580707252708,0.0,10547.55
2018-04-18,-14.455540056045358,-1.2595426935361238,9.639545656417855,42.38897175125633,59.610700804033314,-248.285108156806,36.74713364999955,10652.26383904468,1.8189894035458565e-12,10536.65
2018-04-19,4.911287441331903,0.06565278457967112,0.2180802401583346,41.16883124112946,76.18678562614608,-245.24189043663122,34.86135609523362,10655.929897008053,0.0,10568.1
2018-04-20,-0.48344030213860456,7.921625507881831,-8.949975997248568,38.832465232579246,91.75355130472315,-241.75417262144273,32.95105787583753,10659.578888999808,1.8189894035458565e-12,10579.85
2018-04-23,-3.4950159935223177,3.0516541453086017,-15.251904726049228,35.962191926133194,106.1273793321468,-237.82194354638168,31.016815985398612,10663.210822876965,0.0,10582.8
2018-04-24,26.526877074596634,-4.200661175522416,-16.661034680288598,33.11226971990155,119.13282719386201,-233.44519204655444,29.059207417495838,10666.82570649651,0.0,10620.35
2018-04-25,-30.9800728318894,-22.327945931057556,-12.379899102227384,30.755702253980978,130.60376568712007,-228.6239069570985,27.078809165714155,10670.423547715456,0.0,10564.55
2018-04-26,-16.61015335196835,-8.562865733431977,-4.654773262816481,29.272897882932995,140.38241896398887,-223.35807711314789,25.076198223649257,10674.004354390794,-1.8189894035458565e-12,10615.55
2018-04-27,13.638810147850979,18.30115160168172,2.498580648005644,28.96243325076349,148.3266297371139,-217.6476913498197,23.051951583752757,10677.568134380652,0.0,10694.7
2018-04-30,26.698406939689985,34.065046988972085,5.2043337531729215,29.973792623248524,154.32961641552325,-211.49273850225865,21.00664623250829,10681.114895549143,0.0,10740.9
2018-05-02,15.73611332665016,10.32973317217848,1.6210184725606687,32.086048154609735,158.33478936280994,-204.89320740557596,18.940859145839593,10684.644645770926,0.0,10716.8
2018-05-03,-5.3473013581540405,-21.560168085435482,-5.293192241114629,34.52133781209123,160.31585522369937,-197.84909157142192,16.855167282933323,10688.157392937403,-1.8189894035458565e-12,10669.8
2018-05-04,-44.19308805742845,-42.43009117169642,-11.128433338369629,36.293434656246646,160.26544704362806,-190.36056167532422,14.750147592189082,10691.653144950755,0.0,10614.85
2018-05-07,34.41711245883817,-19.973482637565468,-11.736242995924416,36.5041654636831,158.20934070460356,-182.42917972881483,12.626377015227957,10695.131909719952,0.0,10722.75
2018-05-08,-5.470546136488249,0.43927818173705585,-4.5114603332637415,34.597277915409045,154.2281005277602,-174.06077780278665,10.484432492326095,10698.593695155305,0.0,10714.3
2018-05-09,17.828753445496055,-3.5728059153362755,10.248802946685148,30.49599285658173,148.45233241589008,-165.26647588020077,8.324890963778763,10702.038509167105,0.0,10748.55
2018-05-10,-29.092679615639508,-8.86326213395995,27.40296951202077,24.31377480645615,141.03355160841485,-156.0590432128207,6.148329369888409,10705.46635966564,1.8189894035458565e-12,10710.35
2018-05-11,18.66338554231412,24.43036429222289,40.75771921493663,16.19293321743251,132.1244545608053,-146.45143603985568,3.9553246509287843,10708.877254561214,1.8189894035458565e-12,10798.55
2018-05-14,-9.847087569630133,55.38059240179402,45.812005581709094,6.315783162914528,121.87780365472787,-136.45675274283536,1.7464537471987458,10712.27120176412,1.8189894035458565e-12,10797.1
2018-05-15,9.85692275060297,60.42058321274574,39.23820745829355,-4.994686276759967,110.44821507891899,-126.08974500745488,-0.47770640100643463,10715.64820918466,0.0,10804.05
2018-05-16,-5.158876942180862,45.06087679251932,21.103916520276048,-17.172787699715094,97.99589585983762,-115.37073041044938,-2.7165788534034405,10719.008284733116,0.0,10742.75
2018-05-17,4.741402406895076,9.12499691161914,-4.4558264679980235,-29.553448996012275,84.68608312415495,-104.32505662876153,-4.96958666969461,10722.351436319797,0.0,10677.6
2018-05-18,0.03738240493436793,-18.07324221716108,-32.20171756481827,-41.45988422755807,70.68643326003496,-92.9804906008339,-7.23615290958467,10725.677671854986,1.8189894035458565e-12,10604.45
2018-05-21,-30.0482546123768,-35.19978506367488,-56.457754874417496,-52.21524148596475,56.1654642169777,-81.36572679673466,-9.515700632803458,10728.986999248993,1.8189894035458565e-12,10520.35
2018-05-22,46.55989100699478,-62.66226497469512,-71.75879011654386,-61.14242219411084,41.29152246349665,-69.50970969820972,-11.807652899036572,10732.279426412106,-1.8189894035458565e-12,10543.25
2018-05-23,-52.02950317489434,-67.07942495639304,-74.96608811684858,-67.60896258973567,26.23186223597653,-57.441411884717986,-14.111432768011456,10735.554961254624,0.0,10428.55
2018-05-24,15.164859248995628,-32.52705935634288,-66.36605332673814,-71.26775063188215,11.148661614283327,-45.189805935729176,-16.42646329942088,10738.813611686835,0.0,10533.35
2018-05-25,35.46559436944974,10.970482525139584,-49.680529545482,-72.2625708386258,-3.812350000818257,-32.78384457572695,-18.752167552979145,10742.055385619044,0.0,10611.2
2018-05-28,49.23045100962294,48.92634643692113,-29.5513841389505,-70.92308169078981,-18.522271429362142,-20.252382560585573,-21.087968588395757,10745.28029096154,0.0,10683.1
2018-05-29,-28.668231153733693,52.97533498205069,-10.314587466800283,-67.61253244878294,-32.860974357872855,-7.624055714093195,-23.433289465395767,10748.48833562463,-1.8189894035458565e-12,10630.95
2018-05-30,-58.0654498983272,48.37044676617678,4.859177564018959,-62.71333740016908,-46.7161713997867,5.073360093149141,-25.78755324365521,10751.679527518594,0.0,10616.7
2018-05-31,55.32762346458069,33.29960272075637,15.377984150132962,-56.63948755492782,-59.9836792912061,17.81426493983264,-28.150182982901534,10754.853874553733,-1.8189894035458565e-12,10731.9
2018-06-01,17.66679465720629,10.066656028167555,23.066607237434802,-49.85166818041377,-72.56575096158522,30.5765783216917,-30.520601742858595,10758.011384640356,1.8189894035458565e-12,10686.45
2018-06-04,-22.067688046448207,-28.308280348609777,30.52769411467795,-42.8311004567296,-84.36523122443074,43.34077285601392,-32.898232583216775,10761.152065688742,0.0,10624.55
2018-06-05,-42.662294782924405,-45.16611079874631,39.830464122693854,-36.05120094214201,-95.28245192345183,56.08816727905502,-35.2824985636808,10764.275925609196,0.0,10605.75
2018-06-06,4.834703935443872,-32.72037598715715,52.36985262569268,-29.928568636783783,-105.21600690465068,68.80024539941675,-37.67282274396496,10767.382972312003,0.0,10687.85
2018-06-07,34.52488095039295,-12.941140760449306,67.65298135001856,-24.835853508080316,-114.06396174491438,81.45850818934862,-40.06862818378714,10770.473213707472,0.0,10762.2
2018-06-08,-7.803233321070927,1.0852382395385236,83.79953493452489,-21.12740332035642,-121.72591291676895,94.04445662108819,-42.4693379428437,10773.546657705889,0.0,10759.35
2018-06-11,-28.977790436423376,22.452298484123077,97.46262122920541,-19.14651058175277,-128.109166624569,106.53961079270931,-44.87437508085133,10776.60331221756,0.0,10781.95
2018-06-12,15.892805379765548,31.80509472434705,105.71594473013009,-19.215511764951774,-133.13413341157914,118.9257778470414,-47.28316265752431,10779.64318515277,1.8189894035458565e-12,10852.35
2018-06-13,14.94806817139015,27.77972790920938,106.51499813253493,-21.602190496095236,-136.74804372110958,131.18627931479898,-49.69512373254944,10782.66628442182,0.0,10855.05
2018-06-14,-25.548531266000175,24.497144125008194,99.64626654056109,-26.424987786881164,-138.9402258714746,143.30739768944127,-52.10968136566492,10785.67261793501,0.0,10810.1
2018-06-15,6.163886343915904,5.445537308153885,88.16107433551598,-33.59027904244135,-139.74326889536647,155.27711496415188,-54.52625861655517,10788.662193602626,0.0,10815.85
2018-06-18,24.693908735841372,-24.815252222936724,75.50392321382832,-42.894623063931775,-139.21441059643166,167.08571314360339,-56.94427854494044,10791.635019334968,-1.8189894035458565e-12,10795.05
2018-06-19,-33.77667642027634,-41.32576452879875,63.913363720214335,-54.038104116179866,-137.4255204201301,178.7247629333582,-59.363164210524275,10794.591103042336,0.0,10711.3
2018-06-20,26.064501079201207,-31.577101483240504,53.957778170758516,-66.62413822001366,-134.4553920572733,190.18623854857628,-61.782338673031724,10797.530452635021,1.8189894035458565e-12,10773.3
2018-06-21,-27.820550964785067,-1.165160749133283,43.82061349942733,-80.21379999904471,-130.38512166156798,201.4621688439372,-64.20122499214838,10800.453076023314,1.8189894035458565e-12,10741.95
2018-06-22,32.49985552191653,31.873098982932323,30.34940818940135,-94.36023487952315,-125.29644537881302,212.5445826741623,-66.61924622760411,10803.358981117528,0.0,10824.35
2018-06-25,-26.107828792010327,40.90747229947371,10.726939712656561,-108.64335314247907,-119.27108936044061,223.42550889394437,-69.03582543908566,10806.24817582794,1.8189894035458565e-12,10758.25
2018-06-26,31.796153084386216,10.69507653577698,-15.140008859738925,-122.678851954765,-112.38962754218969,234.0969763579999,-71.4503856863229,10809.120668064854,-1.8189894035458565e-12,10764.05
2018-06-27,-5.678778788005845,-25.634826819966204,-43.066584221684614,-136.1025412527624,-104.73239854815813,244.5510139210264,-73.86235002901458,10811.976465738566,0.0,10667.45
2018-06-28,-45.805236728454204,-40.88801752179144,-67.79749662421109,-148.55323135460017,-96.38010344117012,254.77965043772613,-76.27114152687378,10814.815576759374,0.0,10593.9
2018-06-29,52.64599210447282,-13.403667368926854,-84.4942471228667,-159.67155555341148,-87.41326262004695,264.7749147628133,-78.67618323959447,10817.63800903756,0.0,10711.4
2018-07-02,-44.16915318942955,19.51828446365477,-90.44669926777317,-169.13745598918854,-77.91068402477562,274.5288357509854,-81.07689822691844,10820.443770483444,1.8189894035458565e-12,10651.75
2018-07-03,-8.22374425002422,21.334202348161114,-84.31445640901912,-176.79303230860808,-67.946571096231,284.03344225693746,-83.47270954852056,10823.232869007305,0.0,10707.85
2018-07-04,36.414380935125294,9.516657794958796,-67.46913170296997,-182.64725418838205,-57.58768822943783,293.28076313539214,-85.86304026412226,10826.005312519435,0.0,10771.65
2018-07-05,-4.37142875564558,-8.805371669878838,-42.55334763762182,-186.7518279316511,-46.89464674294964,302.2628272410432,-88.24731343344264,10828.761108930146,0.0,10753.4
2018-07-06,-20.361677870574834,-23.533774802340808,-12.863811634991672,-189.16594031994896,-35.92177283428211,310.97166342859424,-90.62495211617923,10831.500266149722,1.8189894035458565e-12,10770.0
2018-07-09,-3.607006291420431,-8.613678914889011,17.316142772870194,-189.95454833020312,-24.71762250553566,319.399300552757,-92.99537937203318,10834.222792088452,1.8189894035458565e-12,10851.05
2018-07-10,25.391591781637324,11.850043365879785,43.26328168650185,-189.18793732491272,-13.325423373251018,327.5377674682325,-95.35801826073555,10836.928694656648,0.0,10947.1
2018-07-11,-30.701918395763112,24.61169121225987,59.72927695764069,-186.93900607055798,-1.7848266559147592,335.3790930297135,-97.71229184198026,10839.6179817646,1.8189894035458565e-12,10942.2
2018-07-12,19.82610555907622,21.52204905537315,62.20608153758772,-183.2699259562501,9.867345565156244,342.9153060919285,-100.05762317548044,10842.290661322608,0.0,11015.3
2018-07-13,22.91867296526583,12.764503905824784,50.18825329988364,-178.2081830181121,21.595011417568195,350.13843550955113,-102.39343532093245,10844.94674124095,1.8189894035458565e-12,11021.95
2018-07-16,-43.50996577446394,-5.2631651498629175,27.993449722150945,-171.7903070312482,33.36240000423561,357.0405101373194,-104.71915133807329,10847.586229429942,0.0,10940.7
2018-07-17,35.004935708956175,-9.571277607242397,1.8587486111146598,-164.06305851680645,45.13215346078106,363.61355882990824,-107.03419428658138,10850.20913379987,0.0,11015.15
2018-07-18,6.080197734644089,-16.188514588580205,-21.55281601287771,-155.08070807395274,56.864755463877344,369.8496104420448,-109.33798722618775,10852.815462261033,0.0,10983.45
2018-07-19,-22.898858748047548,-16.045438150709302,-37.01504552818681,-144.87656696092492,68.51994605232431,375.7406938284124,-111.62995321659356,10855.405222723728,-1.8189894035458565e-12,10967.2
2018-07-20,-7.342711506121456,-10.897335734201743,-41.74818459460142,-133.46589996102733,80.05638617148475,381.2788378437299,-113.90951531749994,10857.97842309824,-1.8189894035458565e-12,11011.95
2018-07-23,9.978256430666066,3.678602292348443,-35.95631309809246,-120.89760473679358,91.43201306292322,386.4560713426996,-116.17609658862953,10860.535071294878,0.0,11079.05
2018-07-24,24.018433700198866,-0.3415449977626346,-21.701234381927417,-107.34107950254183,102.60494686776484,391.264423180019,-118.42912008968352,10863.075175223932,0.0,11133.15
2018-07-25,-25.252973482293196,-9.531257838068113,-3.421137004249353,-93.05633620000108,113.53504839888343,395.69592221040466,-120.66800888037258,10865.598742795699,-3.637978807091713e-12,11122.9
2018-07-26,-9.312790238322558,-10.647741446706187,13.401276162149665,-78.33178969054157,124.184852024802,399.7425972885445,-122.89218602040026,10868.105781920474,0.0,11184.25
2018-07-27,17.320188087811328,12.166635287048388,24.179319588595103,-63.47636346948399,134.51851729779565,403.39647726917065,-125.10107456949041,10870.596300508554,0.0,11273.6
2018-07-30,1.955417629497253,35.27754475504529,27.6168235457847,-48.87595912612453,144.5003733059484,406.6495910069471,-127.29409758733699,10873.070306470236,1.8189894035458565e-12,11312.9
2018-07-31,26.1883728221194,31.715101644769483,24.73113469372577,-35.0304268625832,154.09472076319673,409.49396735661327,-129.47067813364953,10875.527807715807,0.0,11357.25
2018-08-01,22.656478506601182,-19.17298751252208,18.73544032388106,-22.39499976171329,163.26586038347241,411.9216351728581,-131.63023926815663,10877.96881215558,0.0,11321.35
2018-08-02,-53.27816639845814,-43.79653390170087,13.986695967203223,-11.28521632473656,171.97747369800697,413.92462166397394,-133.7722024041208,10880.393327699834,-1.8189894035458565e-12,11238.15
2018-08-03,41.57897720032303,-34.225357931063876,13.997591413705852,-1.6924245811731624,180.19088655595098,415.49492717191816,-135.8959620885294,10882.801362258868,0.0,11362.25
2018-08-06,23.303452562486285,-10.507085202453123,17.80060991336665,6.969221479601095,187.86723833370212,416.6244510228678,-138.0008118525534,10885.192923742981,1.8189894035458565e-12,11389.25
2018-08-07,-33.65895125286465,26.293551641904727,21.05022369150737,15.660559313923839,194.96754922743727,417.3049723602504,-140.08592504462905,10887.56802006247,0.0,11389.1
2018-08-08,-0.5537014434939656,44.40360203267833,19.23161262767223,25.361458621126303,201.45257372007205,417.52808430895055,-142.15028899463496,10889.92665912763,0.0,11455.2
2018-08-09,25.384250008126724,26.729401527007433,9.501025208970852,36.84143350904565,207.28255193672177,417.2851355581339,-144.19264659676904,10892.268848848762,1.8189894035458565e-12,11471.1
2018-08-10,-3.760067095168721,3.5674038240406514,-6.479940782618422,50.60531302846496,212.41695983733456,416.567545022343,-146.2118109705441,10894.594597136145,1.8189894035458565e-12,11421.3
2018-08-13,-32.443380062923175,-27.815047740197087,-24.25785141891278,66.98712428916923,216.8151066521768,415.3669111628022,-148.20677478220495,10896.90391190009,0.0,11363.35
2018-08-14,38.941790824161494,-35.19850972415292,-39.41603597375975,86.24154103996695,220.43611104014465,413.6748789907924,-150.17657724804567,10899.196801050894,0.0,11433.7
2018-08-16,-34.24744186364745,-18.590073459077914,-48.59230227147123,108.55612340843807,223.2373380561806,411.4833431865756,-152.1202595558343,10901.473272498837,0.0,11391.2
2018-08-17,-2.157704059753472,0.5281135236372986,-50.36377596324094,133.89025090191836,225.16962980724932,408.78701452927,-154.03686289331503,10903.733334154233,1.8189894035458565e-12,11465.55
2018-08-20,28.78115591209355,26.66346605418391,-44.35550068028573,161.64884582184368,226.17097824937022,405.5894891636735,-155.92542844824388,10905.976993927365,0.0,11554.55
2018-08-21,15.152311331606981,16.908303407620462,-30.039823441441552,190.73703201132741,226.1711494604941,401.9017649102128,-157.78499740836028,10908.20425972854,0.0,11571.25
2018-08-23,6.531888492193694,-12.246721783938527,-9.289123202847493,219.86867888001692,225.09761845650303,397.7371306514598,-159.61461096142747,10910.41513946804,0.0,11578.5
2018-08-24,-51.15614982414362,-21.44749022065597,13.98604766958902,247.73452609103268,222.8775024871588,393.10923303603727,-161.41331029518958,10912.609641056171,0.0,11556.3
2018-08-27,32.44012803109664,-3.3083582217782928,35.56390706169937,273.0270498083248,219.43789176349154,388.03174575134045,-163.18013659740035,10914.787772403224,0.0,11696.8
2018-08-28,33.457407767893145,16.725041205400345,49.86278987670929,294.4451318050357,214.70587890659695,382.51834007468096,-164.9141310558099,10916.949541419495,-1.8189894035458565e-12,11743.75
2018-08-29,-24.926242156180187,11.953311005293022,51.497191969752066,310.7537619748945,208.60866907257483,376.5826869765569,-166.61433485817668,10919.094956015286,0.0,11686.95
2018-08-30,-17.45037833111837,12.983189016150808,38.56410088806875,321.1885468346536,201.08184925610612,370.23845742748074,-168.2797891922329,10921.22402410089,1.8189894035458565e-12,11679.55
2018-08-31,27.610556841303907,-2.185152096202625,14.74720841218121,326.24817195049116,192.10267415341158,363.49932239796857,-169.9095352457502,10923.336753586596,0.0,11675.45
2018-09-03,-16.034996702506934,-19.349853094106496,-12.42820910546709,326.85237414061584,181.70119372667102,356.3789528585545,-171.50261420646797,10925.433152382706,0.0,11571.05
2018-09-04,-21.858634569008835,-17.1889374355319,-35.019129213794834,323.92749673222085,169.94302356899001,348.8910197797534,-173.05806726214226,10927.513228399514,0.0,11523.15
2018-09-05,-56.09562565620346,3.3033749379152915,-47.252556740320315,318.37933328891364,156.9142260908329,341.0491941320621,-174.57493560052083,10929.576989547319,1.8189894035458565e-12,11471.3
2018-09-06,-4.35187657767897,28.470432440392926,-47.1877903863586,311.0713118689877,142.70859244156858,332.8671468860267,-176.0522604093478,10931.62444373641,0.0,11519.15
2018-09-07,97.74455686730424,12.924586853096404,-35.24789858781607,302.68120097878705,127.42248887578107,324.358549012143,-177.4890828763793,10933.655598877082,1.8189894035458565e-12,11586.05
2018-09-10,4.985600962828048,-24.92633844404422,-17.70819138810369,293.67074398436256,111.15509471374983,315.5370714809413,-178.88444418938218,10935.670462879649,0.0,11439.5
2018-09-11,-104.52295805044537,-52.268414575098205,-3.5386108023662795,284.47130521138746,94.01063483530004,306.41638526291985,-180.23738553608143,10937.669043654385,-1.8189894035458565e-12,11282.0
2018-09-12,-31.570967242250564,-5.472839251123359,0.677059878644138,275.3543083353278,76.09787594342134,297.0101613286353,-181.54694810424874,10939.651349111595,0.0,11370.2
2018-09-14,86.90749745680064,56.88196320747954,-2.4814483785949797,265.7741377268272,57.53056525897239,287.33207064856447,-182.812173081621,10941.617387161572,0.0,11510.75
2018-09-17,-34.49182279587308,84.12456031154947,-7.6808570921351444,254.2921528384228,38.425118486132966,277.39578419324476,-184.0321016559508,10943.567165714612,-3.637978807091713e-12,11371.6
2018-09-18,-46.0441150256903,52.70764886884523,-10.059286817691694,239.237606449298,18.89825592602803,267.2149729332031,-185.20577501501333,10945.50069268102,0.0,11282.25
2018-09-19,12.691957546651514,-5.381320822083221,-6.232164274143199,219.1161943622768,-0.9337162761867435,256.8033078389209,-186.3322343465145,10947.417975971079,0.0,11237.15
2018-09-21,43.59485719924711,-69.59272410106686,6.336178817192651,193.08348188090972,-20.95475633408968,246.17445988095852,-187.41052083824144,10949.31902349509,-1.8189894035458565e-12,11160.55
2018-09-24,-59.29383962368362,-113.4014512200014,29.011342422123302,161.32685079895344,-41.04916989260935,235.34210002979376,-188.4396756779276,10951.203843163352,0.0,10974.7
2018-09-25,64.25651480351486,-96.23507913412529,60.55102736067507,124.60569554846674,-61.10176066733106,224.31989925598572,-189.41874005334697,10953.07244288616,0.0,11080.05
2018-09-26,25.38342859385453,-50.23319853580786,91.27777234619697,83.91983764432476,-80.9974440001736,213.12152853001228,-190.34675515220184,10954.924830573795,0.0,11047.05
2018-09-27,-38.2007977183482,6.495936638187687,110.59603313696294,40.38105237955076,-100.62113523305578,201.76065882242298,-191.2227621622902,10956.761014136571,0.0,10985.95
2018-09-28,-82.62870713890835,73.22784617315494,108.93890493920674,-4.716454582717394,-119.85774970788681,190.25096110372553,-192.04580227135375,10958.58100148478,0.0,10931.75
2018-10-01,64.88010609904308,113.82283045581885,78.23745051392665,-49.92417450821233,-138.59220276658067,178.60610634442287,-192.81491666713427,10960.384800528716,0.0,11014.6
2018-10-03,65.48770200549188,83.1499596597782,16.82900178938709,-93.79029185993711,-156.70940975105142,166.83976551504426,-193.5291465373807,10962.17241917867,-1.8189894035458565e-12,10850.45
2018-10-04,17.32969042286987,-22.78047261280396,-57.606829423249145,-134.87004424477954,-174.0942860032477,154.96560958611653,-194.1875330698515,10963.943865344947,0.0,10552.7
2018-10-05,-74.91841768306243,-90.79039064352135,-122.29811455238084,-171.7186692696645,-190.63174686505005,142.99730952813664,-194.78911745229442,10965.699146937835,0.0,10263.55
2018-10-08,62.43390629013777,-48.2189047818071,-155.4207565952741,-202.89140454148222,-206.2067076783892,130.94853631164338,-195.3329410386265,10967.438272033798,0.0,10352.75
2018-10-09,-71.83531141961984,61.07481802356281,-141.6464537771864,-227.26501059344938,-220.70420666698013,118.83296090713733,-195.818046337425,10969.161249863959,1.8189894035458565e-12,10291.8
2018-10-10,90.77357691555869,49.255152132320035,-79.54729353727036,-245.06008677013324,-234.01021682779898,106.66425428515011,-196.2434781486478,10970.868091950822,0.0,10462.7
2018-10-11,-93.86838360104892,-36.802117285536696,11.626235716773863,-257.0488440012088,-246.01350678979165,94.45608741617507,-196.60828258722543,10972.558811131863,-1.8189894035458565e-12,10248.3
2018-10-12,70.02115113546766,-40.406107965177746,96.70543983301569,-264.0570087428961,-256.6075200076369,82.22213127076299,-196.91150658882245,10974.233421065288,0.0,10465.2
2018-10-15,21.429085750411833,24.572928659782736,155.57819783756662,-266.9059626812695,-265.690044706098,69.9760568194096,-197.1521972529641,10975.891935573161,0.0,10517.7
2018-10-16,65.33685000970468,36.24277751277815,176.52431831438943,-266.42443240783575,-273.16601526006684,57.731535032641794,-197.32940167917806,10977.534368477567,0.0,10576.45
2018-10-17,-1.3295506196152425,18.92190755858337,155.9542085891331,-263.35852240257276,-278.9588466400766,45.50223688096727,-197.44216696697052,10979.16073360055,1.8189894035458565e-12,10458.45
2018-10-19,-55.56165165065628,-6.3699819152675285,102.87095490599569,-257.94626801675116,-283.0263912065539,33.30183333491765,-197.48954021588588,10980.7710447642,0.0,10316.55
2018-10-22,-42.03670079781266,-5.9947960430028076,30.17405502313891,-250.2646375136302,-285.3666632988323,21.143995364995885,-197.47056852543506,10982.365315790577,0.0,10252.55
2018-10-23,-43.6561404223925,5.673697264741974,-46.90063572078806,-240.35489405532303,-286.01365532098197,9.042366748133771,-197.38429899513383,10983.943560501744,0.0,10184.35
2018-10-24,83.2962069307028,-2.9211931120739583,-112.50195859415098,-228.23087129315286,-285.02832992939904,-2.9898679971747035,-197.22977896583944,10985.505792961088,0.0,10239.9
2018-10-25,46.59647551680859,-33.28398851112177,-152.74088144789604,-213.89126839844135,-282.48517193336966,-14.941136679598287,-197.006057296967,10987.052028750584,0.0,10139.3
2018-10-26,-86.50726277339982,-32.42046869876414,-157.67818096121655,-197.35213332312193,-278.4607777718117,-26.801277075934685,-196.7121867095947,10988.582287313842,0.0,10012.65
2018-10-29,76.5328906070354,-0.6741420517465453,-130.22607536914958,-178.73992702651398,-273.0304443007644,-38.56167002856507,-196.3472296042187,10990.096597773923,-1.8189894035458565e-12,10249.05
2018-10-30,-61.65444693462129,11.843433220911454,-80.87988165119636,-158.3106807515149,-266.2689293340481,-50.21423542203907,-195.91026643655755,10991.595007309066,0.0,10190.2
2018-10-31,38.23466773368255,4.80403995968674,-22.366408584847385,-136.34760071730858,-258.2509338962793,-61.75094993015336,-195.40039257206894,10993.077578007287,1.8189894035458565e-12,10362.0
2018-11-01,-38.17827292537893,22.519954478180217,32.42949224868237,-113.13389314310878,-249.0510343676436,-73.16391487111395,-194.81670933953717,10994.54437791992,0.0,10381.15
2018-11-02,42.629664663506894,50.6178712086781,74.25711003681181,-88.95276424806114,-238.74321314898634,-84.44582554247901,-194.15831920614778,10995.995476236678,0.0,10557.2
2018-11-05,-25.71922508027246,36.99396775881046,97.94688994757759,-64.0874202513938,-227.40072611867947,-95.5901037642682,-193.42432472182497,10997.43094223005,0.0,10526.15
2018-11-06,-31.836580455941405,1.0835344619212621,105.43384085252573,-38.83081108290909,-215.09662650011734,-106.59037401148,-192.6138284364976,10998.850845172497,0.0,10520.4
2018-11-09,47.86007678870447,-42.262858885881975,100.32595529874392,-13.558266362143325,-201.903954587998,-117.44027368782587,-191.72593311562287,11000.255254552023,0.0,10581.55
2018-11-12,-49.52353700285867,-63.40520787778309,86.44601794778599,11.17741947488651,-187.89575067693934,-128.1334401970747,-190.75974238687095,11001.644240718853,0.0,10479.55
2018-11-13,46.78623904578028,-69.29833006974987,67.4151341221034,34.8020087611645,-173.14505506162158,-138.6635109429499,-189.7143600934619,11003.017874238736,0.0,10581.2
2018-11-14,-18.051889530283482,-24.309188565969926,44.72771778213288,56.74505608118664,-157.72490803670084,-149.02412332919403,-188.58889007860128,11004.37622567743,0.0,10568.15
2018-11-15,-33.99349041568365,20.484728846403282,20.981211897701517,76.45788491275934,-141.70834989680708,-159.2089147595688,-187.3824361855019,11005.719365600698,0.0,10601.35
2018-11-16,-13.515234434573532,75.2486303810134,-0.8852542395240871,93.42846216306089,-125.16834354909469,-169.2115226377917,-186.09410225738372,11007.047364574293,0.0,10680.85
2018-11-19,50.59679931012847,93.31147397309435,-17.195697368873205,107.20299849790264,-108.17729107115873,-179.02558436762078,-184.72299213744284,11008.36029316397,0.0,10770.35
2018-11-20,-27.519530312555233,35.70091746889639,-24.992895930705103,117.422611464194,-90.80637760362458,-188.6447373527843,-183.26820966891117,11009.65822193549,0.0,10647.55
2018-11-21,6.840943177123117,-58.56668177574622,-24.88893250814158,123.89087927128936,-73.12595192711382,-198.06261899703435,-181.72885869498236,11010.941221454606,-1.8189894035458565e-12,10605.3
2018-11-22,-45.31853966431392,-110.03569676549034,-18.65139867984426,126.67917977589542,-55.205997190337676,-207.27286670410035,-180.10404305888594,11012.209362287076,0.0,10522.3
2018-11-26,29.839791056073928,-96.1957018926081,-8.414049935536152,126.13482039621906,-37.11559014124503,-216.26911787774762,-178.39286660382038,11013.462714998663,0.0,10633.05
2018-11-27,15.17081331683183,-50.133550397399134,3.3446911618651742,122.7282634265422,-18.922124568251878,-225.04500992170193,-176.59443317300804,11014.701350155121,0.0,10685.25
2018-11-28,-32.653892559225845,15.943974466733808,14.383446588327155,116.95150055125792,-0.6983405199334486,-233.5941802397083,-174.7078466096569,11015.925338322204,0.0,10721.55
2018-11-29,30.60652214808608,93.42872351174911,22.55071936820209,109.29719839082823,17.474563507938445,-241.91026623550803,-172.73221075696307,11017.134750065668,-1.8189894035458565e-12,10875.85
2018-11-30,-14.94644226259861,138.59176604503824,25.72051427216389,100.25022231887463,35.50781844625911,-249.9869053128485,-170.6666294581752,11018.329655951286,0.0,10882.8
2018-12-03,-3.9538742953401615,134.5801360584757,22.43264980961815,90.25433040516651,53.304572909214876,-257.8177348754412,-168.51020655648693,11019.51012654479,1.8189894035458565e-12,10889.8
2018-12-04,30.72678073698993,85.72546428652768,13.74757380995849,79.72509898236464,70.75728799437243,-265.3963923270789,-166.26204589509672,11020.676232411963,0.0,10869.7
2018-12-05,31.203396892447955,15.149107737071644,1.9609399218785724,69.09691402828523,87.749363690477,-272.7165150714611,-163.92125131723654,11021.828044118536,1.8189894035458565e-12,10790.35
2018-12-06,-82.52957011974718,-57.731370718656514,-10.49620343786325,58.84100665452581,104.1591725699171,-279.7717405123531,-161.48692666610717,11022.965632230285,0.0,10593.95
2018-12-07,93.18640936646416,-117.6815354577161,-21.179184462029767,49.43513279522675,119.86399228350318,-286.5557060534819,-158.95817578493097,11024.089067312965,0.0,10702.2
2018-12-10,-92.33808702738558,-154.69732399086428,-27.543658656645878,41.326200404204,134.75060095387727,-293.0620490985997,-156.33410251691362,11025.198419932327,0.0,10477.3
2018-12-11,-29.609146856119434,-141.80529998347504,-27.64466957221533,34.844973855999825,148.7185996583849,-299.2844070514418,-153.61381070526787,11026.293760654135,0.0,10557.9
2018-12-12,66.06882015163319,-69.93641613307122,-22.308007262417192,30.02955086688407,161.68371384180793,-305.2164173157616,-150.7964041932161,11027.375160044141,0.0,10736.9
2018-12-13,28.229155614047418,3.6688253206008876,-13.37470855775955,26.681826747003473,173.5849163272472,-310.8517172952932,-147.88098682394718,11028.4426886681,1.8189894035458565e-12,10788.5
2018-12-14,-33.40879756515057,61.09747655855413,-2.6690001570825554,24.4925780280051,184.39193287835965,-316.18394439375896,-144.86666244070022,11029.496417091776,-1.8189894035458565e-12,10802.35
2018-12-17,-15.670462153659876,107.91510416858887,8.025682743409499,23.093724121414713,194.10880614093372,-321.2067339851727,-141.75253691644176,11030.536415880926,0.0,10885.05
2018-12-18,-29.561208855701523,134.46954235861836,16.995387793421077,22.067710084496433,202.76725058550207,-325.9137113397405,-138.53772622790086,11031.562755601306,0.0,10913.85
2018-12-19,6.467951001976668,133.36690199862474,22.907503254438076,20.99112208079106,210.41086292498534,-330.29842484213776,-135.22142323733826,11032.575506818663,-1.8189894035458565e-12,10961.2
2018-12-20,61.343174290446214,69.81104678057368,25.377049990687638,19.46776258139995,217.08346994222364,-334.3540289530811,-131.8032147310154,11033.574740098766,0.0,10960.5
2018-12-21,-42.617865568421166,-35.44563038974144,24.697525566768256,17.188690975373305,222.82311903710527,-338.0731059323596,-128.28325969609747,11034.560526007373,0.0,10754.85
2018-12-24,-50.85772753341466,-109.43133211105624,21.161874031803425,13.998104404316107,227.65610125762518,-341.4480809485247,-124.66187442343448,11035.532935322686,0.0,10671.95
2018-12-26,21.154076881938312,-106.78987481156024,14.972076236173118,9.937834764415681,231.59460248010907,-344.47137096468754,-120.93938483005363,11036.492040243666,0.0,10741.95
2018-12-27,2.314352582291705,-47.48866160788618,6.6656110995125175,5.186599719473303,234.6356950143309,-347.1353929440046,-117.1161253573117,11037.437921493593,1.8189894035458565e-12,10774.5
2018-12-28,23.147247496055503,26.077288615461033,-2.812332137037547,-0.02070227495642059,236.76282805670647,-349.43255910540495,-113.19246510744306,11038.370694456618,0.0,10858.9
2018-12-31,-13.173469535159683,76.1375816228368,-12.413382077147071,-5.420548584631505,237.95338903595655,-351.3552717960741,-109.16882236691828,11039.290523701138,0.0,10861.85
2019-01-01,54.7351344306915,70.71165137219027,-21.20147789977076,-10.73413982793076,238.1828891146199,-352.8960155631507,-105.04563925808387,11040.197597631437,-1.8189894035458565e-12,10913.95
2019-01-02,-8.944621093674252,11.52777548536391,-28.655490694486385,-15.674879277593448,237.42613091580208,-354.04766033995685,-100.82336667660627,11041.092111681151,0.0,10781.9
2019-01-03,-54.503426653260135,-49.910033222615525,-34.2383810321015,-19.975329889315887,235.65933858562315,-354.80393547549517,-96.50249543654377,11041.97426312371,0.0,10667.7
2019-01-04,14.609877625114175,-51.70552391410144,-37.24759573042734,-23.422433179307937,232.86425696993666,-355.1590649108904,-92.08376633099618,11042.844249470672,0.0,10730.7
2019-01-07,15.131482059959263,-11.967086789111423,-36.69377675559154,-25.875228401354335,229.0276618228329,-355.1068246680229,-87.56849550232924,11043.70226823362,-1.8189894035458565e-12,10770.65
2019-01-08,-12.368229862246292,29.125596109566192,-31.973319907087365,-27.271067957263934,224.1375961317609,-354.6407037153215,-82.95838772355152,11044.548516924144,0.0,10788.6
2019-01-09,27.38611668780086,41.24913637077856,-22.739878502243343,-27.65945329960922,218.19113166762278,-353.75478559143994,-78.25546038670001,11045.383193053789,0.0,10849.8
2019-01-10,14.69161403156917,6.361305562519063,-9.67141323092023,-27.12559318026986,211.19539329101286,-352.44600031580404,-73.46180029226004,11046.206494134152,0.0,10815.75
2019-01-11,0.08023129606834073,-27.451646921631514,5.752686123094827,-25.7250651556128,203.17004192885614,-350.7153697123382,-68.57949523524391,11047.018617676806,0.0,10783.55
2019-01-14,-45.2628226473972,-42.33029129824268,22.32796499073215,-23.47357985850782,194.14721361040841,-348.5676129796673,-63.61063301064717,11047.81976119332,1.8189894035458565e-12,10741.05
2019-01-15,42.50906780383543,-4.756608957236513,38.95801471282594,-20.37175263648674,184.16778500888148,-346.0093267135921,-58.55730141349888,11048.61012219527,0.0,10884.55
2019-01-16,1.2230797717932873,24.329706088445352,53.26391644197121,-16.414225430306015,173.27707217920056,-343.04785900653275,-53.42158823880175,11049.389898194231,0.0,10888.6
2019-01-17,-15.475873833039362,31.53755419414346,61.83398130370005,-11.581854736267294,161.5231659084121,-339.69067825716013,-48.205581281565706,11050.159286701777,0.0,10890.1
2019-01-18,-19.620822774947555,50.77903555993139,61.02312953649334,-5.853551389193485,148.96034503916445,-335.94525286411414,-42.91136833682456,11050.918485229491,0.0,10907.35
2019-01-21,27.42890849986159,53.92343599421365,49.379925649046854,0.7097514189515025,135.65037557463793,-331.81905122608964,-37.54103719956431,11051.667691288943,-1.8189894035458565e-12,10949.4
2019-01-22,14.261637246129618,52.51743555871403,28.09926428496,7.920226775796978,121.66055114924613,-327.31954174175047,-32.09667566480203,11052.407102391706,0.0,10917.45
2019-01-23,-39.54961909147943,33.97760393181165,1.0185837341586186,15.538590612459194,107.06248910098853,-322.45419280973164,-26.58037152755959,11053.136916049352,0.0,10822.15
2019-01-24,36.821077733805566,18.95984511525909,-27.711730684691144,23.315482758660945,91.9326807150784,-317.2304728287316,-20.994212582839722,11053.85732977346,-1.8189894035458565e-12,10858.95
2019-01-25,6.5634968618366125,-12.715192547713638,-53.31991418511553,30.99687280092862,76.3523328175196,-311.65585019741303,-15.340286625654723,11054.56854107561,1.8189894035458565e-12,10775.45
2019-01-28,-26.14077188281313,-65.57604488100175,-71.12834366625475,38.32978916136972,60.40309856677137,-305.7377933144205,-9.620681451026458,11055.270747467373,1.8189894035458565e-12,10675.8
2019-01-29,21.570691502742598,-107.7306011063876,-76.62887482528255,45.07868146498746,44.16721193601582,-299.4837705784382,-3.8374848539648343,11055.964146460328,0.0,10679.1
2019-01-30,-48.38976463252485,-89.13487282579078,-66.74659452846903,51.036987656778365,27.72934378156304,-292.9012503881311,2.0072153705274145,11056.648935566047,0.0,10640.25
2019-01-31,41.137560437373175,-26.173399186546966,-43.962593737094345,55.93654728696231,11.17294261793372,-285.99770114215454,7.911331427426035,11057.3253122961,1.8189894035458565e-12,10817.35
2019-02-01,37.30596242882444,21.80927294813782,-13.512422558010554,59.4815729967061,-5.420044260269364,-278.7805912391951,13.872775521740246,11057.993474162065,1.8189894035458565e-12,10892.75
2019-02-04,-20.313499164321573,63.74341593203857,18.92856660304721,61.37148120820531,-21.965654035035865,-271.25738907789014,19.88945985843145,11058.653618675524,0.0,10909.05
2019-02-05,-56.74860632346382,99.89957204790555,47.74359288663479,61.294473809658406,-38.3686884919554,-263.4355839193305,25.959296642511255,11059.305943348038,1.8189894035458565e-12,10935.65
2019-02-06,41.78254887887042,117.8288318205116,67.7257952384045,58.91218492349839,-54.507445726837545,-255.32275890459806,32.08019807895063,11059.950645691202,-1.8189894035458565e-12,11068.45
2019-02-07,29.23229601634309,114.64093448620459,74.98004793684271,53.862163034455364,-70.22661860691389,-246.9268224562473,38.25007637274206,11060.587923216573,0.0,11054.4
2019-02-08,-36.293455445278475,71.20559139151679,69.69924469704817,45.91640617876114,-85.35517185240252,-238.25743213425935,44.4668437288828,11061.217973435732,0.0,10932.6
2019-02-11,9.223991099563086,16.863520993742846,54.95084661321789,35.334115198702335,-99.71422975777169,-229.32765036005492,50.728412352343824,11061.840993860258,-1.8189894035458565e-12,10899.9
2019-02-12,-8.042462372207726,-6.546777289034591,34.11230925355017,22.661425597509073,-113.12158219094556,-220.15278944871778,57.0326944481224,11062.457182001725,0.0,10828.4
2019-02-13,-17.59329112662573,-17.895288858805287,10.948265946755779,8.489055110479477,-125.39452645534469,-210.74855220937363,63.37760222121339,11063.066735371702,-1.8189894035458565e-12,10774.25
2019-02-14,18.040049988854236,-36.91096091882366,-10.686708595777237,-6.592278527105073,-136.35035985436093,-201.130641451153,69.76104787659972,11063.669851481765,0.0,10759.8
2019-02-15,34.70881981998373,-59.764565602979935,-27.480169384900968,-21.99061662027207,-145.80637969141247,-191.31475998317913,76.18094361925475,11064.266727843506,0.0,10728.8
2019-02-18,-21.655537544435628,-85.36810790277467,-37.16582642255546,-37.106797868419,-153.57988326990073,-181.31661061458257,82.63520165419247,11064.857561968474,0.0,10631.3
2019-02-19,-42.575164303085884,-85.54787892319446,-39.342264911975924,-51.308756158628,-159.4883251032681,-171.151896154489,89.12173418638386,11065.442551368258,-1.8189894035458565e-12,10605.15
2019-02-20,41.02287282216583,-36.75380315234915,-35.60989800798881,-63.88166156261116,-163.35153161689036,-160.83632545757524,95.63845342081423,11066.021893554436,-1.8189894035458565e-12,10742.25
2019-02-21,14.971462587041396,26.836172329304333,-29.1134544538023,-74.1389005493075,-164.99851095145394,-150.38582656284274,102.183271562488,11066.595786038573,0.0,10791.95
2019-02-22,-37.32972069093496,59.87216623555561,-23.21565338502352,-81.44358940133257,-164.28443133992118,-139.81729856698365,108.7541008163905,11067.16442633225,0.0,10789.7
2019-02-25,32.89646137241895,59.145385969743494,-20.469331378453795,-85.20857347184008,-161.1422371446269,-129.14857068178233,115.3488533874879,11067.728011947052,0.0,10879.15
2019-02-26,1.253229077137135,18.143117886394695,-21.626071619535118,-85.05435910569315,-155.57046060040162,-118.39763751322212,121.96544148078942,11068.286740394533,-1.8189894035458565e-12,10829.0
2019-02-27,-12.772935267730952,-28.458860761771092,-26.198862369844477,-80.89996463505486,-147.62947468827753,-107.58248876487792,128.6017773012756,11068.840809186282,-1.8189894035458565e-12,10793.9
2019-02-28,-20.10217653372631,-42.42659001825005,-33.2064975945345,-72.88730962071563,-137.50250098024284,-96.7211141403366,135.25577305392457,11069.390415833881,0.0,10801.8
2019-03-01,-12.777590848132721,-23.67537612716926,-41.09662949774833,-61.404352305625366,-125.42564667081757,-85.83150334314675,141.92534094375034,11069.935757848887,1.8189894035458565e-12,10861.65
2019-03-05,29.233767876437447,17.99513630073453,-46.956845592708,-47.08406015553291,-111.64177827064002,-74.93164607689289,148.60839317571907,11070.477032742883,0.0,10985.7
2019-03-06,35.00286185848213,26.480910930830657,-47.51566623841211,-30.75196931581031,-96.39388517221164,-64.03953204515228,155.30284195482807,11071.014438027447,-1.8189894035458565e-12,11049.1
2019-03-07,8.219690193994794,-1.0180040462059805,-41.29265501349665,-13.315694114978276,-79.92495676804343,-53.17315095147836,162.00659948606258,11071.548171214146,-1.8189894035458565e-12,11053.05
2019-03-08,-56.442535579000285,-17.8507669023101,-29.354796299812822,4.280565942225312,-62.477982450610554,-42.350492499467535,168.71757797441276,11072.078429814565,-1.8189894035458565e-12,11036.6
2019-03-11,15.540886973251753,-19.790890996538383,-13.12144247845344,21.067843541694902,-44.29595161240967,-31.58954639268277,175.4336896248615,11072.605411340277,0.0,11175.85
2019-03-12,33.20910282949124,5.920990147297969,6.243437665647095,36.07446539297052,-25.621853645975694,-20.90830233468224,182.15284664240846,11073.129313302845,-1.8189894035458565e-12,11290.2
2019-03-13,18.779107630552673,2.8538823237655597,26.881386377034108,48.335757195580264,-6.698677943767039,-10.324750029052817,188.87296123202702,11073.650333213862,-1.8189894035458565e-12,11342.35
2019-03-14,-34.32102410619451,-1.366714437392097,43.461853802273616,56.89165874910917,12.230490987963842,0.14312082064015155,195.59194559870483,11074.168668584896,-1.8189894035458565e-12,11346.8
2019-03-15,-1.057391392495558,2.7828569589052288,50.91973365294279,60.81572590535428,30.919525489515095,10.47732051081697,202.30771194744156,11074.684516927518,1.8189894035458565e-12,11431.85
2019-03-18,-6.0670561603690025,25.85694360571539,46.10503034320946,59.574092892799165,49.10488174421085,20.65985933790511,209.01817248322257,11075.19807575331,-1.8189894035458565e-12,11479.45
2019-03-19,25.191800559875748,44.08857407381673,28.222609922433225,53.802342969662845,66.49114289099728,30.672747598344014,215.7212394110283,11075.709542573843,-1.8189894035458565e-12,11539.9
2019-03-20,24.724443434990757,24.69348548322971,0.5964372997046167,44.73840754842195,82.76529080855516,40.49799558856115,222.41482493584655,11076.219114900689,1.8189894035458565e-12,11516.65
2019-03-22,28.21654503115046,-25.132787516032693,-27.707593523553715,33.67395979983885,97.60843109551925,50.117613604969655,229.0968412626841,11076.726990245425,0.0,11462.6
2019-03-25,-61.26670678588581,-46.99081016934034,-46.09152099768356,21.88579015162112,110.70106914114488,59.51361194400178,235.7652005965119,11077.233366119632,-1.8189894035458565e-12,11350.75
2019-03-26,60.956220247714896,-42.929712484632375,-46.240692143418634,10.663588112988384,121.72634018805653,68.6680009020874,242.41781514232247,11077.73844003488,1.8189894035458565e-12,11493.0
2019-03-27,-54.268826241093876,-20.39702825491762,-27.9989229744216,1.236441259219977,130.37053882770303,77.56279077565878,249.05259710510586,11078.242409502744,1.8189894035458565e-12,11433.8
2019-03-28,37.209015558890954,-8.97644608481574,1.654930831308041,-5.309682247387002,136.32925935622606,86.1799918611386,255.66745868983784,11078.745472034801,0.0,11581.5
2019-03-29,-11.561828916880149,24.31907411630129,31.265920907284467,-7.9630786502065725,139.33017362549845,94.50160167385883,262.2603121015157,11079.247825142627,0.0,11611.4
2019-04-01,-21.74796995870288,42.25439160452132,50.61920882944192,-5.819988382180404,139.2062951081693,102.50932691582908,268.82906954512947,11079.749666337791,1.8189894035458565e-12,11655.6
2019-04-02,39.81128057309588,29.04331238534412,52.58022559240198,1.6670980416416246,136.04059468329987,110.18465236667203,275.37164322566696,11080.251193131877,1.8189894035458565e-12,11724.95
2019-04-03,-24.512208352981197,0.9042756004891719,36.90876141628631,14.183118510468743,130.0656736778894,117.51183076328361,281.88594534811574,11080.752603036448,1.8189894035458565e-12,11637.7
2019-04-04,-25.945271025372552,-24.22355121357115,8.916578728542838,30.15929385172665,121.54306676639429,124.47590121173015,288.36988811745164,11081.254093563095,1.8189894035458565e-12,11604.55
2019-04-05,44.606684844700005,-2.1710374378933266,-24.530411457913274,47.81818433015807,110.73742175212068,131.06191200676696,294.82138373868383,11081.755862223377,0.0,11684.1
2019-04-08,-41.26661093236159,11.968570073782965,-54.33044059381372,65.41255692274125,97.91391460046808,137.25555898350618,301.23834441680003,11082.258106528876,1.8189894035458565e-12,11600.45
2019-04-09,44.28055023122613,7.446302185080832,-72.5385781043771,81.24469992877863,83.34076628937586,143.04655312198338,307.61868235676167,11082.761023991174,-1.8189894035458565e-12,11677.2
2019-04-10,-34.1638855957362,-13.181628025694238,-76.84288586809777,93.97829136795175,67.30401262981982,148.43097360634638,313.9603097635708,11083.264812121839,0.0,11582.75
2019-04-11,-10.763487013561937,-27.22803898598745,-69.68907179143933,103.13537026375806,50.10801272747802,153.40640752508077,320.26113884222707,11083.769668432442,3.637978807091713e-12,11603.0
2019-04-12,-23.08136417227725,0.1184278073324416,-54.94179123432321,108.6286973277062,32.06069534234424,157.970462696937,326.51908179771334,11084.275790434567,0.0,11631.55
2019-04-15,-16.154135200821838,34.92599346994639,-34.67200604812991,110.448458637775,13.465515725798761,162.1207469406488,332.73205083499823,11084.783375639783,1.8189894035458565e-12,11687.65
2019-04-16,66.69270076020754,45.45323603790425,-10.105221756951172,108.60670810314461,-5.3928709380142354,165.85486807494507,338.8979581590981,11085.292621559664,1.8189894035458565e-12,11795.3
2019-04-18,49.70517821851371,1.0444162452226304,17.241056290069746,103.1260028870748,-24.25552924020387,169.17043391853807,345.01471597499597,11085.80372570579,0.0,11746.85
2019-04-22,-63.518061328758236,-51.12560999128868,45.432073553066694,94.03189102051378,-42.882467621129514,172.06505229020692,351.08023648764356,11086.316885589746,0.0,11591.4
2019-04-23,-53.97260297418873,-78.11062600982054,72.52037903019121,81.34167241638428,-61.039884096367174,174.5363310086447,357.09243190207167,11086.832298723086,0.0,11579.2
2019-04-24,62.100798319929225,-47.740621794755285,96.84344722372184,65.05980040261375,-78.49467908475792,176.58187789259472,363.04921442326076,11087.350162617391,1.8189894035458565e-12,11724.75
2019-04-25,-47.398810255542365,-3.5745366971756733,117.28197879763653,45.18664935895877,-95.01375300510934,178.19930076080743,368.94849625618434,11087.870674784239,1.8189894035458565e-12,11651.5
2019-04-26,22.331219125505175,40.232283371955354,132.15795278276767,21.774121222949955,-110.36400627621947,179.38620743199024,374.7881896058371,11088.394032735216,0.0,11748.7
2019-04-30,0.8585361047816522,78.65397391206474,139.13737082528792,-4.864387909192587,-124.31233931692219,180.1402057248936,380.5662066772021,11088.920433981886,-1.8189894035458565e-12,11739.1
2019-05-02,-13.428512339381122,111.13962258552115,135.36402091210317,-33.83891778157577,-136.62565254600835,180.45890345823932,386.28045967528845,11089.450076035813,0.0,11718.8
2019-05-03,17.082079769319545,123.292046058657,118.0344992204458,-63.68970433054061,-147.07084638230708,180.33990845077307,391.92886080506,11089.98315640859,1.8189894035458565e-12,11709.9
2019-05-06,-12.953279251113406,99.33627122513049,86.25991442511095,-92.78810855901034,-155.41482124463315,179.78082921571462,397.509321577016,11090.519872611785,0.0,11592.25
2019-05-07,7.335124307029693,52.2605115587575,43.90714314280651,-119.48775138172351,-161.42460222777677,178.77941499204704,403.01973745187985,11091.06042215698,1.8189894035458565e-12,11495.45
2019-05-08,-14.03579164009039,9.121763471890679,-3.8738856722454247,-142.14129319788978,-164.86943236439677,177.3357388012406,408.4578980457562,11091.605002555736,0.0,11361.6
2019-05-09,6.622196196436345,-13.992794700641596,-51.534730361077166,-159.10139440669013,-165.52597733494426,175.45752217527223,413.82136720735576,11092.153811224289,0.0,11297.9
2019-05-10,22.216174120469276,-26.407075335933452,-92.08472156771644,-168.72030917405863,-163.17561168337122,173.15685889015887,419.10764140511856,11092.70704334533,1.8189894035458565e-12,11256.8
2019-05-13,-40.67446408640683,-47.712983507802996,-117.98750471721935,-169.3032727141208,-157.65091850882592,170.45004030919685,424.3142211687711,11093.264882056406,1.8189894035458565e-12,11154.7
2019-05-14,59.244498262691515,-78.58157784042922,-123.71254161987282,-159.26355449180465,-149.00788511243127,167.35495614281518,429.43861630986834,11093.827488349163,0.0,11239.3
2019-05-15,-45.76367719792839,-123.85811294507667,-104.59924469482269,-138.5345826588951,-137.50741001754818,163.88967572937494,434.47834192714475,11094.39500985775,1.8189894035458565e-12,11142.5
2019-05-16,7.498272226000521,-133.66612514511272,-60.340946848761845,-108.96174781596422,-123.45022815908604,160.07226989832225,439.43091497660816,11094.967590867995,-1.8189894035458565e-12,11275.55
2019-05-17,-87.39112867425536,-8.280113643048912,-2.9057937336021347,-72.79592703620754,-107.137074471971,155.92080952818358,444.29385267036764,11095.545375360534,0.0,11417.25
2019-05-20,91.68424138033006,117.87985837026623,47.64603649935726,-32.28799739287084,-88.86868389109335,151.45336378196802,449.0646739360377,11096.128507316005,0.0,11832.7
2019-05-21,-76.06825637179082,75.84470542151726,73.76214802182778,10.3111640408456,-68.94579135136729,146.6879933033546,453.74090622055564,11096.717130715057,0.0,11712.05
2019-05-22,29.658865284252137,-50.486434086515516,73.45858767112641,52.76388767361917,-47.66913178770223,141.64269249708232,458.3201432098061,11097.311389538332,0.0,11755.0
2019-05-23,-54.200301675681686,-77.69073894582354,49.83220659387863,92.85141203858109,-25.339440134998018,136.3351336910693,462.80030066650636,11097.911427766467,1.8189894035458565e-12,11682.5
2019-05-24,13.959706825444217,-3.147166349024235,12.060130671503588,128.20510723355255,-2.257451328178413,130.78255528074052,467.1797282858455,11098.517389380115,0.0,11845.3
2019-05-27,25.28757609544428,43.25167583727465,-21.189132262591567,156.28539084754385,21.276099697861515,125.00202416250742,471.4569472620429,11099.129418359915,1.8189894035458565e-12,11920.5
2019-05-28,21.438977028746027,39.04372295205352,-33.30506953402063,174.67314683640558,44.96047800821474,119.01058656893639,475.6304994531532,11099.747658686512,0.0,11941.2
2019-05-29,-45.62858681870858,-12.082778331571273,-24.065515322078543,182.3354620140196,68.49494866797185,112.8252887325795,479.69892671724324,11100.372254340546,0.0,11861.95
2019-05-30,22.870252550085493,-35.47119385590853,-5.749140348183319,180.0231791284377,91.59960542452514,106.4631768860151,483.6607709123677,11101.003349302662,-1.8189894035458565e-12,11944.4
2019-05-31,-60.160231177874614,-2.599180366104993,8.946788430198072,168.8817013842533,114.08396301763338,99.94129726180249,487.5145738965861,11101.641087553506,0.0,11918.25
2019-06-03,67.35143404621839,36.93990127499844,15.194887422774944,150.24434234165818,135.7982482201754,93.27669609249848,491.25887752796285,11102.285613073713,1.8189894035458565e-12,12092.35
2019-06-04,47.68496596753908,10.248461042172751,11.691650577222578,125.68001134442365,156.57919794946994,86.48641961067666,494.89222366455976,11102.937069843936,0.0,12036.2
2019-06-06,-76.87688113501386,-33.09668784395249,4.1563082680393295,96.46770048197381,176.25329017081143,79.58751404889631,498.41315416442694,11103.59560184482,-1.8189894035458565e-12,11848.5
2019-06-07,-25.71518713274491,-47.1384378101304,-0.3987483273066663,63.678210150950484,194.6455735368783,72.59702563973337,501.820210885619,11104.261353057,1.8189894035458565e-12,11863.75
2019-06-10,25.303343803642807,-13.418841203724131,0.7239754181170674,28.53202151856389,211.58109670031774,65.53200061574474,505.11193568621957,11104.934467461117,1.8189894035458565e-12,11928.3
2019-06-11,34.844666411191504,32.7697493313278,3.409928069277128,-7.370696797182355,226.8849083138034,58.40948520948483,508.28687042427845,11105.615089037821,-1.8189894035458565e-12,11962.85
2019-06-12,-6.906395997142495,55.188720862279965,2.0951883700281173,-42.35301464429292,240.3820570300041,51.24652565352248,511.3435569578457,11106.303361767754,0.0,11917.3
2019-06-13,31.028399866575803,39.3486956467939,-7.184108171872978,-74.88071380004696,251.89759150157425,44.060168180431276,514.280537144988,11106.999429631556,0.0,11905.55
2019-06-14,16.8820832698257,-3.6957443730961863,-21.783552665695943,-103.4765950886241,261.25656038118274,36.86745902276807,517.0963528437601,11107.70343660988,0.0,11810.85
2019-06-17,-42.100146804026686,-47.65258317742528,-35.74871927722458,-126.67308007150785,268.2840123214839,29.685444413111234,519.7895459122265,11108.41552668336,1.8189894035458565e-12,11674.0
2019-06-18,4.032212743998115,-43.87017634515658,-43.169030228883194,-143.02367477020175,272.8051090904539,22.53105746869837,522.3586582084416,11109.13584383265,0.0,11700.8
2019-06-19,-35.220604441578494,9.570929402801584,-40.903641667547625,-151.38032439635413,274.6480891602395,15.418788313576131,524.8022315904867,11109.864532038377,-1.8189894035458565e-12,11706.8
2019-06-20,65.34995839896206,37.93070582142661,-29.468438762664864,-151.65298886307642,273.66533852051003,8.354881687253949,527.1188079163974,11110.60173528119,0.0,11841.9
2019-06-21,-33.30567560898107,9.785949059440687,-10.660907788418594,-144.65730147119675,269.79022697820034,1.343182244976049,529.3069290442452,11111.347597541737,-1.8189894035458565e-12,11732.95
2019-06-24,-56.60259743374849,-20.435282461674955,10.327175830121444,-131.5229606175218,263.0777682948774,-5.611503244793718,531.3651368320776,11112.102262800663,0.0,11702.7
2019-06-25,1.6648413369482973,-28.15742617250688,29.54764084202541,-113.46375763289885,253.6544456395794,-12.503592189719857,533.2919731379734,11112.8658750386,-1.8189894035458565e-12,11776.9
2019-06-26,41.90648229938299,-28.89606496725696,47.738849248463424,-91.71439253306052,241.66677372999553,-19.326205833706084,535.0859798199778,11113.638578236205,0.0,11840.1
2019-06-27,24.25516298926425,-30.787227383222145,65.42749619772358,-67.50295187613074,227.2634583931648,-26.072153431063924,536.7456987361501,11114.420516374114,0.0,11843.75
2019-06-28,-38.08487644854553,-36.198981958110664,78.89747986213787,-42.0543394275467,210.59345703067802,-32.73424423614554,538.2696717445596,11115.211833432973,0.0,11793.9
2019-07-01,-0.7967291062803886,-9.269985440769164,83.01413494970774,-16.568623802717127,191.80737680664114,-39.30528750326007,539.6564407032538,11116.012673393423,0.0,11864.55
2019-07-02,-9.820160486490115,50.86183733100502,75.49979317615187,7.9451259182785074,171.06376884138066,-45.77809248674293,540.9045474703139,11116.823180236104,-1.8189894035458565e-12,11907.5
2019-07-03,-23.229318557925367,94.83629494935043,54.97987066984551,30.9068670158378,148.54572251836987,-52.145468440922386,542.0125339829035,11117.64349786254,0.0,11913.55
2019-07-04,38.87844524337401,98.63484676202097,21.483097342812147,51.795518191005606,124.45560472844858,-58.4002246201267,542.9789426256332,11118.47376972683,1.8189894035458565e-12,11938.3
2019-07-05,35.627609912042395,18.29479199563783,-19.4721842208432,70.01738979077277,99.00110773489457,-64.53517027868413,543.8023167074404,11119.314138358737,1.8189894035458565e-12,11802.05
2019-07-08,-56.420457699604626,-72.58213508615205,-58.45304491781169,84.96240658115032,72.39039996804108,-70.54311467092053,544.4812032512543,11120.164742574043,0.0,11564.0
2019-07-09,29.167976058068405,-121.59776779711954,-85.3453548647051,96.02036672648647,44.831776459919986,-76.41686705116417,545.0141597083777,11121.025710760136,1.8189894035458565e-12,11552.7
2019-07-10,-22.69351009973149,-95.28377142190729,-92.33919917903265,102.6320073596328,16.536795180239736,-82.14923667374092,545.3997498404142,11121.897164994125,0.0,11494.0
2019-07-11,42.19611830958232,-58.42253144578166,-81.14459170654409,104.5642152521789,-12.275942378521815,-87.73303279297902,545.6365396757083,11122.77922508636,-3.637978807091713e-12,11575.6
2019-07-12,-25.295517560843347,-6.992149185163294,-57.01730448479582,102.13562495024085,-41.414695146033374,-93.16106466322586,545.723095831922,11123.672010257898,0.0,11547.65
2019-07-15,-27.23536361282853,43.59702425720867,-25.63777966705658,95.86651018821979,-70.74787428323751,-98.42614153878341,545.6579851853055,11124.575639471172,0.0,11587.65
2019-07-16,6.993228778822635,93.2251682442285,7.2670198699259165,86.32618517594929,-100.17053569568787,-103.52107267399427,545.4397748104382,11125.49023149032,-1.8189894035458565e-12,11661.05
2019-07-17,32.50437211333458,110.16865738637084,36.02558072933929,74.08887695891029,-129.58175672613623,-108.43866732317234,545.0670320149566,11126.415904846395,1.8189894035458565e-12,11686.25
2019-07-18,18.573149606411647,66.41936137245126,56.289528445371914,59.72938259979079,-158.88078946033875,-113.1717347406674,544.5383248809815,11127.352777295997,1.8189894035458565e-12,11600.85
2019-07-19,-33.19326606542281,-8.112089967035189,68.15086927838533,43.83126883258872,-187.96688598405157,-117.71308418080532,543.8522216842555,11128.300966402085,0.0,11437.15
2019-07-22,-28.66706720454533,-68.61190228638308,72.82928995132977,26.97662239240896,-216.73929838303565,-122.05552489789764,543.0072906977572,11129.260589730366,0.0,11336.0
2019-07-23,18.615067890515725,-72.68325131365614,71.86824776994231,9.70521550148868,-245.09727874305423,-126.19186614627976,542.0021001175439,11130.2317649235,1.8189894035458565e-12,11328.45
2019-07-24,-14.424084390857121,-46.08709471539775,67.32554208450858,-7.5091944119204115,-272.940079149854,-130.11491718027756,540.8352178440484,11131.214609919749,0.0,11268.3
2019-07-25,-22.958495161768823,10.548407254548955,60.60203806378703,-24.171965648239983,-300.16695168920296,-133.8174872542145,539.5052115947981,11132.209242840292,0.0,11261.75
2019-07-26,46.705452531880276,30.051940010671508,53.37992619141396,-39.694215558305494,-326.67714844684775,-137.29238562243802,538.0106490580663,11133.215781835559,0.0,11297.7
2019-07-29,1.9558110137586373,20.791684301803418,45.128740220779996,-53.40833546664632,-352.36992150853973,-140.53242153926672,536.3500979221386,11134.234345055971,0.0,11192.15
2019-07-30,-42.60987326569273,7.449901965110715,31.276762048106598,-64.62904005569008,-377.1445229600542,-143.53040425903134,534.5221258753049,11135.265050651948,-1.8189894035458565e-12,11080.6
2019-07-31,43.499095166261924,12.964036090850282,8.384095388242141,-72.70117092416672,-400.90023006488036,-146.27914303604575,532.5253006058269,11136.30801677391,0.0,11113.8
2019-08-01,-34.6029477836105,27.739277100474865,-20.24338878974102,-77.0061876512923,-423.5368571254636,-148.77144712464536,530.3581898020018,11137.363361572277,-1.8189894035458565e-12,10991.3
2019-08-02,40.68633060361981,13.129991055766377,-47.028389443024686,-76.93254376164035,-444.95582702512485,-151.0001257791776,528.0193611521127,11138.431203197468,1.8189894035458565e-12,11000.35
2019-08-05,-46.78754781735297,-6.208869709445584,-63.48600801956181,-71.8696210889193,-465.0590072551267,-152.95798825394203,525.50738234444,11139.511659799908,0.0,10858.65
2019-08-06,58.77747183446168,-30.25338156454513,-60.70817031542762,-61.453222614856266,-483.75052413362573,-154.6378438032836,522.8208210672645,11140.604849530015,-3.637978807091713e-12,10931.4
2019-08-07,-73.38489197459552,-12.618135529421773,-33.534453893168056,-46.41445098518285,-500.93470148318585,-156.03250168152346,519.9582450088595,11141.710890538217,0.0,10838.75
2019-08-08,61.29626638839592,22.282090713973318,6.524287224367191,-28.193345561954526,-516.5226504542361,-157.13477256239236,516.9182232769155,11142.829900974932,0.0,11048.0
2019-08-09,81.713659680802,25.240420726973305,43.145393360269026,-8.317754611751644,-530.4555760063622,-157.93748277773497,513.699340637234,11143.961998990571,-1.8189894035458565e-12,11111.05
2019-08-13,-91.42069328414539,-14.271939610319903,62.05939262541622,11.72036839140126,-542.7111540541309,-158.43352414270922,510.30024733892543,11145.107302735563,0.0,10922.35
2019-08-14,6.658808802677411,-20.015865710989328,55.66753440304894,30.49896375933938,-553.2791767730273,-158.6159501914313,506.7197553500415,11146.265930360338,1.8189894035458565e-12,11013.9
2019-08-16,19.87112794856448,19.957464623313445,26.029492465082996,46.87583688425057,-562.1507841171835,-158.47810025234793,502.9569624330053,11147.438000015314,0.0,11042.5
2019-08-19,46.900758535537776,39.963338378006654,-11.992197813067438,59.9248903015147,-569.3180719491902,-158.01354116534236,499.0111938616523,11148.62362985089,-1.8189894035458565e-12,11055.1
2019-08-20,73.71871403659246,12.70605301303381,-44.3492953864364,68.76395372598206,-574.7782974310708,-157.21592273171765,494.8818567560941,11149.822938017522,0.0,11023.55
2019-08-21,46.64779122083636,-43.32229288080565,-63.69083838101521,72.53499132232183,-578.5451297456236,-156.07898142421476,490.56841722288897,11151.036042665612,0.0,10919.15
2019-08-22,-101.57758840537296,-70.98223221360703,-64.6342841099835,70.50652400866097,-580.6491559630731,-154.59684204888325,486.07051678668984,11152.263061945569,0.0,10736.4
2019-08-23,-36.72395379828274,-40.32621523314076,-44.77529339208329,62.55943334205529,-581.1116489715231,-152.76468126179554,481.3882453069326,11153.504114007836,1.8189894035458565e-12,10841.75
2019-08-26,103.88729308128569,14.511378225356314,-11.153404489125409,49.866861002465484,-579.9644832564431,-150.5792284658414,476.5222668994666,11154.759317002834,1.8189894035458565e-12,11057.85
2019-08-27,74.61699088806463,77.98609257434758,26.793377172605098,33.9338082620863,-577.2425289371881,-148.04008832370255,471.47355928281735,11156.028789080967,1.8189894035458565e-12,11115.55
2019-08-28,-44.88993993760847,107.42025311083762,59.61930508707049,16.272577467472626,-572.9778260259625,-145.15021363125155,466.2431955367669,11157.312648392675,0.0,11043.85
2019-08-29,-91.73197577861626,64.97155430268494,79.44832642694976,-1.616195061161183,-567.2014068380987,-141.91358731689175,460.83227117676097,11158.611013088372,0.0,10961.4
2019-08-30,81.51504836924416,-30.971631983961974,84.80437830562765,-18.385181729665437,-559.9432121142771,-138.3352895620586,455.2418873966325,11159.924001318457,1.8189894035458565e-12,11033.85
2019-09-03,-64.55312922326844,-128.47671476482353,77.02208416599079,-33.213533658091094,-551.2312906324503,-134.42230692808215,449.4731598073405,11161.251731233384,0.0,10775.85
2019-09-04,38.08331073401032,-148.4677850596594,58.13811049929109,-45.750059125512394,-541.0925545484914,-130.18256195191935,443.52721846871816,11162.594320983562,1.8189894035458565e-12,10836.85
2019-09-05,-12.178997718560028,-68.26294840222886,30.734000252574333,-55.77384887800261,-529.5510763654802,-125.62426619028228,437.40524858256884,11163.951888719412,0.0,10840.7
2019-09-06,5.164974140741888,41.379434718193295,-1.5169827313301267,-63.081039118401826,-516.6237160561017,-120.75594935648488,431.10872581203023,11165.324552591353,0.0,10941.0
2019-09-09,11.561594853768119,121.75255430508346,-34.984464922470515,-67.4690096884033,-502.326089954243,-115.58658913820776,424.63957379466416,11166.712430749807,1.8189894035458565e-12,11004.3
2019-09-11,7.401467724048273,158.46461763836365,-67.49732482900154,-68.7314180886691,-486.6775367347771,-110.12557672628768,418.00012967112156,11168.115641345203,0.0,11018.95
2019-09-12,-43.201434803761146,181.50560135426954,-97.2367719034153,-66.65205313582314,-469.71007130977796,-104.38259491618186,411.19302218674073,11169.534302527947,1.8189894035458565e-12,10981.05
2019-09-13,60.19385967961939,175.97081302834218,-119.1092785174588,-61.04700550532091,-451.4804747171233,-98.36744021273277,404.2209937962024,11170.968532448473,0.0,11081.35
2019-09-16,18.384952447104844,109.52724545413575,-128.20258935657543,-51.95761348438295,-432.06732215089403,-92.08998223006064,397.0868600634791,11172.418449257195,-1.8189894035458565e-12,10993.1
2019-09-17,-50.27462773189064,-28.577320999731448,-121.01893213080014,-39.7929479513714,-411.5536882609976,-85.5601169797766,389.79346295002733,11173.88417110454,0.0,10826.9
2019-09-18,86.25459712691652,-206.65693398919743,-94.4825102008914,-25.36416838705491,-390.0227046345146,-78.78774341478768,382.3436473586018,11175.36581614093,-1.8189894035458565e-12,10848.65
2019-09-19,-153.5926629891356,-205.10800895047188,-47.20826805551481,-9.604557367112646,-367.5575028585183,-71.78276048798178,374.74025819196675,11176.86350251677,-1.8189894035458565e-12,10696.75
2019-09-20,136.7795965751763,-18.664540746008463,14.224949906102557,6.542787201736653,-344.2412145200941,-64.55506715229218,366.9861403528769,11178.377348382503,0.0,11275.45
2019-09-23,163.76359630437946,171.1053928995716,76.77616631758248,22.134767412750346,-320.15697120630097,-57.11456236059483,359.0841387440701,11179.907471888542,0.0,11595.5
2019-09-24,28.801616727567254,209.39626855432957,126.24178947530018,36.2282853592097,-295.38790450421936,-49.47114506582064,351.0370982683323,11181.453991185299,1.8189894035458565e-12,11588.3
2019-09-25,-127.44275678524325,145.84538073450383,150.7041048865401,47.88024313438403,-270.0171460009226,-41.634714220862286,342.84786382839405,11183.017024423207,0.0,11431.2
2019-09-26,53.398634927710454,81.84313356004229,147.1170813966663,56.26817609798919,-244.12782728348654,-33.61516877862916,334.5192803270198,11184.596689752687,0.0,11580.0
2019-09-27,1.0800722950368704,64.08193525037919,117.16499071443464,61.151299086450365,-217.80318764540488,-25.422407692018712,326.05419266696657,11186.193105324153,1.8189894035458565e-12,11512.5
2019-09-30,16.449411209556,31.69052329391621,70.07806218366673,62.812562929846685,-191.12606474205927,-17.06632991395708,317.455445751001,11187.80638928803,1.8189894035458565e-12,11478.1
2019-10-01,-12.170985077231544,-23.266704754648536,15.69792082847228,61.65945938291913,-164.17540025878728,-8.556834397327368,308.7258844818657,11189.436659794737,0.0,11367.35
2019-10-03,46.07778982210838,-107.18437327942537,-37.918679071664414,58.10143427744757,-137.02474041043894,0.09617990495146046,299.8683537623227,11191.0840349947,0.0,11313.1
2019-10-04,-21.99069335341121,-165.5670199110487,-83.90973434234017,52.53982586965229,-109.73952383629288,8.88281403998674,290.8856984951243,11192.748633038329,1.8189894035458565e-12,11163.85
2019-10-07,-64.36638458498815,-155.82351785336635,-116.85623622633234,45.375145894630236,-82.38351194388157,17.793169054842767,281.7807635830299,11194.430572076066,0.0,11119.95
2019-10-09,68.54936030160265,-90.43330103636985,-136.02944090552154,37.0307302722653,-55.02105881572354,26.8173459966484,272.556393928787,11196.129970258313,0.0,11319.6
2019-10-10,-46.34452145720743,-68.56686768384394,-143.14660395797233,28.018451261156375,-27.71828424528388,35.94544591248705,263.2154344351694,11197.846945735495,0.0,11239.25
2019-10-11,-6.033387657073208,-68.99184676846872,-140.6016162847452,18.909368881506957,-0.5424346836232977,45.16756984943977,253.76073000492235,11199.58161665804,0.0,11301.25
2019-10-14,-23.915701150537757,-50.74801380919563,-132.2361037300496,10.25741162452013,26.439361493474397,54.47381885462106,244.19512554080282,11201.334101176364,0.0,11329.8
2019-10-15,21.971659634291697,-27.19577596111624,-121.3550552722453,2.535963633819793,53.16293060368607,63.85429397510478,234.5214659455703,11203.10451744089,0.0,11430.6
2019-10-16,-25.820009115188828,29.499794025789598,-110.75099688653124,-3.885009955653837,79.57154594956539,73.29909625801021,224.74259612196994,11204.892983602036,1.8189894035458565e-12,11471.55
2019-10-17,2.0246395455680903,80.79214281271854,-101.70438428160394,-8.793773457075485,105.6220698469836,82.79832675040646,214.86136097278032,11206.699617810224,-1.8189894035458565e-12,11582.3
2019-10-18,32.3480095329408,98.67071877820607,-94.37490417487363,-12.225274810401416,131.2842205581177,92.34208649939605,204.8806054007322,11208.524538215881,1.8189894035458565e-12,11661.45
2019-10-22,-35.13571099451639,63.1649787910378,-87.34332059830027,-14.415535457524502,156.53807442920157,101.92047655208154,194.80317430859944,11210.36786296942,0.0,11589.9
2019-10-23,28.55795861055464,-10.806660183224562,-77.34169561875004,-15.66523555832524,181.37041197380043,111.52359795555114,184.63191259911997,11212.229710221274,0.0,11614.5
2019-10-24,13.700601171978029,-66.46060573868172,-61.21190140532918,-16.266217729683994,205.76670864789406,121.14155175690503,174.36966517507,11214.110198121847,0.0,11585.15
2019-10-25,-53.17574583900175,-59.449831542994616,-37.01658879200069,-16.456548833796756,229.70555424379307,130.7644390032266,164.01927693919464,11216.009444821579,0.0,11574.4
2019-10-29,44.66650527889768,3.68398111290417,-6.662835497844977,-16.388671416011306,253.1574985153094,140.38236074161128,153.58359279425576,11217.927568470881,-1.8189894035458565e-12,11790.35
2019-10-30,12.210722193158674,37.93185935021087,26.818570572718667,-16.161787905665584,276.0850729072418,149.9854180191544,143.06545764301285,11219.864687220168,0.0,11849.8
2019-10-31,-9.538063350049503,34.26983493167388,60.032792069370664,-15.85964556613843,298.44273442410287,159.56371188295853,132.4677163882134,11221.82091921987,0.0,11881.2
2019-11-01,-14.082459826121148,6.299361851294621,87.96720963210059,-15.563917914778449,320.18287706146873,169.10733264301334,121.79321393261452,11223.796382620409,0.0,11899.5
2019-11-04,21.24834613404873,-21.496135055993992,104.0519661128324,-15.354075397233347,341.2575797942785,178.6063276608928,111.04479517898044,11225.791195572196,-1.8189894035458565e-12,11945.15
2019-11-05,-27.317599299311073,-19.317804283050805,102.82479504240183,-15.289660419257931,361.61876770435885,188.05071999913454,100.22530503005628,11227.80547622567,-1.8189894035458565e-12,11918.6
2019-11-06,-17.050786000911717,12.122452667482492,83.49934658433187,-15.3975345781523,381.21911173479674,197.43048368081574,89.33758318040664,11229.83934273123,1.8189894035458565e-12,11961.0
2019-11-07,41.47161962113344,24.0359883807982,49.32826267190091,-15.758384055447394,400.0095516507031,206.7356050771637,78.38444341443397,11231.892913239315,0.0,12016.1
2019-11-08,-34.358936795427894,14.38262531991688,6.899601927224479,-16.452808490336558,417.9384758347067,215.95606911726236,67.36866718630662,11233.966305900347,1.8189894035458565e-12,11905.7
2019-11-11,21.715892193007413,-8.480336398810879,-35.31681944075774,-17.556441866328438,434.95341001697284,225.08168159041486,56.29297504076769,11236.059638864734,0.0,11912.75
2019-11-13,-19.16096297722466,-25.985005159050086,-68.59635971586607,-19.145444660302154,451.0030023340365,234.1018237019211,45.15991619358351,11238.1730302829,1.8189894035458565e-12,11835.55
2019-11-14,2.226231343495443,-8.463402507593234,-86.58696920799478,-21.29885481873777,466.0392095467617,243.00541491816222,33.97177242063308,11240.306598305275,0.0,11869.2
2019-11-15,14.11054975137936,-1.9273541868087325,-89.79232535719076,-24.082573263161336,480.0194041105255,251.78123978348023,22.730598079500766,11242.460461082275,-1.8189894035458565e-12,11895.3
2019-11-18,-25.92316411635423,21.11442705578726,-82.8795064807296,-27.465127984466115,492.91215940091024,260.4181734368342,11.438301923707833,11244.634736764308,1.8189894035458565e-12,11894.25
2019-11-19,11.396499866192647,23.788729756494888,-68.78447194012816,-31.285603765846588,504.7034188575466,268.9051486780843,0.09673504582662816,11246.829543501828,1.8189894035458565e-12,11955.65
2019-11-20,32.10094168248471,15.654522581388372,-49.3260136014177,-35.366857661779285,515.4036063277849,277.23106089719516,-11.292259670879549,11249.044999445225,0.0,11993.45
2019-11-21,5.526061824851944,-16.53923764421612,-24.370670069251172,-39.55302374841136,525.0479342489251,285.3845519863721,-22.726839343204784,11251.281222744934,0.0,11964.05
2019-11-22,-56.54925271526112,-35.02198733579793,5.000183011520903,-43.706746555644465,533.6908974573465,293.3537356743952,-34.20516108794077,11253.538331551383,0.0,11916.1
2019-11-25,54.96207908573458,-17.060305191874942,36.184118246961276,-47.70118073572703,541.3984655150022,301.1257610867582,-45.72538202181943,11255.816444014967,-1.8189894035458565e-12,12079.0
2019-11-26,-38.614968962116194,14.912382816048126,64.15766272963407,-51.42011935448719,548.2478966916434,308.68712705480067,-57.28565926165636,11258.115678286134,-1.8189894035458565e-12,12046.8
2019-11-27,-15.220034394819065,37.2898792769167,82.98449241103002,-54.766108517894935,554.3357474988732,316.02402113481423,-68.88414992421936,11260.436152515302,-1.8189894035458565e-12,12112.2
2019-11-28,42.7363227707173,17.211978924187047,87.95003051539734,-57.65827792026391,559.7783939847426,323.12257799862016,-80.51901112627142,11262.777984852872,-1.8189894035458565e-12,12155.4
2019-11-29,-32.10729679340341,-6.432756362910373,78.92373280366877,-60.01270548056593,564.7072000505095,329.96893231803006,-92.1883999846162,11265.141293449287,0.0,12048.0
2019-12-02,15.339213401430007,-32.36617546978345,57.54627989435984,-61.720511758434505,569.2662523286444,336.5492187648246,-103.89047361599516,11267.526196454955,-1.8189894035458565e-12,12048.25
2019-12-03,-19.40373417494676,-13.58971358139884,25.947462696819596,-62.667970143010415,573.6049603085963,342.8495722153642,-115.62338934172955,11269.932812020306,-1.8189894035458565e-12,12001.05
2019-12-04,18.975530243778593,20.35872326683816,-11.000614807428025,-62.74304089547656,577.8774462575664,348.8560046264421,-127.38530698747427,11272.361258295754,-1.8189894035458565e-12,12037.3
2019-12-05,16.022332238286808,28.435735545965066,-47.154694169254924,-61.8360765643785,582.2414854493065,354.55396738012996,-139.174403311773,11274.811653431718,0.0,12007.9
2019-12-06,-28.761837965383737,7.250232992602705,-77.57999085047837,-59.83874288126041,586.8567971105649,359.92832907895195,-150.9889030636335,11277.284115578637,-1.8189894035458565e-12,11914.15
2019-12-09,31.95881846552913,-14.549278250411446,-97.61562532587293,-56.64262047698935,591.8837670581862,364.96324294101316,-162.82706729836346,11279.77876288691,0.0,11936.95
2019-12-10,-30.798071644308006,-28.235499077779842,-102.30497667928236,-52.14865868081191,597.4848865154877,369.64377305710116,-174.6871669973834,11282.295713506977,0.0,11861.25
2019-12-11,-4.3515233649194895,-23.591001679337715,-88.5721170101749,-46.33528565993491,603.8243189369927,373.95799796858887,-186.56747478045418,11284.83508558924,0.0,11913.2
2019-12-12,-17.956759795931312,6.433381168466661,-58.27967231394994,-39.38798352346908,611.0628777328452,377.89742291513784,-198.46626346723482,11287.396997284137,0.0,11968.7
2019-12-13,43.26427996061509,14.391585981492677,-16.736027506609442,-31.577245322703508,619.3513084477672,381.45633757475895,-210.38180587740578,11289.981566742086,-1.8189894035458565e-12,12089.75
2019-12-16,-40.27427682588984,11.373901282711834,28.839251606279838,-23.178091625341885,628.8321778944999,384.6305003848319,-222.31237483059024,11292.588912113499,0.0,12060.5
2019-12-17,13.771121159470656,16.36814749720307,70.6996432715564,-14.462770148360596,639.6442459092927,387.4167039085055,-234.25624314646873,11295.219151548803,-1.8189894035458565e-12,12174.4
2019-12-18,7.323506195246622,29.784638557923675,102.64665126450753,-5.700883343453247,651.9230947070413,389.81227306501654,-246.2116836447002,11297.87240319842,-1.8189894035458565e-12,12227.45
2019-12-19,-4.722822704290799,39.84585817508914,121.84879923489332,2.846129710281848,665.7956007188998,391.81461513990365,-258.176965487547,11300.54878521277,0.0,12259.8
2019-12-20,-2.6905571148384,23.482564702385954,127.85784261544093,10.910125317313748,681.3708291559915,393.42110251286636,-270.1503229314324,11303.248415742273,0.0,12267.45
2019-12-23,19.216534883419023,-10.360823478292655,121.9677523886184,18.11978906689702,698.7362168711672,394.62901731238907,-282.1298999815526,11305.971412937353,1.8189894035458565e-12,12266.15
2019-12-24,6.452192210237486,-53.016955279640534,106.58643885402779,23.975279874200208,717.9633483689073,395.4355985277594,-294.1137975039237,11308.717894948431,0.0,12212.0
2019-12-26,-53.60630817346579,-67.62556295834275,83.76671342668216,28.02595185136484,739.1132571441058,395.83807602775084,-306.1001072440213,11311.487979925925,0.0,12130.9
2019-12-27,59.89411522181858,-48.12645400982567,54.735863065565354,29.94664135782623,762.2212896105734,395.83367877317164,-318.0869200393894,11314.281786020261,0.0,12250.7
2019-12-30,37.7956403310117,0.8023889708160822,20.9476005469812,29.485894142198465,787.2717356298394,395.4196357248565,-330.0723267275648,11317.099431381861,0.0,12258.75
2019-12-31,-65.93265201188674,45.030136687737624,-15.90901711841081,26.44467263038586,814.187067953508,394.5931758436137,-342.0544181460845,11319.941034161136,0.0,12176.3
2020-01-01,-64.87348123542628,83.5388554945115,-54.57917467639049,20.648374645892353,842.8384703051131,393.3515280902708,-354.0312851324804,11322.806712508509,1.8189894035458565e-12,12189.7
2020-01-02,54.93317715333538,83.3756256086435,-92.35931062363032,11.959881280960605,873.053139104941,391.69192142563605,-366.0010185242989,11325.696584574413,0.0,12282.35
2020-01-03,67.28130689303704,34.74933609667347,-124.99163155153418,0.27278959161497685,904.6275548094821,389.61158481054645,-377.9617091590841,11328.610768509265,0.0,12222.2
2020-01-06,-67.72693768260284,-49.5374321137563,-146.22507601945657,-14.490376860188952,937.3341408810763,387.10774720580565,-389.9114478743512,11331.549382463472,1.8189894035458565e-12,11988.1
2020-01-07,47.528818941245135,-93.34047428401,-149.31259616239848,-32.3427419951453,970.925136848249,384.17763757224344,-401.8483255076586,11334.512544587475,0.0,12060.3
2020-01-08,-48.11761118580755,-56.936198191273576,-129.87636037496603,-53.15043331239282,1005.1321780586159,380.81848487068254,-413.7704328965432,11337.500373031686,0.0,12021.6
2020-01-09,36.91418489175372,15.238574157520649,-92.58781954030738,-76.63820009688504,1039.6586174579975,377.0275180619288,-425.6758608785345,11340.512985946527,0.0,12214.45
2020-01-10,-9.203765712814405,59.73501031403853,-44.510240622302625,-102.48686308370154,1074.1760918067234,372.8019661068122,-437.5627002911742,11343.550501482418,1.8189894035458565e-12,12256.5
2020-01-13,0.786336720981672,78.48856934701588,7.025682345383272,-130.36165469256952,1108.3380124952537,368.1390579661553,-449.4290419719992,11346.61303778978,-1.8189894035458565e-12,12329.6
2020-01-14,6.0257466463593365,66.61358736451274,54.07692355702462,-159.924535130363,1141.7945187012049,363.0360226007665,-461.27297675854385,11349.700713019038,0.0,12360.05
2020-01-15,-15.69351302500204,46.17271650026501,89.30456356144452,-190.84041128422564,1174.1955054437947,357.49008897147326,-473.09259548835934,11352.813645320608,1.8189894035458565e-12,12340.35
2020-01-16,4.711883931493671,34.477461535975394,109.9119609310285,-222.80545061599506,1205.189694332457,351.4984860390959,-484.8859889989682,11355.951952844913,0.0,12354.05
2020-01-17,32.9370015866448,7.707846965996935,119.12175966973648,-255.61307705830174,1234.4235204570095,345.0584427644498,-496.65124812791436,11359.115753742379,0.0,12346.1
2020-01-20,-12.61885304636862,-42.88244011748481,121.72992174136377,-289.1046883907512,1261.540169254194,338.1671881083674,-508.3864637127443,11362.305166163422,1.8189894035458565e-12,12230.75
2020-01-21,-7.5620638121552055,-83.66022575807578,121.341495402443,-322.898425433959,1286.1766869026078,330.8219510316592,-520.0897265909828,11365.520308258461,1.8189894035458565e-12,12169.65
2020-01-22,-51.85926083544763,-71.82077220707427,120.01240543407307,-356.16853859581704,1307.96403513138,323.0199604951385,-531.7591276001763,11368.761298177924,0.0,12108.15
2020-01-23,0.8359939744222401,-19.77719918584858,116.53804290354473,-387.62194853034606,1326.531168884224,314.7584454596255,-543.3927575778521,11372.028254072231,-1.8189894035458565e-12,12179.9
2020-01-24,68.36073544563115,22.3098447216992,109.28745173600167,-415.6843146463836,1341.5079851589553,306.0357108538615,-554.9887073615638,11375.321294091797,1.8189894035458565e-12,12252.15
2020-01-27,-50.71743622910802,42.452553091446205,95.35455082215098,-438.667403369484,1352.5279016086313,296.8543654781521,-566.5450677888361,11378.640536387047,0.0,12109.9
2020-01-28,-53.09971369442644,50.61808651739286,68.92010340179681,-454.86897855348127,1359.2356111918014,287.2187217257373,-578.0599296972204,11381.9860991084,0.0,12061.95
2020-01-29,61.35659057710531,72.0669520342729,26.95138583067558,-462.6439522466092,1361.3060249573427,277.13628236516627,-589.5313839242366,11385.358100406283,0.0,12132.0
2020-01-30,14.132810165178485,80.2246386278664,-23.027484839190297,-460.43478194418714,1358.487666986642,266.61801388001334,-600.957521307436,11388.756658431113,0.0,12023.8
2020-01-31,94.18931476138425,1.2020799822540849,-68.305919874086,-446.7820693389782,1350.6247925136481,255.67634330681997,-612.336432684353,11392.181891333312,0.0,11966.45
2020-02-01,-112.26805711075004,-83.04173465614208,-94.48665104841889,-420.448525637092,1337.6019587391202,244.32530134251633,-623.6662088925316,11395.6339172633,-1.8189894035458565e-12,11643.65
2020-02-03,-45.52633478921734,-75.11915422676499,-89.88014022209892,-380.95753359667594,1319.335084744382,232.58016448837478,-634.9449407694967,11399.112854371497,1.8189894035458565e-12,11724.6
2020-02-04,100.46104305011964,-5.07742257996018,-58.3679211669398,-328.4772247491434,1295.8569353272037,220.4564884631871,-646.1707191527959,11402.61882080833,-1.8189894035458565e-12,11981.3
2020-02-05,87.28494111899838,57.302310521796855,-12.16097015399396,-264.51983321241926,1267.2634105364011,207.96984134496583,-657.3416348799648,11406.151934724216,1.8189894035458565e-12,12091.95
2020-02-06,58.28336253291378,60.122278459686655,35.71764166175874,-190.9250509527246,1233.6594416056016,195.13579121173652,-668.4557787885426,11409.712314269571,0.0,12133.25
2020-02-07,-20.495591017803214,31.329440664912404,74.39001850049719,-109.53256993629716,1195.1499597684106,181.96990614151764,-679.5112417160639,11413.300077594828,0.0,12086.6
2020-02-10,-86.7550236372409,0.6879753775694083,96.80698894736727,-22.176819508830242,1151.8398962584774,168.48775421232526,-690.5061145000628,11416.915342850394,0.0,12035.3
2020-02-11,-24.646392772947063,-12.009934598201028,100.13233957488656,69.31516177605413,1103.8341823094195,154.70490350217898,-701.4384879780968,11420.558228186706,0.0,12110.45
2020-02-12,51.83467394471714,-2.172063779293444,87.42962658672838,163.01069323740205,1051.2377491548618,140.63692208909606,-712.3064529876871,11424.228851754175,0.0,12203.9
2020-02-13,38.827038536134246,-18.88924788325631,66.99091420650021,256.7471577242467,994.1555280284343,126.29937805108177,-723.1081003663716,11427.927331703231,0.0,12168.95
2020-02-14,11.030238275132758,-31.78135528288383,43.52655766195912,348.3620044832597,932.6924501637618,111.70783946618685,-733.8415209516979,11431.653786184283,0.0,12113.35
2020-02-17,-19.589855420406323,-41.349311911569,20.48499943231201,435.8605452523993,866.9622204683063,96.87787441238791,-744.5048055811899,11435.40833334776,0.0,12050.15
2020-02-18,-59.79606353787988,-11.802040824134368,-1.048943582210938,517.6527301547603,797.1242205700518,81.82505096773205,-755.0960450923914,11439.191091344073,-1.8189894035458565e-12,12008.05
2020-02-19,52.47111304184081,42.57744588740918,-23.998206049369085,592.5569280375364,723.3889338715512,66.56493721022699,-765.6133303228585,11443.002178323664,0.0,12130.95
2020-02-20,50.86834448030738,58.65180633214635,-53.48295222026911,659.1853140625435,645.9774258005366,51.113101217892314,-776.0547521100835,11446.841712436924,1.8189894035458565e-12,12083.1
2020-02-24,-80.19127416328563,30.519631350992974,-94.38693576063149,715.0212951767718,565.110761784753,35.48511106875368,-786.4184012916622,11450.709811834307,1.8189894035458565e-12,11835.85
2020-02-25,13.627047388707743,30.85579648965679,-145.63723963797457,756.8936277057268,481.01000725194785,19.696534840821144,-796.7023687051026,11454.606594666218,-1.8189894035458565e-12,11814.35
2020-02-26,-22.34114347064596,60.34977196656855,-191.6723023098022,781.7167613399757,393.90653796665504,3.762940612104775,-806.9047451879283,11458.532179083071,1.8189894035458565e-12,11677.35
2020-02-27,99.07015039831079,5.775689293200819,-208.60036198469132,786.4417720201275,304.0997921548162,-12.300103539357854,-817.0236215777131,11462.48668323531,-1.8189894035458565e-12,11619.95
2020-02-28,-84.49016178565655,-108.86109269375838,-180.72408503759078,768.5185631323116,212.02066935890076,-28.477029535580584,-827.0570887119535,11466.470225273326,1.8189894035458565e-12,11217.4
2020-03-02,-67.95404097611353,-115.36442134077204,-101.83399731182261,727.4426866800093,118.18235632786477,-44.75226929849954,-837.0032374282291,11470.482923347563,0.0,11149.2
2020-03-03,63.49121490042649,0.5733938800325781,10.734867844513857,664.6841347470458,23.111906333724797,-61.11025475012498,-846.8601585640565,11474.524895608436,1.8189894035458565e-12,11329.15
2020-03-04,-37.70125075069851,112.38987543571675,127.71805983702801,582.1220433924819,-72.66362735148347,-77.53541781243248,-856.6259429569702,11478.596260206357,0.0,11256.3
2020-03-05,74.67285260202732,128.9215716403635,219.10043870580597,481.53606506770205,-168.61719145573267,-94.01219040742274,-866.298681444501,11482.697135291757,0.0,11258.0
2020-03-06,11.579630150866107,105.08072073559502,263.57922761569864,364.55598451103396,-264.22173270699193,-110.5250044570534,-875.8764648642035,11486.827639015055,0.0,10981.0
2020-03-09,-190.59946105730396,32.312325392697325,262.8174883072185,233.44763160088837,-358.9501978332446,-127.0582918833072,-885.3573840536244,11490.987889526677,-1.8189894035458565e-12,10457.6
2020-03-11,239.90908190398974,-108.63332223091217,225.93491472988487,92.32286864091925,-452.27553356245386,-143.59648460818246,-894.7395298502848,11495.17800497704,0.0,10454.1
2020-03-12,-261.72030503072773,-106.5433436194648,161.29137886480893,-53.96013946320609,-543.6706866226067,-160.124014553644,-904.0209930917204,11499.39810351656,0.0,9630.65
2020-03-13,253.3633806733099,109.26450367990907,77.07052525418484,-200.46293090424612,-632.6086037416602,-176.62531364168058,-913.1998646154811,11503.648303295664,0.0,10020.45
2020-03-16,-204.78323110606266,84.869974287151,-11.79714106991751,-342.24704387496894,-718.562231647599,-193.08481379428085,-922.2742352590978,11507.928722464776,0.0,9200.05
2020-03-17,85.2703490448192,-116.80972137016172,-99.29243041890173,-474.37401656815086,-801.0045170683851,-209.48694693342404,-931.242195860105,11512.239479174308,0.0,8965.3
2020-03-18,-124.78427950582225,-35.48687418940973,-179.77776173377282,-591.9053871765528,-879.4084067319899,-225.81614498108573,-940.1018372560646,11516.580691574698,0.0,8539.3
2020-03-19,-321.6804569207846,136.24100241102576,-233.55539190352485,-689.9026938929309,-953.2468473664135,-242.0568398592439,-948.8512502844751,11520.952477816347,0.0,8267.9
2020-03-20,379.51523504954986,86.56889858816622,-245.97101675996825,-763.4432979550335,-1021.9927856996047,-258.1934634898908,-957.488525782895,11525.354956049678,-1.8189894035458565e-12,8744.35
2020-03-23,-406.7771733452032,-130.97439788620747,-221.4836729598585,-808.561629390439,-1085.1191684595433,-274.21044779500573,-966.0117545888729,11529.78824442513,0.0,7636.65
2020-03-24,-101.26518097697868,-182.88842735759522,-165.8541872922632,-825.1844708555768,-1142.0989423741914,-290.0922246965737,-974.4190275399314,11534.25246109311,0.0,7852.45
2020-03-25,220.53472258666676,-75.54474405003738,-86.79080025420535,-815.4766539514627,-1192.4885869448226,-305.8232261165668,-982.7084354736181,11538.747724204048,0.0,8300.45
2020-03-26,339.89370481218657,103.05633983975221,-1.8207781397064797,-782.4535224634956,-1236.183942752649,-321.38788397697965,-990.8780692274566,11543.27415190835,-1.8189894035458565e-12,8653.5
2020-03-27,165.44248005778658,229.25670150399,69.09898900650659,-729.2441742949751,-1273.1892087909823,-336.770630199776,-998.9260196389995,11547.83186235645,0.0,8673.5
2020-03-30,-248.91250695693515,199.61638923427174,109.86770967892144,-658.9133350660599,-1303.5729563362283,-351.9558967069624,-1006.8503775457725,11552.420973698765,0.0,8291.7
2020-03-31,214.8410197250144,-53.46180050981792,121.26090678850694,-574.3726404043101,-1327.581740479276,-366.9281154205073,-1014.6492337853294,11557.04160408572,-1.8189894035458565e-12,8556.15
2020-04-01,61.776278625482085,-246.45021812272557,113.74526301764543,-478.617161888728,-1345.5056276368016,-381.6717264673999,-1022.3206791952035,11561.69387166773,0.0,8262.65
2020-04-03,-175.25255305391332,-224.93953080164482,98.7725717780011,-374.83972370462885,-1357.6343967441783,-396.17145745593945,-1029.862804612922,11566.377894595225,0.0,8106.45
2020-04-07,158.56066851936836,43.51910059054098,84.5607307061004,-266.4907272274369,-1364.256755958054,-410.41310677310247,-1037.2737008760384,11571.09379101862,0.0,8779.3
2020-04-08,-140.78537731946295,234.00284683159126,74.8699545724622,-156.93375810984844,-1365.6605276556324,-424.3833585853751,-1044.5514588220728,11575.841679088337,1.8189894035458565e-12,8752.4
2020-04-09,126.7289364894176,221.33230661081276,70.80638671631137,-49.04270620945837,-1362.1316194688557,-438.0708118044487,-1051.694169288574,11580.621676954794,0.0,9098.55
2020-04-13,2.8452886896169787,159.80237487568797,67.26862126815527,55.41973988290823,-1353.9551012752052,-451.46490309650545,-1058.6999231130728,11585.433902768416,-1.8189894035458565e-12,9006.65
2020-04-15,-100.49630910102046,112.08465353472174,56.908022468674766,155.3630816309986,-1341.4149938880923,-464.5561181917879,-1065.5668111331195,11590.278474679626,-1.8189894035458565e-12,8942.6
2020-04-16,-99.23644578434774,109.38321208478955,35.981952709624785,249.7389552788111,-1324.792522904574,-477.33773803689655,-1072.292924186242,11595.155510838837,-1.8189894035458565e-12,9016.6
2020-04-17,128.24852011152043,87.79323235578032,11.17691857200469,337.11451017433956,-1304.3623336437756,-489.8096238563603,-1078.8763531099826,11600.065129396475,-1.8189894035458565e-12,9291.35
2020-04-20,109.79998110984845,8.93853985374515,-9.760974728138464,415.70090230298825,-1280.3974612190848,-501.9732470804467,-1085.3151887418849,11605.007448502973,0.0,9262.0
2020-04-21,-140.5965915426327,-89.77669160493187,-23.52317848493534,483.62241712656373,-1253.1709328570112,-513.8300870263128,-1091.6075219194784,11609.982586308739,0.0,8981.1
2020-04-22,69.48117158071602,-155.9990774961604,-28.069454522334166,539.035541749043,-1222.955775784034,-525.381623011124,-1097.7514434802918,11614.990660964186,0.0,9193.35
2020-04-23,132.346349030355,-178.63630204042835,-20.601413315632417,580.1589715465285,-1190.0250172266487,-536.6293343520423,-1103.7450442618917,11620.03179061976,0.0,9302.9
2020-04-24,-74.9822920769067,-169.66546822160447,-0.4492317537527211,605.8036985057786,-1154.6516844113537,-547.5747003662294,-1109.5864151017865,11625.106093425855,0.0,9174.0
2020-04-27,-66.651558044736,-125.68923194455984,27.117641437878827,615.2110948294894,-1117.108786602614,-558.2192003708402,-1115.273646837526,11630.213687532909,-1.8189894035458565e-12,9289.6
2020-04-28,-125.28780889633936,-1.0600864918908004,51.998067822092885,607.7099645385512,-1077.6456840740416,-568.5643136830591,-1120.8048303066505,11635.35469109134,0.0,9401.7
2020-04-29,-142.40406538580953,134.14419229796877,62.84774555633434,582.8901073142225,-1036.4176260675554,-578.6115196200325,-1126.1780563466946,11640.529222251565,0.0,9536.8
2020-04-30,177.53888394747287,151.51263878736614,48.91229175083219,541.4792314848497,-993.5767318404052,-588.3622974989246,-1131.3914116156589,11645.73739498447,-1.8189894035458565e-12,9851.85
2020-05-04,-164.28808540456546,7.7410648155680795,9.540217042959497,485.3422664610005,-949.3536767674516,-597.818126636908,-1136.4429628381363,11650.979303327535,0.0,9305.7
2020-05-05,-54.258534014186026,-105.97362253959696,-37.38501199785908,416.57211170098833,-903.998721377724,-606.9804863511267,-1141.330759622903,11656.255024202406,1.8189894035458565e-12,9222.9
2020-05-06,90.24991069249738,-112.03230057748735,-69.57807757116616,337.2616666631159,-857.7621262002256,-615.8508559587617,-1146.0528480626185,11661.564631014646,0.0,9287.8
2020-05-07,-14.177270304351158,-36.91135901041398,-66.37680754270265,249.43938047858018,-810.8941517639788,-624.4307147769665,-1150.6072741747444,11666.908197094577,0.0,9212.95
2020-05-08,20.413713744878834,-25.70222905952653,-21.350344387086583,155.21174862681517,-763.6450585979965,-632.7215421229029,-1154.9920839767171,11672.285795772535,0.0,9249.5
2020-05-11,16.903421551780134,-33.90558246211627,44.36616664041805,58.33374192210409,-716.2651072313007,-640.7248173137483,-1159.2053234859782,11677.697500378841,0.0,9247.2
2020-05-12,-56.28926487784778,4.420335129854108,94.79248615133794,-35.725324067651044,-669.0045581928973,-648.442019666649,-1163.2450387199785,11683.143384243831,0.0,9209.65
2020-05-13,67.22940028811236,87.32936965857131,106.98825504245721,-121.82296948020671,-622.1136720118265,-655.8746284987717,-1167.109275696157,11688.623520697822,0.0,9383.25
2020-05-14,-73.97748676073604,63.15971316470112,72.97047152308407,-196.42776822186394,-575.8427092170891,-663.0241231272831,-1170.796080431958,11694.137983071147,0.0,9150.2
2020-05-15,82.16077071986909,-29.75439065669842,9.081146013014992,-257.5869586184412,-530.4419303376955,-669.8919828693474,-1174.3034989448518,11699.686844694152,0.0,9128.95
2020-05-18,-92.74784535477332,-77.88860150132696,-60.29487638464617,-303.66820758182234,-486.16138378020105,-676.4796870421145,-1177.629577252253,11705.270178897137,0.0,8830.4
2020-05-19,-39.023862041116544,-27.860448566673092,-113.60237209327987,-333.0604975276192,-443.2298024473807,-682.7887149627653,-1180.7723613716207,11710.888059010455,0.0,8890.55
2020-05-20,101.95185872321179,28.60752170913369,-143.26222075731042,-344.3464418944605,-401.79083287614,-688.8205459484511,-1183.7298973204058,11716.540558364422,0.0,9085.15
2020-05-21,63.96418591736777,43.05518544694998,-146.85096712842764,-337.20036507359424,-361.9188990192864,-694.5766593163347,-1186.5002311160415,11722.227750289367,0.0,9102.2
2020-05-22,-23.059642654161518,-3.2051412166602775,-123.56104845819816,-313.9511428374864,-323.53278978954927,-700.0585343835915,-1189.0814087759786,11727.949708115626,0.0,9051.5
2020-05-26,-91.54708329581723,-53.20604797283279,-81.89846142496812,-277.7240447301693,-286.4917409647005,-705.2676504673674,-1191.471476317668,11733.706505173523,1.8189894035458565e-12,9046.1
2020-05-27,48.54018163164389,-53.695100051149275,-30.73286838821964,-231.68717859898624,-250.64928274329336,-710.2054868848352,-1193.668479758538,11739.498214793377,0.0,9317.4
2020-05-28,57.891338783664764,-34.82470498676911,25.020041581978187,-179.00865229130176,-215.85894532389514,-714.8735209632301,-1195.6704671059924,11745.324910305546,0.0,9488.0
2020-05-29,-59.625311912129305,18.520506282237623,79.94768954625815,-122.85657365447693,-181.9742589050614,-719.2732141368608,-1197.4755022602953,11751.186665040328,0.0,9568.45
2020-06-01,0.40705967097260803,65.0852243311041,127.35964485288693,-66.39905053586803,-148.84875368535953,-723.4058473082007,-1199.081829653603,11757.08355232807,0.0,9812.2
2020-06-02,42.70603974260724,86.28032055713577,159.99853994512443,-12.80419078285405,-116.33595986333187,-727.2720672384993,-1200.4883278592667,11763.015645499085,0.0,9995.1
2020-06-03,25.74650348294869,83.52301027378117,171.85612441487552,34.79714772188947,-84.28940763755662,-730.8722179916035,-1201.694178148062,11768.983017883726,1.8189894035458565e-12,10068.05
2020-06-04,-67.30122256518601,77.32437268103163,161.32192371439243,73.88701598614227,-52.56262720659524,-734.2066046592257,-1202.6986007628557,11774.985742812296,0.0,10030.75
2020-06-05,51.78020060356236,62.93048112012375,130.34081155285912,103.91011015696346,-21.0091487690008,-737.2755323331203,-1203.5008159465294,11781.023893615142,0.0,10168.2
2020-06-08,56.83655852202581,56.63135954835286,83.28541636576536,125.06097451157751,10.51749747666165,-740.0793061050042,-1204.100043941966,11787.097543622587,0.0,10175.25
2020-06-09,-81.657901033203,54.72675434455593,27.21604510263656,137.7082159377304,42.16385554197082,-742.618231066614,-1204.4955049920275,11793.20676616495,0.0,10026.25
2020-06-10,77.37682723679035,25.30331515572901,-29.67296494345423,142.54977436994847,74.07044525769093,-744.8926095112041,-1204.686420224932,11799.35163265943,0.0,10139.4
2020-06-11,-68.15346921747839,-41.611403913386354,-80.82014941647576,140.4579939116272,106.31956861343177,-746.9026313676151,-1204.6721095751411,11805.532200965037,0.0,9910.15
2020-06-12,54.35498094999644,-105.07913029939466,-121.09899776084123,132.47614775776944,138.8488499534729,-748.6479188877312,-1204.4524347637657,11811.748503050494,0.0,9958.15
2020-06-15,-44.02854175855769,-147.3746244133163,-145.73199566799533,119.80020086045224,171.53974193025243,-750.1273382813501,-1204.0280062298832,11818.000563560397,0.0,9818.05
2020-06-16,41.059129305511114,-167.1706547613452,-150.8163990685885,103.90263312650126,204.27607442941613,-751.3395364350765,-1203.3996533810923,11824.288406784672,1.8189894035458565e-12,9900.8
2020-06-17,-41.360884893102536,-144.5145542729698,-136.29929934652603,86.31959179349347,236.94445556637572,-752.2831350242783,-1202.5682308362445,11830.612057013252,0.0,9876.85
2020-06-18,31.1026771791143,-51.77878092232207,-108.12950934250115,68.14376930325167,269.4316541848918,-752.9567529430791,-1201.5345959954325,11836.971538536076,1.8189894035458565e-12,10091.25
2020-06-19,24.790306267607846,62.11336267971905,-74.54306970967308,50.356701334889685,301.6244391287249,-753.3590090856067,-1200.2996062587315,11843.36687564307,-1.8189894035458565e-12,10254.05
2020-06-22,-51.82625445252583,155.75694821448906,-44.04334926623674,33.957625010692986,333.40957924162717,-753.4885223459855,-1198.8641190262401,11849.79809262418,0.0,10324.7
2020-06-23,72.14673133707232,144.09781742831336,-23.796773060521293,19.935870557765156,364.67404328442774,-753.3438942682545,-1197.229009048146,11856.265213769344,0.0,10482.75
2020-06-24,-66.42527947968485,82.53152855139867,-14.887366513570155,9.075300548572534,395.3064309958546,-752.9235909755489,-1195.395286495503,11862.768263368482,-1.8189894035458565e-12,10320.05
2020-06-25,-56.67698469820604,4.738688581292563,-14.00352706020581,1.3672377159194649,425.2073598800844,-752.2257659486777,-1193.3642741817473,11869.30726571154,0.0,10284.35
2020-06-26,77.3660667959781,-43.99892302943469,-16.218828170502828,-4.1180923013031485,454.32339920552135,-751.2483806602346,-1191.137486928477,11875.882245088453,0.0,10400.85
2020-06-29,-13.632302406280393,-73.26788017345139,-15.802959547840457,-8.640123133158818,482.65587561170605,-749.9893607866023,-1188.7164753535278,11882.493225789156,0.0,10315.1
2020-06-30,-55.57385440550554,-81.2796283646585,-7.302183740238455,-13.308245134551173,510.223101620279,-748.4466308577177,-1186.1027912211757,11889.140232103568,1.8189894035458565e-12,10307.35
2020-07-01,2.5261386151275715,-79.7418005593804,12.363087385640295,-18.645018706021222,537.0404066422166,-746.6181154034801,-1183.2979714449993,11895.823273470896,1.8189894035458565e-12,10419.45
2020-07-02,36.067332794405914,-29.94865205565697,41.00228427438323,-24.36726252962039,563.1092300785087,-744.5017389537993,-1180.3034885894813,11902.54229498126,0.0,10563.6
2020-07-03,-46.98266824409723,27.29939284046963,73.80598579581618,-29.89802354003784,588.3943126807765,-742.095426038601,-1177.12078058421,11909.297207089885,0.0,10602.7
2020-07-06,42.44253856173086,40.668502899333454,105.77710508546615,-34.60839848289361,612.8307182309393,-739.397101187791,-1173.751280412733,11916.087915305947,0.0,10770.05
2020-07-07,35.86546327383176,7.891624060995449,128.9418228783925,-37.849515089798125,636.3373897278399,-736.4046889312929,-1170.1964210585934,11922.914325138625,0.0,10787.5
2020-07-08,-60.2875975883448,-21.197302800665096,127.54943327201376,-38.95352147713714,658.8363958013632,-733.1161137989919,-1166.4576355053648,11929.776342097126,0.0,10696.15
2020-07-09,51.71558199325398,3.4296420621730093,90.76647028013683,-37.33755314285339,680.2676441740952,-729.5293003208407,-1162.5363567365716,11936.67387169061,-1.8189894035458565e-12,10833.45
2020-07-10,-41.99021646279468,58.372069170492665,27.579835736009052,-32.86555568559999,700.5732385761276,-725.6421730267278,-1158.4340177357653,11943.60681942826,0.0,10771.2
2020-07-13,56.92303130237022,34.57557102590302,-45.675174746915296,-25.731167770662566,719.6873573031112,-721.4526564465724,-1154.1520514865042,11950.57509081927,0.0,10814.75
2020-07-14,-49.23142342843785,-43.58334623627462,-109.31946304026503,-16.183424130270538,737.5396315450582,-716.9586751102909,-1149.6918909723267,11957.578591372809,-1.8189894035458565e-12,10610.15
2020-07-15,-2.592009130034622,-73.53427578905816,-142.93809848562194,-4.498722103236475,754.0590016344559,-712.1581535477935,-1145.0549691767978,11964.617226598086,0.0,10637.9
2020-07-16,-17.49364497540265,-24.264526579760073,-132.55647271947,8.791069739033974,769.1744079037863,-707.0490162889934,-1140.2427190834467,11971.690902004253,-1.8189894035458565e-12,10728.05
2020-07-17,33.60180353295239,37.985437217290006,-88.07472685125839,22.558933854604025,782.8147906855464,-701.6291878638128,-1135.256573675819,11978.799523100495,1.8189894035458565e-12,10930.8
2020-07-20,-19.219101365728946,81.65308145301086,-25.299838374626177,35.55833131875873,794.9090903122053,-695.8965928021468,-1130.0979659374946,11985.942995396023,-1.8189894035458565e-12,11027.55
2020-07-21,31.695596237610175,70.28090680648401,40.68485272042878,46.54854775075933,805.3863547857078,-689.849153848982,-1124.7683288519997,11993.121224399993,0.0,11173.1
2020-07-22,-43.31936496601053,23.75407112906836,97.17056648966323,54.28778012729839,814.1767136108679,-683.4847866096059,-1119.2690954028778,12000.334115621596,0.0,11143.65
2020-07-23,48.537990675722426,-43.99789916405628,134.13691746373635,57.52431896828457,821.2202004272192,-676.8014043672266,-1113.6016985736896,12007.58157457001,1.8189894035458565e-12,11234.6
2020-07-24,14.671310960752402,-78.7929505255645,143.27985833749628,54.99797675509116,826.4947973677213,-669.7969283019511,-1107.767571347971,12014.863506754426,0.0,11197.95
2020-07-27,-65.08752213499771,-63.71306717975328,119.34921179576189,45.98952962612887,830.0195175570404,-662.4693406389138,-1101.7681467092966,12022.179817684031,-1.8189894035458565e-12,11124.5
2020-07-28,67.22344375159734,15.669383790329702,66.51428940092613,31.663310389483776,831.820738332924,-654.8167208920605,-1095.604857641198,12029.530412867998,0.0,11292.0
2020-07-29,-19.128845444240092,69.32540057785384,0.6118502960674669,13.668115426834369,831.9245969857984,-646.8371785306045,-1089.2791371272112,12036.9151978155,1.8189894035458565e-12,11197.2
2020-07-30,-50.603097383018365,60.345146179700855,-61.61988513359696,-6.349225254738541,830.3642721349787,-638.5288704281609,-1082.7924181509018,12044.33407803574,-1.8189894035458565e-12,11095.15
2020-07-31,64.67482778284364,-13.891380428824402,-106.81537998937574,-26.767480865825267,827.1988813119763,-629.8902931528676,-1076.1461336958223,12051.786959037896,-1.8189894035458565e-12,11090.15
2020-08-03,-64.88845718737258,-58.98272509020107,-121.66047125931631,-45.99045397597073,822.5111258111797,-620.9210478839558,-1069.341716745502,12059.273746331139,0.0,10900.0
2020-08-04,56.81776945976726,-3.038395961626658,-97.86747367498575,-62.596184302660575,816.3929644947331,-611.6224251563791,-1062.380600283513,12066.794345424665,0.0,11102.5
2020-08-05,-14.703627447491169,32.24974005959795,-47.87474487171762,-75.80370371605851,808.945055209822,-601.9971637684148,-1055.26421729338,12074.348661827642,0.0,11119.9
2020-08-06,6.2758707130949585,32.62573061496308,10.745756467174372,-85.01568361340728,800.275093918366,-592.0493683907864,-1047.9940007586722,12081.936601049269,-1.8189894035458565e-12,11206.8
2020-08-07,-23.752553854777094,11.905149673566806,60.693260543618926,-89.64183850708743,790.4936097629812,-581.7843125540957,-1040.5713836629168,12089.558068598708,1.8189894035458565e-12,11216.9
2020-08-10,-1.659683148122163,5.9145345000033425,86.76799846478855,-89.07494494600793,779.6953134412919,-571.2083893074283,-1032.997798989705,12097.21296998518,0.0,11274.65
2020-08-11,20.15774778876704,24.388912527442464,83.01935981339237,-82.75816502439676,767.8940175957136,-560.3284036962085,-1025.2746797225298,12104.90121071782,-1.8189894035458565e-12,11332.0
2020-08-12,8.5907248931874,14.405896241050124,57.41438818435208,-70.7804529111771,755.0514138354146,-549.1512077036946,-1017.403458844973,12112.62269630584,0.0,11310.75
2020-08-13,40.40690131010183,-10.41896167726198,21.890675828921726,-54.10707191527886,741.1203468488734,-537.6836533131951,-1009.3855693405808,12120.377332258422,-1.8189894035458565e-12,11312.2
2020-08-14,-68.614613686338,-28.05027932989698,-13.20078923127382,-34.148397892767626,726.0540927563997,-525.9325925079553,-1001.2224441929035,12128.165024084736,0.0,11183.05
2020-08-17,-21.0726817193598,-6.503833932966574,-39.37612466960937,-12.370902058836236,709.8082587435607,-513.9048772712872,-992.915516385468,12135.985677293967,-1.8189894035458565e-12,11259.65
2020-08-18,61.446709758662415,22.96867749227484,-53.12710344485256,9.80376090133581,692.3423363855752,-501.60735958645625,-984.4662189018392,12143.8391973953,0.0,11391.2
2020-08-19,60.411635987811096,22.69715446940586,-53.26561563158735,31.087584429383625,673.6166270093828,-489.0468914367388,-975.8759847255798,12151.725489897924,-1.8189894035458565e-12,11421.35
2020-08-20,-65.1553847500518,-6.281210107354599,-40.7138796995565,50.59222333204964,653.5903625595347,-476.23032480542787,-967.146246840226,12159.644460311032,0.0,11308.3
2020-08-21,-24.43259077173442,-24.04631970267989,-19.270606636371376,67.77440941436889,632.2220434577488,-463.1645116757936,-958.2784382293094,12167.59601414377,0.0,11378.4
2020-08-24,26.24195363489754,-27.903825096506406,6.467154479816627,82.17552557120734,609.4694304127481,-449.8563040311052,-949.2739918764069,12175.58005690535,-1.8189894035458565e-12,11472.9
2020-08-25,-31.96877707378351,-4.91247365824947,30.44961448734107,93.34205832329295,585.2899784361703,-436.31255385466517,-940.1343407650501,12183.596494104944,0.0,11479.35
2020-08-26,-15.8677898902421,23.088050784694026,45.77305524684185,100.82080000308342,559.6416836124152,-422.5401131297426,-930.8609178787942,12191.645231251745,0.0,11551.7
2020-08-27,-20.17096731929824,39.515395888879645,45.746209017661684,104.19652200382168,532.48765659482,-408.5458338396209,-921.4551562011949,12199.726173854933,-1.8189894035458565e-12,11571.5
2020-08-28,110.58522678762787,10.266576707867436,27.52286937180986,103.31617214321999,503.8249842491641,-394.33656796758356,-911.9184887157787,12207.839227423674,0.0,11657.1
2020-08-31,-116.52151268838976,-46.257655796309365,-2.2466963937925963,98.53510387716247,473.72797943717956,-379.9191674969044,-902.2523484061156,12215.984297467168,0.0,11341.05
2020-09-01,52.85918857345978,-23.36240650179296,-34.41552596743207,90.30503080299619,442.31111611279147,-365.30052425887436,-892.4581682557395,12224.161289494592,0.0,11494.1
2020-09-02,68.86176364380482,45.16964295975978,-59.04313903368659,79.06882341655175,409.69812143635306,-350.487940189701,-882.5373812482055,12232.370109015123,1.8189894035458565e-12,11543.1
2020-09-03,69.6347251277511,59.363876433628846,-67.21158771758606,65.26893334111867,376.0150288911599,-335.49021724695774,-872.491420367067,12240.610661537952,0.0,11535.7
2020-09-04,-45.8790202350672,3.31842567663752,-56.081661830606016,49.35940784037331,341.39019306004735,-320.31847848778915,-862.3217185958554,12248.882852572258,1.8189894035458565e-12,11358.35
2020-09-07,32.57397563534923,-62.48583918996518,-31.08058912941277,31.867452418376526,305.95343594524445,-304.9853143886661,-852.0297089181595,12257.186587627235,-1.8189894035458565e-12,11377.0
2020-09-08,-31.523125633584286,-92.82087066622795,0.9408913644500427,13.466892917956422,269.8350603165978,-289.50379619375406,-841.6168243174942,12265.521772212054,1.8189894035458565e-12,11294.3
2020-09-09,-57.01889884441778,-89.0400731144949,34.843944720113186,-5.117160616467992,233.1656421133341,-273.8872683165648,-831.084497777391,12273.888311835888,1.8189894035458565e-12,11285.75
2020-09-10,56.46763280531519,-46.71760261557634,67.99803230635287,-23.17669432667451,196.07581414198782,-258.14913203790115,-820.4341622814412,12282.286112007938,0.0,11454.35
2020-09-11,25.95782491950209,-26.034023416322157,97.47277493990045,-39.98782443779384,158.6962092090837,-242.30278863857305,-809.6672508131762,12290.71507823738,0.0,11454.85
2020-09-14,-50.33326125766471,13.713586801941336,118.30917460690623,-54.77524055018984,121.15745472874097,-226.361634006992,-798.7851963561325,12299.17511603339,1.8189894035458565e-12,11422.1
2020-09-15,12.229047127212795,67.92862861656886,125.73001908858943,-66.86550792717055,83.59015654549712,-210.33904246198068,-787.7894318938869,12307.666130905169,0.0,11532.15
2020-09-16,33.78063526366096,135.2076570872717,115.59664256772963,-75.91810505212335,46.12490382241568,-194.24837164087342,-776.6813904099686,12316.188028361887,0.0,11600.05
2020-09-17,-39.3841966388726,165.9939768644931,84.52560883437417,-81.95287914236735,8.892204117635405,-178.1029230600608,-765.4625048879185,12324.740713912717,0.0,11519.25
2020-09-18,60.8166490688991,118.30995535899007,32.57845943130892,-85.0514633003777,-27.97758493744459,-161.91590037693516,-754.1342083112947,12333.324093066856,-1.8189894035458565e-12,11515.95
2020-09-21,-85.76099814117293,35.26349623461512,-31.746021495142553,-85.29201507840286,-64.35453101992888,-145.70006816979577,-742.6979336636597,12341.938071333487,0.0,11221.65
2020-09-22,19.677421360988053,-53.811179308480156,-97.46409749315774,-82.7535886364041,-100.1091622011741,-129.46683401501525,-731.1551139285401,12350.582554221783,0.0,11175.5
2020-09-23,126.5506156669418,-150.99759024128207,-153.54844040127267,-77.52319755545223,-135.10552854776,-113.22612407261683,-719.5071820894963,12359.257447240936,1.8189894035458565e-12,11135.9
2020-09-24,-136.2275225858331,-177.50958677735926,-189.23657536136363,-69.69863324430938,-169.19752406238905,-96.9872427387929,-707.7555711300669,12367.962655900114,1.8189894035458565e-12,10821.35
2020-09-25,21.95463759455031,-127.44712570282022,-197.0809373886822,-59.42808042608967,-202.23546811008234,-80.75939764158656,-695.9017140338096,12376.698085708518,1.8189894035458565e-12,11035.8
2020-09-28,118.8629041738514,-56.71476405917409,-179.61956574725775,-47.068723914133294,-234.07465580338663,-64.55179304094466,-683.94704378428,12385.463642175324,1.8189894035458565e-12,11238.35
2020-09-29,11.759618629147145,-23.624557128645034,-141.7629102898109,-33.13579888655448,-264.57895657204557,-48.37363319678301,-671.892993365024,12394.259230809717,-1.8189894035458565e-12,11222.65
2020-09-30,-72.83368341014378,-11.644431557342399,-88.49724626331997,-18.218020808857027,-293.61625695256305,-32.234122369074754,-659.7409957595657,12403.084757120867,0.0,11226.3
2020-10-01,27.623980765719647,-3.8844391633405824,-25.657972039516267,-2.9302958339860776,-321.05645157763314,-16.142464817730904,-647.4924839514848,12411.940126617972,0.0,11422.4
2020-10-05,-10.311053690428015,27.094602327674174,40.75908631275228,12.112419730159642,-346.77354376333494,-0.10786480270788178,-635.1488909243268,12420.825244810212,0.0,11508.45
2020-10-06,6.557660888450176,69.29221455365828,106.00765084681636,26.303076452609336,-370.64944370274225,15.86047341607135,-622.7116496616235,12429.74001720676,0.0,11660.4
2020-10-07,0.19946823587179738,75.72514446530812,166.051322236784,39.042634731527116,-392.57407141801144,31.753345578647977,-610.1821931469349,12438.684349316809,0.0,11748.7
2020-10-08,-8.293381344495005,91.46264183043043,215.02829176948896,49.7371036714094,-412.4423956376477,47.56154742507991,-597.561954363807,12447.65814664954,0.0,11833.15
2020-10-09,26.569665329374345,101.13259498012279,247.57086007680235,57.797320284286954,-430.1552637843853,63.27587469544898,-584.852366295776,12456.661314714125,0.0,11938.0
2020-10-12,-37.061861393156356,123.34019532909936,260.37472274678026,62.64479512617314,-445.6238720320408,78.88712312980114,-572.0548619264141,12465.69375901976,-1.8189894035458565e-12,11936.2
2020-10-13,-34.93839065145146,90.2312899270581,254.91850468701082,63.85154715872875,-458.78359634432746,94.38613438661712,-559.170874239253,12474.755385075618,0.0,11925.25
2020-10-14,88.57821334314299,2.8506874751699534,235.73243326261212,61.50036273425388,-469.62001230869106,109.76405332047922,-546.201836217855,12483.846098390888,0.0,11966.45
2020-10-15,-88.65135624976666,-109.66039135238408,208.28358484150084,55.92041007644461,-478.1715442951471,125.01267335034919,-533.1491808457589,12492.96580447476,1.8189894035458565e-12,11672.55
2020-10-16,21.565269012792328,-113.99945870790377,177.42830944742437,47.53609472973513,-484.50483967685625,140.12455746491742,-520.0143411065034,12502.114408836393,1.8189894035458565e-12,11770.25
2020-10-19,54.54834115119295,-28.6570779964267,144.9531617798798,36.8702211999308,-488.7008118057225,155.09309866981698,-506.7987499836679,12511.291816984996,0.0,11878.6
2020-10-20,0.6109131924125955,56.68744865239157,110.80126401578963,24.538973185333735,-490.84504815924186,169.91235514435206,-493.50384046075993,12520.497934429723,0.0,11898.7
2020-10-21,16.075091115169894,89.10262617069289,74.33027936992677,11.18811432732605,-491.0247856450869,184.57705350354559,-480.13104552137327,12529.732666679798,1.8189894035458565e-12,11933.85
2020-10-22,-19.696318788818097,108.44232225092769,33.979333451492174,-2.5442794021755386,-489.3276249372681,199.08244633050478,-466.6817981490274,12538.995919244366,-1.8189894035458565e-12,11902.25
2020-10-23,48.86114572359632,85.7174299591613,-11.459285749960536,-16.034758776555563,-485.83869723219607,213.4240997706123,-453.1575313272801,12548.287597632621,0.0,11929.8
2020-10-26,-64.06323860912528,68.30559845627569,-63.67711985506181,-28.67096960418128,-480.6398608639815,227.59766116199856,-439.5596780396773,12557.607607353752,1.8189894035458565e-12,11776.9
2020-10-27,64.13911366286393,76.12148370714225,-121.46180197462337,-39.848402620916275,-473.8153598527894,241.59878443115255,-425.8896712697673,12566.955853916937,0.0,11887.8
2020-10-28,-34.357170562121546,33.39237244857837,-176.8549165477831,-48.98217332420049,-465.45453434926304,255.42312350453463,-412.1489440011078,12576.332242831364,0.0,11727.35
2020-10-29,-3.8068630596064867,-49.77262697071685,-221.0153419187252,-55.5158195792908,-455.65343116928335,269.0663323086457,-398.33892921721844,12585.736679606196,0.0,11670.7
2020-10-30,7.169883806342249,-104.8791134547319,-245.6417518683588,-58.91953748727396,-444.5115556148912,282.5240647699628,-384.4610599016833,12595.169069750635,0.0,11646.45
2020-11-02,-27.135798868039632,-115.38769581508731,-243.66443600862618,-58.84170697714805,-432.1248868819004,295.7919748149846,-370.51676903804355,12604.629318773861,0.0,11652.75
2020-11-03,31.239333654992166,-102.18798662742428,-213.87382204424517,-55.418733731026585,-418.584350197685,308.86571637016647,-356.507489609833,12614.117332185057,-1.8189894035458565e-12,11807.65
2020-11-04,-30.847724728708826,-63.65568441745307,-161.69018733222205,-49.108492685906434,-403.9872150904959,321.7409433619831,-342.4346546006023,12623.633015493406,0.0,11893.65
2020-11-05,25.537000601242227,-13.275704867376453,-95.08879910482487,-40.42527789197001,-388.4371056681978,334.41330971695226,-328.299696993907,12633.176274208083,0.0,12127.6
2020-11-06,-22.955974572885133,33.16402817822765,-22.456751538836787,-29.883427804450825,-372.03930768856804,346.87846936153903,-314.1040497733095,12642.747013838283,0.0,12261.35
2020-11-09,-0.12029283014623521,81.7800214922799,47.75858893278453,-17.996803188837387,-354.8995845991434,359.1320762222323,-299.8491459223319,12652.345139893163,-1.8189894035458565e-12,12468.15
2020-11-10,25.266169391161586,102.39613454558877,107.38673703841773,-5.279172050316094,-337.12379260775555,371.16978422550443,-285.53641842454397,12661.970557881943,0.0,12640.25
2020-11-11,48.57007856801769,86.12783918016957,150.12105221998036,7.755697605897969,-318.81778792220274,382.9872472978396,-271.1673002634748,12671.623173313774,0.0,12757.2
2020-11-12,-63.16255437944877,42.518393595012334,173.986727619767,20.605073274094266,-300.087426750319,394.5801193657316,-256.7432244227013,12681.302891697862,1.8189894035458565e-12,12693.0
2020-11-13,-61.31506803104928,-2.3810826556958786,180.32870578165495,32.81796119170836,-281.03856529989775,405.94405435564795,-242.26562388573592,12691.009618543367,1.8189894035458565e-12,12723.1
2020-11-17,63.80075017714371,-28.38305037065489,171.16158017654243,44.01577808628364,-261.77709198673807,417.0747061940871,-227.7359316361532,12700.743259359488,1.8189894035458565e-12,12878.9
2020-11-18,95.28972273202112,-44.80199509715339,148.74847933189312,53.95695431504766,-242.40902908722188,427.96772880750945,-213.15558065750136,12710.503719655406,0.0,12936.1
2020-11-19,-99.43531543458978,-54.905310223440615,115.14473065625431,62.452756737310786,-223.04053886493483,438.61877612241835,-198.52600393331437,12720.290904940297,0.0,12760.6
2020-11-20,-65.0896999911576,-21.01827770135624,71.28665512440479,69.31972196396238,-203.77798773733082,449.02350206527404,-183.8486344471524,12730.104720723355,0.0,12846.0
2020-11-23,-31.856879605377284,19.26361999187952,21.09835141689263,74.37446813615485,-184.7272878333182,459.1775605625847,-169.1249051825637,12739.945072513747,0.0,12928.15
2020-11-24,97.7533361559731,31.444894077230536,-29.622111780807863,77.4357698234859,-165.9941105142773,469.07660554082497,-154.35624912309655,12749.811865820666,0.0,13075.55
2020-11-25,-87.36935982091629,-8.900703274862645,-74.5525249872297,78.32727505148462,-147.68188479594517,478.71629092647186,-139.54409925230635,12759.705006153305,0.0,12858.7
2020-11-26,72.95044167199909,-30.754719105858864,-107.18187437782055,76.89462512135427,-129.88525442277967,488.0922706460025,-124.6898885537079,12769.624399020811,0.0,13015.05
2020-11-27,-58.00331720138419,-4.356129792696686,-122.06799325065226,72.97654568973108,-112.67420399241158,497.2001986259058,-109.7950500108925,12779.5699499324,0.0,12942.85
2020-12-01,41.5795093303717,3.5572840711616984,-118.36245359787038,66.45196876983951,-96.09258515603034,506.035728792654,-94.86101660737013,12789.541564397245,0.0,13097.85
2020-12-02,-3.8629026586657145,-4.828765595552457,-98.74981274255573,57.51396182646795,-80.16692250024114,514.5945150727554,-79.88922132674165,12799.539147924534,0.0,13104.15
2020-12-03,-31.648425909737036,-13.479267252294443,-67.61793545094403,46.699236352333195,-64.90732800295314,522.8722113926724,-64.8810971525075,12809.56260602343,1.8189894035458565e-12,13136.6
2020-12-04,20.574755243309273,-4.637290695058049,-30.1877615573331,34.62275436799645,-50.31069617270524,530.864471678892,-49.83807706824702,12819.611844203147,-1.8189894035458565e-12,13270.7
2020-12-07,16.454443370124146,10.477067831371606,9.241545658480169,21.89934518089202,-36.36452581411495,538.5669498578908,-34.761594057472585,12829.686767972831,-1.8189894035458565e-12,13355.2
2020-12-08,-41.99336971271855,30.99238535284616,48.098962717022836,9.14130147763123,-23.048781428859826,545.975299856151,-19.653081103777893,12839.787282841704,0.0,13389.3
2020-12-09,44.055095684480364,19.216892309586353,84.17617490349457,-3.042251499976554,-10.340410125997176,553.0851756001805,-4.513971190682503,12849.913294318914,0.0,13532.55
2020-12-10,-31.124172980571128,-18.05156050223441,112.37919517354366,-14.051615184363381,1.7869118652726872,559.8922310164278,10.654302698258158,12860.064707913667,-1.8189894035458565e-12,13481.55
2020-12-11,-20.15856326240361,-51.913702482291896,125.0842991719582,-23.30997075375536,13.364080580480735,566.3921200313866,25.85030757949105,12870.241429135132,1.8189894035458565e-12,13505.55
2020-12-14,-5.372353725599067,-43.81292597475801,115.95069600481051,-30.441831124454957,24.429944286471407,572.5804965715507,41.07261046948945,12880.44336349249,0.0,13554.85
2020-12-15,-70.43658630896103,25.336944989914016,84.81938940959901,-35.69566480736623,35.032707273818595,578.45301456339,56.319778384666826,12890.670416494939,0.0,13564.5
2020-12-16,2.421285525164804,72.35522906860372,35.750239892237765,-39.5231125814705,45.22815816892132,584.0053279334005,71.59037834148451,12900.922493651657,1.8189894035458565e-12,13672.75
2020-12-17,69.63193268622399,90.78783233276626,-25.59638344373191,-42.36665797569556,55.07770796416123,589.2330906080427,86.88297735642291,12911.19950047181,0.0,13734.85
2020-12-18,169.7096555052664,27.45353003181559,-90.8739537119816,-44.664596073120414,64.64592282369723,594.1319565138103,102.19614244591469,12921.501342464597,1.8189894035458565e-12,13744.1
2020-12-21,-175.599231279308,-69.51290668167987,-146.73471730480244,-46.85577914530662,73.99868906831871,598.6975795771804,117.52844062639242,12931.827925139207,-1.8189894035458565e-12,13283.35
2020-12-22,27.09353691620438,-99.36297475597232,-178.75439539492356,-49.35798663640708,83.19861322730605,602.9256137246515,132.87843891434133,12942.1791540048,0.0,13460.8
2020-12-23,83.4977807354772,-45.000786870801676,-176.79098079213136,-52.46685112717897,92.29948627517062,606.8117128826888,148.24470432619646,12952.554934570579,0.0,13609.15
2020-12-24,77.17633997528182,27.753097080910305,-146.53871476429725,-56.26814689128904,101.34491739748452,610.3515309778027,163.6258038783904,12962.955172345715,1.8189894035458565e-12,13740.4
2020-12-28,91.12330279078374,72.04137858593334,-97.72081321988442,-60.75240617144946,110.36773865137742,613.5407219364344,179.02030458741552,12973.37977283939,0.0,13881.0
2020-12-29,42.5966418663696,76.38696796715537,-40.21497112513279,-65.88659794532741,119.38760452135482,616.3749396850919,194.42677346969015,12983.828641560798,0.0,13926.9
2020-12-30,13.720867320822197,65.63505531118962,16.112299355654404,-71.62735513666917,128.41383343797017,618.8498381502453,209.84377754167556,12994.301684019112,0.0,13975.25
2020-12-31,-48.61090821092812,41.22171147344093,63.83500277319489,-77.92251637467022,137.44694953722143,620.961071258398,225.26988381982588,13004.798805723516,1.8189894035458565e-12,13967.0
2021-01-01,-59.965965657072985,33.13513691848167,101.1354076321971,-84.71199904592662,146.4795557125238,622.7042929360075,240.70365932059528,13015.319912183195,-1.8189894035458565e-12,14014.8
2021-01-04,26.943477665000277,15.199520090548635,131.85473084686606,-91.92844157401858,155.49697589427666,624.07515710958,256.14367106041396,13025.864908907331,1.8189894035458565e-12,14143.65
2021-01-05,55.991483560454114,-15.597289062557943,160.83424870529734,-99.50149534061198,164.48154697097942,625.0693177055659,271.58848605576713,13036.433701405107,-1.8189894035458565e-12,14199.3
2021-01-06,-14.050845990448275,-68.64097488662803,190.9417316141075,-107.35814201826118,173.41293612197208,625.6824286504713,287.03667132308743,13047.026195185697,1.8189894035458565e-12,14134.05
2021-01-07,-59.59591766413358,-67.90160961594323,223.06284652506721,-115.42248227729308,182.26792952440317,625.9101438707823,302.4867938788051,13057.64229575831,1.8189894035458565e-12,14148.45
2021-01-08,28.439547193724646,-20.59795282070117,256.68626239512423,-123.6149886284081,191.01968519578745,625.7481172929645,317.9374207394077,13068.2819086321,1.8189894035458565e-12,14343.9
2021-01-11,31.116887116115198,56.64338742828292,289.98043680314777,-131.8550729894467,199.64030056077502,625.1920028435281,333.3871189213446,13078.944939316252,0.0,14483.05
2021-01-12,26.34026865333667,96.81899706519731,320.84780530574244,-140.06075569032214,208.10048145612453,624.2374544489145,348.83445544103654,13089.63129331997,0.0,14574.75
2021-01-13,-9.393253998101898,66.34745166109113,345.62592617640536,-148.1467169750151,216.36759363261436,622.8801260356267,364.2779973149519,13100.340876152428,0.0,14558.3
2021-01-14,94.43507395126126,-31.989845413891224,354.749556575073,-156.0078453462583,224.40748382130704,621.1156714426168,379.7163116470989,13111.073593322792,0.0,14597.5
2021-01-15,9.499326693365783,-119.01677623144408,339.192012661111,-163.37606167828127,232.1844381647257,618.9397438258126,395.14796622445914,13121.829350340251,0.0,14434.4
2021-01-18,-148.40501834275048,-141.71919651937256,290.7783128095858,-169.64449523484777,239.6628193982199,616.3479948823119,410.5715302928469,13132.608052714007,0.0,14230.2
2021-01-19,87.89092173603353,-23.427815577249902,206.84728388206162,-174.24898234683207,246.80730381518245,613.3361089440089,425.98557359356823,13143.409605953228,0.0,14526.6
2021-01-20,109.35225202366759,133.15529774781288,97.49555921991724,-176.65822666857713,253.58249091698931,609.900045284501,441.388665908605,13154.233915567085,0.0,14622.45
2021-01-21,160.57342991642244,183.26448192454745,-24.945987453649433,-176.34601057201,259.9569997586331,606.0368223413457,456.779377019932,13165.080887064776,1.8189894035458565e-12,14630.4
2021-01-22,29.099194126595602,144.9153076831343,-150.17799599287193,-172.79562416605955,265.90674338131726,601.7456723028964,472.1562767094976,13175.950425955489,0.0,14366.8
2021-01-25,108.76252742336426,25.993894037905328,-264.1098985930568,-165.4971789722017,271.4129149421543,597.0273686541469,487.5179347592839,13186.842437748404,0.0,14247.95
2021-01-27,4.388848112318196,-103.65909310438504,-351.49810987831296,-153.93823624147555,276.4535149689841,591.8833272389053,502.86292095127266,13197.756827952693,0.0,13964.25
2021-01-28,-22.881799663593462,-216.86938009144606,-397.08918272205443,-137.6096726099256,281.001588937075,586.3151390049719,518.1898050674363,13208.693502077538,-1.8189894035458565e-12,13819.75
2021-01-29,-239.84906200295416,-212.03219142896899,-389.5706050567794,-116.24916727335138,285.02669972705576,580.3248035131368,533.4971568897353,13219.652365632126,0.0,13660.8
2021-02-01,177.2965338779073,-58.81195687756205,-334.3751149412385,-90.48850948413282,288.49720412760706,573.9149729716331,548.783546200137,13230.633324125647,1.8189894035458565e-12,14335.45
2021-02-02,197.24824420316006,115.39059086348497,-244.34908637036494,-61.24333306029181,291.38063698945155,567.0891215266641,564.0475427806213,13241.636283067275,0.0,14671.2
2021-02-03,60.688590522615264,200.1121209945732,-133.19897322474793,-29.44585915954292,293.6440146563602,559.8512418313774,579.2877164131626,13252.661147966204,-1.8189894035458565e-12,14783.6
2021-02-04,-14.665708672582708,208.99440047534347,-14.470524085560973,3.9716910604112026,295.2540568074167,552.2056232036435,594.5026368797239,13263.707824331605,0.0,14889.5
2021-02-05,-79.03644031633584,157.27154719795234,99.73666695855299,38.07709644189661,296.1773060857058,544.1567319972847,609.690873962287,13274.776217672657,0.0,14940.85
2021-02-08,44.76738522007487,69.16962601687158,200.76828229403858,71.93813582717,296.37975543497794,535.7095842654976,624.8509974428125,13285.866233498557,1.8189894035458565e-12,15129.45
2021-02-09,-4.983862000743298,-30.946018247869514,281.1513439078656,104.6225880585742,295.826545273968,526.8700485864398,639.9815771032893,13296.977777318476,0.0,15109.5
2021-02-10,4.965146626115421,-111.5559245357363,333.8737990042096,135.19823197837542,294.48223252031096,517.6445770394545,655.0811827256755,13308.110754641595,0.0,15137.8
2021-02-11,19.67848901175515,-147.72769397396334,352.201753800051,162.73300029767165,292.31115743627595,508.03983835916495,670.1483840919267,13319.265070977119,-1.8189894035458565e-12,15176.65
2021-02-12,-38.16884809785003,-117.61077144325596,331.1271830441541,186.38989211434352,289.2775692151598,498.0625923492073,685.1817509840391,13330.440631834203,0.0,15164.7
2021-02-15,44.32846106002547,-1.481342747331863,272.2986193467916,205.77157658671183,285.34586062569497,487.719629222073,700.1798531839923,13341.637342722042,0.0,15335.8
2021-02-16,-2.595419583106521,89.41695142335782,184.811215008227,220.8199551990263,280.48319288999323,477.01773710989414,715.141258802786,13352.855109149825,-1.8189894035458565e-12,15317.95
2021-02-17,-38.37467437460075,88.48141632186555,79.82563813505993,231.52792688282975,274.66761832342354,465.96373342707074,730.0645046576315,13364.09383662672,0.0,15196.25
2021-02-18,48.55054777928821,20.59771446972083,-29.57983587566544,237.874961194353,267.89061861664754,454.5645438350812,744.9480193186548,13375.353430661922,-1.8189894035458565e-12,15120.2
2021-02-19,92.23934797400302,-47.30667212991381,-130.7180011102644,239.82926187509958,260.1549412751428,442.82715151787045,759.7901738334655,13386.633796764598,0.0,15003.45
2021-02-22,-184.45838286669934,-55.74759900170564,-210.99910395554227,237.3451123997507,251.4772540711158,430.75854927240505,774.58932963673,13397.934840443944,1.8189894035458565e-12,14640.9
2021-02-23,-100.52594882509919,-12.131025281454074,-258.76009218110016,230.36073991404675,241.89028110576413,418.3657302649265,789.3438477937659,13409.25646720915,0.0,14717.8
2021-02-25,275.29389591627773,16.51221243114679,-268.55389093561166,218.79849290190324,231.442930085305,405.6556876616263,804.0520893699671,13420.598582569386,-1.8189894035458565e-12,15103.8
2021-02-26,-298.3400638898726,-4.295695973529715,-240.4713023133784,202.7565382661723,220.19160181731462,392.6354146287843,818.7124154306892,13431.961092033822,-1.8189894035458565e-12,14523.15
2021-03-01,-70.21752930143987,-9.399094967632168,-183.4676386616028,183.06036772754229,208.194681242092,379.31212580810825,833.3231870412618,13443.34390111167,0.0,14784.15
2021-03-02,34.344714757503255,-9.24516714701911,-107.85381605581561,160.72070102363048,195.50928986137342,365.6945969811768,847.88276526705,13454.7469153121,0.0,14941.8
2021-03-03,258.5082816739255,6.308678818826299,-23.60978130162355,136.7491163846907,182.18930784745106,351.79484525901495,862.3895111734214,13466.170040144294,0.0,15240.5
2021-03-04,44.5661448489117,11.213119797663959,58.84507324402955,112.15719204099332,168.28666452589962,337.6268385993606,876.8417858257222,13477.61318111742,-1.8189894035458565e-12,15087.15
2021-03-05,-127.85334529500379,16.11086747454903,129.56394338541153,87.95650622279932,153.85297032016484,323.2048638620708,891.2379502893178,13489.076243740688,1.8189894035458565e-12,14963.15
2021-03-08,-144.84937295348794,9.451096875070444,179.47109620451135,65.15863716038156,138.9398356535993,308.5432079071032,905.5763656295612,13500.55913352326,1.8189894035458565e-12,14962.85
2021-03-09,-0.4034780646818042,3.498462104900299,201.68334092172506,44.74949760795565,123.59887094959613,293.6561575943794,919.8553929117845,13512.06175597434,0.0,15098.7
2021-03-10,84.902129813755,16.914259616092757,194.8188793843803,27.417634965938426,107.88168663157964,278.55799978379014,934.0733932013839,13523.58401660308,0.0,15168.15
2021-03-12,-19.686698090741718,27.349415914769352,164.7982112847487,13.031589224370643,91.83991184921969,263.2630213352594,948.2287275636911,13535.125820918685,-1.8189894035458565e-12,15023.95
2021-03-15,-47.964652228662544,15.373690008529978,119.9702865824177,1.202331737640384,75.52600329696863,247.78550910870894,962.3197570640715,13546.687074430325,0.0,14920.9
2021-03-16,69.63231372590761,-32.08815599539886,67.18582477132821,-8.478873338085982,58.99661545713297,232.13974996404608,976.3448427678663,13558.267682647203,0.0,14922.0
2021-03-17,-39.706411371034314,-64.89050745955672,11.449350285107363,-16.427332989111182,42.31497395446205,216.34003076118773,990.3023457404672,13569.867551078478,0.0,14709.25
2021-03-18,-102.59135151144997,-58.9642071981862,-43.30824214300863,-23.065062677918544,25.551012889979045,200.40063836005564,1004.19062704717,13581.48658523336,-1.8189894035458565e-12,14583.7
2021-03-19,41.622853057258354,10.817244529667846,-94.31928407947522,-28.819602570227644,8.78019106781904,184.3358596205643,1018.0080477533975,13593.124690620993,1.8189894035458565e-12,14733.55
2021-03-22,38.07209977490419,82.66870263598366,-136.24499994901137,-34.12168477213508,-7.918840767410216,168.15998140261866,1031.7529689244623,13604.781772750588,0.0,14747.15
2021-03-23,153.40255887276294,66.16701058317958,-162.16887551825516,-39.402873630641366,-24.466599630254436,151.88729056614284,1045.423751625746,13616.457737131319,0.0,14807.3
2021-03-24,12.894995039127055,-18.698668388766656,-166.09280330769718,-45.073139386922136,-40.78370412174435,135.53207397105373,1059.0187569225764,13628.152489272374,0.0,14564.95
2021-03-25,-152.7426233097229,-81.9597504336941,-142.1834388758234,-51.434934133018395,-56.79015228827188,119.10861847726349,1072.5363458803324,13639.865934682934,0.0,14346.4
2021-03-26,-78.15726286656007,-23.606421345480232,-88.45402783526495,-58.68012585352032,-72.40623148039494,102.63121094467705,1085.974879564363,13651.59797887218,0.0,14518.9
2021-03-30,120.53295574470104,58.347369132050744,-18.145577653008353,-66.97828285577313,-87.55184899052274,86.11413823322809,1099.3327190400305,13663.348527349293,0.0,14855.0
2021-03-31,-102.99537585498601,65.36454569584198,52.02918974118071,-76.49999545701561,-102.14576232397921,69.57168720283113,1112.6082253726745,13675.117485623452,0.0,14693.05
2021-04-01,94.73966921420254,0.7288722688830211,108.28137793257395,-87.41662835996144,-116.10595460061575,53.018144713403075,1125.7997596276575,13686.904759203857,0.0,14865.95
2021-04-05,-97.41230358947344,-42.05087101695492,143.67939571913445,-99.89871306801442,-129.35124213955777,36.46779762484172,1138.9056828703567,13698.710253599666,1.8189894035458565e-12,14649.05
2021-04-06,-53.33705025051092,-26.957770776003663,154.5960914103744,-114.09116971920268,-141.80326394791547,19.934932797071163,1151.9243561660992,13710.533874320086,0.0,14700.8
2021-04-07,41.26875073694565,17.152823266375762,143.08110991709782,-129.92646059174504,-153.38972787322126,3.433837090005915,1164.8541405802741,13722.375526874268,0.0,14808.85
2021-04-08,137.22718289926263,37.60080372767829,114.65343001413629,-146.84476207382053,-164.0439711279739,-13.02119738891486,1177.6933971781918,13734.23511677144,0.0,14877.5
2021-04-09,181.0258543642584,12.582015020271035,75.16357634461187,-164.1578556196126,-173.70076911331654,-29.415857542201316,1190.4404870252536,13746.112549520734,0.0,14838.05
2021-04-12,-193.4001567815429,-35.00219185190659,26.106161145016227,-181.1745073450368,-182.29494958457457,-45.735857400112565,1203.0937711867787,13758.00773063138,0.0,14349.6
2021-04-13,41.379115172491886,-22.772100469513283,-30.247456387683954,-197.20348336594648,-189.76119755871656,-61.967053731312255,1215.651610728152,13769.920565612529,0.0,14525.0
2021-04-15,121.06718593995781,27.309357027077965,-83.25681849979084,-211.55351735761576,-196.03414264255548,-78.09539115515842,1228.112366714705,13781.850959973379,0.0,14589.4
2021-04-16,139.48930701745374,55.87995344130241,-120.50390816439258,-223.53321323278632,-201.0485208619944,-94.10683763448954,1240.4744002118057,13793.7988192231,1.8189894035458565e-12,14590.45
2021-04-19,-53.882036255846685,39.133999124938626,-133.62368192372315,-232.45332787353988,-204.73771056880082,-109.9873636587357,1252.736072284831,13805.764048870877,0.0,14362.95
2021-04-20,-84.20101058180163,-25.95584412115802,-122.35784186385777,-237.82471220946124,-207.02995055085324,-125.72293909787565,1264.8957439991054,13817.746554425903,-1.8189894035458565e-12,14279.55
2021-04-22,70.20491673019244,-98.98267553151614,-90.11463626945864,-239.9495437879086,-207.85654147451547,-141.2995374841433,1276.95177641999,13829.74624139736,0.0,14398.7
2021-04-23,-47.393583778865214,-107.00440607191892,-41.73770085435705,-239.41344408679194,-207.16320481864042,-156.703206296703,1288.9025306128588,13841.763015294417,1.8189894035458565e-12,14331.25
2021-04-26,-21.543961482480125,-43.989033795193926,13.684079697371345,-236.811068902077,-204.9129248725592,-171.92023991438873,1300.7463676430514,13853.796781626277,-1.8189894035458565e-12,14489.05
2021-04-27,-21.50079099938251,57.333303518176,63.93108567452776,-232.7182431161212,-201.08720597005174,-186.9372435851794,1312.48164857594,13865.847445902089,1.8189894035458565e-12,14657.35
2021-04-28,42.118599776684164,135.04774729058352,96.23117143805544,-227.69562080019978,-195.68232200694771,-201.74122380611743,1324.1067344768683,13877.914913631075,-1.8189894035458565e-12,14850.3
2021-04-29,77.05716658783217,111.91714777442932,101.31379885267845,-222.2826133037928,-188.7054356388427,-216.31914100588935,1335.6199864111895,13889.999090322397,-1.8189894035458565e-12,14888.6
2021-04-30,-78.28364393834036,-9.851806851735581,84.30641643633548,-216.90556052696235,-180.177204222287,-230.65784782651636,1347.0197654442738,13902.099881485232,0.0,14617.55
2021-05-03,51.55180390981847,-108.51718923559511,55.42766084978104,-211.74987001291075,-170.13985301432336,-244.74417776701122,1358.3044326414556,13914.217192628787,0.0,14644.35
2021-05-04,-63.15846379956002,-126.84606731931288,25.266076789887762,-207.00700949655024,-158.66285017843012,-258.5649643263556,1369.4723490680997,13926.350929262222,0.0,14506.85
2021-05-05,13.583657536743408,-79.07013717734073,2.2519066107135535,-202.84349756959722,-145.8377610812772,-272.1070410035431,1380.5218757895764,13938.500996894725,0.0,14635.0
2021-05-06,15.715265654033384,4.023767465044942,-12.21034815493003,-199.32216219360706,-131.76795832488565,-285.3572393523598,1391.4513738712174,13950.667301035486,1.8189894035458565e-12,14733.2
2021-05-07,-4.714730488226591,80.22068992331862,-18.595198751752132,-196.35066154363585,-116.56674087386155,-298.3023098379318,1402.2592043784143,13962.849747193672,1.8189894035458565e-12,14810.8
2021-05-10,101.09998910212434,83.02226279437295,-17.94628765564269,-193.47990606444736,-100.35946678564935,-310.9285606457437,1412.9437283765037,13975.048240878481,0.0,14949.4
2021-05-11,11.414892245834258,32.688534282058534,-13.093888661369592,-189.77256426709988,-83.2813507809468,-323.22161734839233,1423.5033069308101,13987.262687599106,0.0,14845.5
2021-05-12,-115.36445176879361,-25.513469355860412,-9.078029788846498,-184.08183196248058,-65.4746362464931,-335.1668748489636,1433.9363011067467,13999.49299286469,0.0,14698.75
2021-05-14,-150.9020479223142,-41.13940057007987,-10.948358554286605,-175.30489155426122,-47.08572839407917,-346.74970715905715,1444.241071969638,14011.73906218444,0.0,14683.85
2021-05-17,37.13504646949162,-22.19258691636069,-20.342459654716016,-162.6995657800227,-28.261727480534866,-357.95548829025614,1454.4159805848517,14024.000801067548,-1.8189894035458565e-12,14924.1
2021-05-18,155.38196081051987,10.073553844346097,-32.71156586979735,-146.16240868971653,-9.14945088217543,-368.7695922540815,1464.4593880177101,14036.278115023193,1.8189894035458565e-12,15109.4
2021-05-19,19.679577862883242,12.990189041116993,-41.51996300024293,-125.81598754698773,10.103011811237563,-379.17739306217356,1474.369655333619,14048.570909560547,1.8189894035458565e-12,15019.2
2021-05-20,-117.02382315947715,-1.7288766282823973,-44.47699813792659,-101.92551615494294,29.345245019977753,-389.1642647260557,1484.1451435979102,14060.879090188797,0.0,14920.05
2021-05-21,84.91457776712343,0.22287337572277854,-43.3042217285227,-74.98033921874595,48.42591476869135,-398.71558125733253,1493.784213875944,14073.202562417118,0.0,15183.55
2021-05-24,19.5874516599328,0.8426551993503651,-38.939540560113656,-45.693890758096515,67.19358213869306,-407.8167166675463,1503.2852272330765,14085.541231754703,0.0,15184.0
2021-05-25,-16.13445079501764,0.7205754573764128,-31.07008436281258,-14.951351987962873,85.49680821132868,-416.45304496830414,1512.646544734656,14097.895003710735,0.0,15218.15
2021-05-26,-1.9821231338592507,-5.926872507134327,-19.354737087233474,16.25920759105404,103.18415406788421,-424.6099401711556,1521.8665274460452,14110.263783794398,1.8189894035458565e-12,15299.7
2021-05-27,-7.117514276671433,-7.211074110909312,-3.855510301024322,46.91168023909181,120.10418078971739,-432.2727762876598,1530.9435364325907,14122.647477514865,-1.8189894035458565e-12,15370.15
2021-05-28,-12.645397110490999,7.219649798112755,13.147714572026109,75.97758747061833,136.1054494581764,-439.4269273294333,1539.87593275965,14135.04599038134,0.0,15455.3
2021-05-31,31.32604686054395,14.20437972358074,26.94068320298647,102.42883097078797,151.0365211545449,-446.05776730803046,1548.6620774926128,14147.459227902975,-1.8189894035458565e-12,15576.0
2021-06-01,-12.806019464197593,-7.468356801571336,33.285754163805386,125.25590809102142,164.74595696019492,-452.1506702350152,1557.300331696784,14159.88709558898,-1.8189894035458565e-12,15568.05
2021-06-02,-28.442516445543767,-14.164947423076905,31.48257845923814,143.61502218885147,177.08231795642206,-457.69101012195864,1565.7890564375605,14172.329498948506,1.8189894035458565e-12,15590.0
2021-06-03,33.518550922503515,-8.193090642671322,22.275730723497787,157.15498177823576,187.89503192784218,-462.6642061655768,1574.126657965402,14184.786343490767,0.0,15688.9
2021-06-04,-34.90212948385178,22.04115487637927,7.947032071777818,166.0087499135942,197.04181673812974,-467.0560300937607,1582.3118712528017,14197.25753472493,0.0,15670.65
2021-06-07,24.871878074087217,23.585730824859144,-5.568966748463073,170.47312777296568,204.40438269742546,-470.85322053987056,1590.3440897588039,14209.74297816019,3.637978807091713e-12,15747.0
2021-06-08,39.97824701861181,-11.44260947865199,-13.857306806750069,170.8603780842849,209.89023973631376,-474.04446828546924,1598.2229404259535,14222.242579305708,0.0,15741.85
2021-06-09,-52.898456944883065,-37.187672613728644,-14.660573958787362,167.47988400658915,213.43478052758852,-476.622276259707,1605.9480715722436,14234.756243670685,0.0,15640.25
2021-06-10,17.014598031314968,-22.3606956438421,-7.447200588579763,160.73540731555653,214.98608577595462,-478.5812031704044,1613.5191315156978,14247.2838767643,1.8189894035458565e-12,15745.15
2021-06-11,24.411511029102016,10.886472700908508,3.196254089358571,151.25925642912028,214.5031813681085,-479.9178282866499,1620.935768574319,14259.825384095733,0.0,15805.1
2021-06-14,-18.74907650754031,45.791804464743485,10.910604477526126,139.8324409388827,211.96663462189568,-480.6307154649629,1628.19763629529,14272.380671174167,-1.8189894035458565e-12,15809.7
2021-06-15,42.681755244944036,31.677851663809555,10.790331024271811,127.1486563736887,207.3680139048887,-480.7207250355154,1635.304473315126,14284.949643508788,0.0,15859.2
2021-06-16,-10.688874857312246,-11.741605228024905,3.9983737532778467,113.82494686096193,200.70940857390627,-480.19075323411244,1642.256297522525,14297.532206608781,-1.8189894035458565e-12,15755.7
2021-06-17,-41.83206998449734,-43.38651192562702,-5.728233768411724,100.49671650355369,192.01281801503228,-479.0442451319349,1649.053260308564,14310.128265983321,0.0,15681.7
2021-06-18,5.6125405248626175,-41.61331438279922,-14.434869785700705,87.81986444345154,181.3172046621671,-477.28468300031227,1655.6955303967482,14322.737727141584,-1.8189894035458565e-12,15719.85
2021-06-21,26.07877380355228,-26.549509546387778,-18.652271972822625,76.4249947718626,168.6697899510117,-474.9155491105334,1662.1832765105523,14335.360495592766,0.0,15748.6
2021-06-22,37.74728600189771,-20.997385783299315,-17.103841396710074,66.81138892375897,154.1197337687553,-471.9403257339349,1668.5166673734846,14347.996476846047,0.0,15765.15
2021-06-23,-53.607064565311596,-4.648905793677199,-12.283259481977943,59.240763505252204,137.71951335789143,-468.3624951418297,1674.6958717090438,14360.645576410607,1.8189894035458565e-12,15693.4
2021-06-24,11.30512409441203,26.32940207722254,-7.060734090166926,53.75644269549624,119.52654679221114,-464.1855396055184,1680.721058240709,14373.307699795636,0.0,15793.7
2021-06-25,33.28345454213977,53.773803127748245,-2.5086727823948243,50.27022791200521,99.61898039453352,-459.4129413963282,1686.592395691991,14385.982752510305,1.8189894035458565e-12,15847.6
2021-06-28,5.50097981112279,54.805610639428146,1.0871432286785097,48.54959540727395,78.1241608488748,-454.04818278555274,1692.3100527863717,14398.670640063803,0.0,15825.0
2021-06-29,-18.277620626408705,1.471739515351255,3.573682766670817,48.240447059608634,55.24113368382477,-448.09484861170864,1697.8741982473375,14411.371267965322,1.8189894035458565e-12,15751.4
2021-06-30,9.529239797054785,-49.97815253133386,5.170821639392064,48.89386486397342,31.222068750728432,-441.557385042265,1703.2850007984252,14424.084541724025,0.0,15730.65
2021-07-01,-17.7163708168032,-62.48231175731478,6.178654086024339,50.012327184800725,6.347594355136787,-434.4428890640429,1708.5426291631002,14436.8103668491,-1.8189894035458565e-12,15693.25
2021-07-02,-18.591694982942297,-27.624605601210636,6.7853967237049195,51.08606401463946,-19.088888094906554,-426.7621729738831,1713.6472520648608,14449.548648849737,0.0,15729.0
2021-07-05,40.29030463756577,21.744585486744423,7.173577757885224,51.613222745280446,-44.79200710822946,-418.5280149815676,1718.5990382272057,14462.299293235115,0.0,15838.4
2021-07-06,-24.316608572763524,63.81488588156417,7.571166067094353,51.09940779042552,-70.47528802485012,-409.7539250294929,1723.3981563736,14475.062205514423,-1.8189894035458565e-12,15816.4
2021-07-07,51.884602047073244,49.653458176481124,8.467205641616633,49.08649738298191,-95.86958960614325,-400.45424006643964,1728.0447752275995,14487.83729119683,-1.8189894035458565e-12,15878.65
2021-07-08,-37.38432202729293,-13.021333821236498,11.396324126658742,45.21298678353976,-120.72333568462054,-390.6438386812327,1732.5390635126505,14500.624455791534,0.0,15728.0
2021-07-09,-26.204381060315857,-59.3875675816965,18.154270002525134,39.3257880826478,-144.80513496175178,-380.33776924138516,1736.8811899522682,14513.423604807707,0.0,15697.05
2021-07-12,-48.47890107617214,-53.026753378878915,29.46726357207757,31.682456150885336,-167.89889344599484,-369.55113884639565,1741.071323269946,14526.234643754533,0.0,15689.5
2021-07-13,20.236799575137137,-13.938669802896085,42.761077774314074,22.775327061297038,-189.80258005070746,-358.2990648875261,1745.1096321891782,14539.057478141203,0.0,15807.9
2021-07-14,-4.131606956294824,38.47861184391826,53.886590770658216,13.15077043364039,-210.32600024630867,-346.59666475594736,1748.9962854334512,14551.892013476883,0.0,15845.35
2021-07-15,51.273950208742704,53.81573401266052,58.51102048279705,3.3790648874827145,-229.29032074581517,-334.45905584290466,1752.7314517262564,14564.738155270781,0.0,15920.7
2021-07-16,95.58372850158312,15.419203683366389,53.15532031720463,-6.031976103614323,-246.536029682089,-321.9013555396168,1756.315299791107,14577.59580903206,0.0,15923.6
2021-07-19,-8.936930739244504,-34.90223242857625,37.14995839816458,-14.758750090468737,-261.926242523992,-308.93868123728816,1759.7479983515082,14590.464880269898,-1.8189894035458565e-12,15757.9
2021-07-20,-108.53637089550837,-50.523089613552855,10.71526359543383,-22.611157288207526,-275.3334860954564,-295.58615032712316,1763.0297161309184,14603.345274493498,-1.8189894035458565e-12,15624.5
2021-07-22,79.09255095142092,-11.731180477911979,-24.127490187649514,-29.431594080465555,-286.6407239405486,-281.8590813297322,1766.1606218528718,14616.236897212017,0.0,15827.7
2021-07-23,70.83927211091321,40.09177109671748,-59.84057195828432,-35.03216555566932,-295.76484149521315,-267.77400237395744,1769.1408842408266,14629.139653934666,0.0,15850.8
2021-07-26,34.01731110462668,56.189702253702386,-87.58445477249808,-39.177794717742735,-302.66962297540374,-253.34926308159598,1771.970672018312,14642.0534501706,0.0,15821.45
2021-07-27,-17.381631563093297,23.570945635506273,-101.01374798540326,-41.65555987763969,-307.3447387510588,-238.60361279613738,1774.6501539087863,14654.978191429042,0.0,15747.2
2021-07-28,-33.9336619369149,-22.071602381351223,-98.6209891127412,-42.4566601463825,-309.8046291734053,-223.55573910411124,1777.1794986357863,14667.91378321912,-1.8189894035458565e-12,15714.65
2021-07-29,26.322832996755317,-61.117836549013795,-80.62567579103049,-41.8298173716384,-310.09440062404946,-208.22410863385235,1779.5588749227675,14680.860131050064,-1.8189894035458565e-12,15784.85
2021-07-30,-43.13236694917987,-68.36098882144331,-49.44147452040067,-40.10776911390715,-308.2860639297138,-192.62692858963905,1781.7884514932616,14693.817140431021,0.0,15773.65
2021-08-02,-43.43414193598833,-31.157804800701758,-9.69074727493426,-37.626157666637496,-304.4619101028927,-176.78235216078033,1783.8683970707368,14706.784716871196,1.8189894035458565e-12,15887.5
2021-08-03,31.412964495337892,47.74023046113113,32.81854680097511,-34.71516001627475,-298.7096745021007,-160.7085534975468,1785.798880378703,14719.762765879776,0.0,16123.4
2021-08-04,38.08476029674023,89.91235510178142,71.91737388024212,-31.704412492475473,-291.1176275832066,-144.42371230964594,1787.5800701406376,14732.751192965927,0.0,16253.0
2021-08-05,9.991157153282874,73.53546113390979,101.95494252769714,-28.92322784909745,-281.7743633778325,-127.94600830686416,1789.2121350800605,14745.74990363884,3.637978807091713e-12,16281.8
2021-08-06,-17.718816867270768,11.695890101660801,120.031895393981,-26.69702384758169,-270.7723709100485,-111.29362119888985,1790.6952439204658,14758.758803407685,-1.8189894035458565e-12,16254.7
2021-08-09,-15.121966449851259,-42.9702193551809,126.40964290305762,-25.329754289233943,-258.2103352803043,-94.48473069547356,1792.0295653853157,14771.77779778167,1.8189894035458565e-12,16254.1
2021-08-10,9.082813612766776,-95.73967279913707,123.6368633120456,-24.972752107261652,-244.19179598017064,-77.53751650633232,1793.2152681981331,14784.806792269957,-1.8189894035458565e-12,16268.3
2021-08-11,-22.320908504907553,-93.21714014825695,113.23344314709146,-25.397038586365557,-228.82641103046862,-60.47015834123346,1794.2525210824094,14797.845692381732,0.0,16275.1
2021-08-12,-23.52976398296241,-35.67626175477185,96.29164112125463,-26.237633245030363,-212.2330426164047,-43.300835909910745,1795.1414927616406,14810.894403626186,0.0,16361.35
2021-08-13,37.364653722641336,37.11468111204957,72.9162668074009,-27.14640839798861,-194.53664779385343,-26.047728922066913,1795.8823519593182,14823.952831512497,0.0,16519.5
2021-08-16,-8.571238937046013,91.56549085875972,42.939220601924696,-27.78472293692791,-175.8658814480373,-8.729017087464458,1796.4752673989503,14837.02088154984,0.0,16547.05
2021-08-17,45.716308603396335,81.52191780498194,6.720114608402324,-27.8113517649927,-156.35297618738414,8.637119884189119,1796.9204078039973,14850.09845924741,0.0,16605.45
2021-08-18,16.97032127587079,42.42854355212039,-32.42090970833257,-26.886973118571067,-136.12689629660463,26.032502283148055,1797.2179418034887,14863.18547020888,0.0,16550.4
2021-08-20,-81.07914519684957,-11.23454205074656,-69.13929133500137,-24.683277595649606,-115.30255228576686,43.43895039967138,1797.3680375540957,14876.281820510249,0.0,16415.65
2021-08-23,-5.96661995505583,-40.55660559258208,-97.90876455600036,-20.891916555324936,-93.97265730506828,60.83828452402049,1797.370862703352,14889.38741673666,0.0,16488.3
2021-08-24,92.9011973695787,-54.13259283566945,-113.52356585386525,-15.2268488021443,-72.20926519642099,78.212324946464,1797.2265845794886,14902.50216579257,0.0,16615.75
2021-08-25,48.551972057068795,-51.1654811701028,-112.5072189283025,-7.511971767409362,-50.07153724167825,95.54289195726807,1796.9353700553297,14915.625975037827,0.0,16635.4
2021-08-26,-51.14265113170013,-34.83920798814472,-94.55236240367722,2.027846879603161,-27.611569038765325,112.81180584671326,1796.4973853909937,14928.75875244498,0.0,16631.95
2021-08-27,-101.3466532014591,-19.67762867846139,-63.22861760980457,12.868997401185757,-4.880187649709203,130.0008869050562,1795.9127964247525,14941.900406408438,0.0,16691.55
2021-08-30,14.74760749283749,8.362535414204551,-24.241079480704627,24.434586970207345,18.07177986340813,147.09195542254875,1795.1817688081758,14955.050845509324,0.0,16938.7
2021-08-31,84.99316087254425,26.23086320164528,16.203468516808247,36.14772275944121,41.193506438516636,164.06683168947623,1794.3044651789824,14968.209981342583,0.0,17131.35
2021-09-01,-70.37195856823634,10.153722785439593,51.53644915336426,47.43151194169888,64.43416501355107,180.9073359961096,1793.2810368963023,14981.37773678177,0.0,17058.75
2021-09-02,12.88640475174069,16.071341003342663,75.17930537626148,57.70908531835506,87.74290489792845,197.5952886326768,1792.1116292227196,14994.554040796975,0.0,17233.85
2021-09-03,10.720913311288664,35.0834947845745,84.6264391463712,66.40268891534431,111.0687441738379,214.11250988947273,1790.7963864054598,15007.738823373651,0.0,17320.55
2021-09-06,20.713527866776474,30.01344532322387,80.91995959245929,72.9348567957199,134.35992317606625,230.44082005676358,1789.335451963849,15020.932015225144,0.0,17379.65
2021-09-07,-14.901679500556115,3.1323560370797754,66.44430109159163,76.7895501572056,157.56091630784488,246.5620394248084,1787.728966984466,15034.133549497561,0.0,17357.45
2021-09-08,12.853706977848141,-39.72213796441692,43.53985645027473,77.6439252861721,180.60622907534838,262.45798828389246,1785.977071382595,15047.343360508286,0.0,17370.7
2021-09-09,3.097167920755321,-61.07253897156495,14.664688222843829,75.25014974904346,203.40875850642388,278.11048692423657,1784.079904890845,15060.561382757413,3.637978807091713e-12,17358.1
2021-09-13,-27.207795692874605,-49.61237235343841,-17.05280042646994,69.38629021401336,225.8601646358174,293.501355636138,1782.0376072336403,15073.787550753173,0.0,17350.7
2021-09-14,-53.731394508050734,-0.3447283996289517,-47.095279820734305,59.850034622315604,247.8368362570155,308.61241470986533,1779.8503181354554,15087.021799003764,0.0,17382.0
2021-09-15,3.4435508692737273,67.87677466130104,-69.8911936203938,46.45903372480523,269.20411059117265,323.425484435668,1777.5181773207935,15100.26406201738,-3.637978807091713e-12,17518.3
2021-09-16,72.32459527971945,89.51371309928737,-79.63671401077299,29.04783535979295,289.8225863517971,337.9223851038338,1775.0413245141194,15113.514274302222,0.0,17627.55
2021-09-17,74.10944404210964,31.739280782388537,-72.1171574177804,7.633783545453207,309.55744223682046,352.0849370046049,1772.4198994399078,15126.772370366498,0.0,17602.2
2021-09-20,-93.58017726546551,-71.47742333463628,-48.047089296155974,-17.015694696688488,328.2830976236572,365.8949604282332,1769.654041822631,15140.038284718425,0.0,17373.75
2021-09-21,73.20692912239232,-100.8889921358079,-9.865291165848728,-43.61817653552514,345.8754117968174,379.3342756650375,1766.7438913867272,15153.311951866206,0.0,17564.1
2021-09-22,-64.9938106529919,-38.161899482647435,37.16875596899797,-70.54056033615603,362.2099173227876,392.38470300525296,1763.6895878567314,15166.593306318025,0.0,17548.35
2021-09-23,59.66404116768422,59.42761084093938,80.62681745431412,-95.98219220574033,377.16210646449,405.02806273913615,1760.4912709570742,15179.882282582103,0.0,17826.3
2021-09-24,-3.836090513787306,98.9686158674748,106.44318010188016,-118.20724767617905,390.6074714847629,417.2461751569748,1757.149080412226,15193.178815166646,0.0,17841.55
2021-09-27,26.756229538942282,68.50288699385722,104.08987898463785,-135.83749792321586,402.4216473302267,429.0208605489969,1753.6631559467091,15206.482838579845,0.0,17855.1
2021-09-28,-24.737822234829874,7.126414828477726,76.58476860788252,-148.167458617381,412.4822335954898,440.3339392055092,1750.033637284931,15219.794287329922,0.0,17733.45
2021-09-29,36.747295006656806,-55.65490324909973,31.098117905764784,-154.85890714083854,420.67740598426775,451.16723141676357,1746.2606641514137,15233.113095925071,0.0,17708.55
2021-09-30,-13.162664095336293,-74.80475654419959,-24.93223944629016,-155.66507369418676,426.92860116288034,461.50255747302384,1742.3443762706252,15246.439198873484,0.0,17608.65
2021-10-01,-95.14311353129443,-45.591274481995264,-83.11169017355246,-150.4034685041777,431.2203649760635,471.32173766455145,1738.2849133670036,15259.7725306834,0.0,17526.35
2021-10-04,25.665893005949645,24.305661440678097,-131.9192292272667,-138.93899513293277,433.58454098771216,480.6066878978084,1734.0824151650572,15273.113025862995,0.0,17700.5
2021-10-05,111.15462937916587,58.672848306741365,-158.97170059305526,-121.1579300485606,434.06390872148995,489.3406039244823,1729.7370213892532,15286.460618920482,0.0,17829.3
2021-10-06,-107.7832082597693,32.09409622889332,-155.95692606306406,-97.17693428743745,432.6976406653669,497.5112155878882,1725.248871764059,15299.815244364063,0.0,17626.45
2021-10-07,41.84533628094637,-19.80548313071667,-125.37606916254995,-67.93988874227135,429.52061611276594,505.11054592594337,1720.6181060139374,15313.176836701945,0.0,17797.15
2021-10-08,77.9014709424903,-41.27105889054259,-73.44844998766118,-34.77048870362014,424.56686540349835,512.1314669301167,1715.8448638633888,15326.54533044233,0.0,17907.5
2021-10-11,19.92956703679119,-46.783570473624856,-7.6940353783161335,0.9608242155629393,417.8703739211148,518.5668955481764,1710.9292850368738,15339.920660093425,-3.637978807091713e-12,17953.7
2021-10-12,-57.740048940535665,-30.576053354921196,62.73334869377223,37.8836084023055,409.46384750916957,524.4110217268221,1705.8715157999477,15353.302760163439,0.0,18005.35
2021-10-13,-40.122184553485084,6.321433023106921,128.52203428405332,74.62742224367342,399.3754806262912,529.6624528391221,1700.6717963766762,15366.691565160561,0.0,18165.75
2021-10-14,11.338832273602506,40.11065776846463,180.4080452578282,109.82182412666802,387.63198470397015,534.3209942245383,1695.330652051914,15380.087009593013,0.0,18339.05
2021-10-18,73.13499016880095,55.508605425445005,209.52587349171017,142.0963724383504,374.25790060487054,538.3885246234967,1689.8487052783453,15393.48902796898,0.0,18476.25
2021-10-19,24.211426182519244,30.90721177621519,209.69874745477603,170.16385999987895,359.27094599865956,541.8736679392114,1684.2265858520454,15406.897554796695,0.0,18427.25
2021-10-20,-53.56129182867381,-25.877930442070074,182.66364612942664,193.27560277977847,342.68568196247827,544.7868432455334,1678.464923569186,15420.312524584338,3.637978807091713e-12,18282.75
2021-10-21,-40.77414031641852,-63.27668008835946,134.10971536534967,211.5920046446073,324.5123746314714,547.1385056973688,1672.5643482258433,15433.733871840137,0.0,18219.6
2021-10-22,-112.10800451275249,-39.42512320120489,70.15317685978962,225.49293401719098,304.7608856969171,548.9391109146588,1666.5254891531367,15447.161531072265,0.0,18111.5
2021-10-25,-71.67212420906273,21.134138148146878,-2.9085154419215318,235.3566667767648,283.4463077376956,550.1991195288545,1660.34897067058,15460.595436788943,0.0,18136.5
2021-10-26,142.5560908168613,61.67493653180608,-76.42617225140602,241.54130806926688,260.60390406594576,550.9290059565959,1654.0354033125557,15474.035523498376,0.0,18308.95
2021-10-27,107.2225334665121,50.09304415832276,-142.69584659605914,244.38643336859855,236.28746766589606,551.139250623779,1647.5853916041808,15487.48172570877,0.0,18181.5
2021-10-28,-84.08013613224871,-6.223549040312013,-194.35257645301175,244.20024574318293,210.5821639272172,550.8403346707554,1640.999539356095,15500.933977928324,0.0,17862.9
2021-10-29,-139.24478400232795,-51.58113050972994,-223.95159627108976,241.24386032023023,183.62024618081682,550.042739237905,1634.2784503789435,15514.39221466525,3.637978807091713e-12,17708.8
2021-11-01,129.64111117898304,-55.426278275054415,-224.30626624717465,235.73849623569254,155.56689273084703,548.7569454655771,1627.4227284833921,15527.856370427739,0.0,17945.25
2021-11-02,33.91010923270959,-16.055361584383856,-191.91816058032538,227.86280056095836,126.59782067283764,546.9934344941138,1620.432977480088,15541.326379724003,0.0,17889.15
2021-11-03,-105.79910970046917,43.78839053306002,-132.5528570796445,217.79885197193389,96.89005856929529,544.7626874639142,1613.3098011796446,15554.802177062265,0.0,17833.0
2021-11-08,85.41320764310419,60.78727894077226,-54.37163095057656,205.83779975048574,66.62065875744982,542.0751855153227,1606.053803392738,15568.283696950706,-3.637978807091713e-12,18080.7
2021-11-09,43.87987878163489,25.599386223634134,33.72708572992528,192.29910407410776,35.96667357446417,538.9414097886932,1598.6655879300222,15581.770873897518,0.0,18050.85
2021-11-10,35.26042669124892,-49.303840627293326,119.75479102084971,177.50222512020764,5.105155357525191,535.3718414244013,1591.1457586021106,15595.263642410948,0.0,18010.1
2021-11-11,-90.59339627637826,-70.5276899747422,187.15748895941948,161.76662306620747,-25.786843556142006,531.3769615627864,1583.4949192196864,15608.761936999164,0.0,17885.65
2021-11-12,78.17891995619644,-16.965940336828744,223.58896060481817,145.4337134971903,-56.53227082938645,526.9672513442456,1575.713673593387,15622.265692170376,3.637978807091713e-12,18098.65
2021-11-15,45.20213083802977,51.743788204162676,227.35805697036488,128.91943823666244,-86.95407412497825,522.153191909104,1567.802625533838,15635.774842432817,0.0,18092.0
2021-11-16,-48.78797270105804,90.00637501085033,201.49602047943668,112.5138127724041,-116.87520110575446,516.9452582330155,1559.7623850164437,15649.28932229466,0.0,17964.35
2021-11-17,2.8306963110435204,52.768725796925445,155.84786725463502,96.11475649959712,-146.11859943447564,511.353831120341,1551.5936561878275,15662.809066264108,0.0,17887.2
2021-11-18,46.807072238798135,-29.658961335587694,98.06317381289915,79.52548863842645,-174.5072167740219,505.38899485400185,1543.297439716088,15676.334008849395,0.0,17745.25
2021-11-22,-68.41763454133844,-110.86496476113949,34.797717135719935,62.54922840896462,-201.86400078711554,499.0607149730439,1534.8748550131666,15689.864084558698,0.0,17440.0
2021-11-23,75.05838790493645,-90.08549566144627,-28.955394546042797,44.989195031386984,-228.01189913663185,492.378944708723,1526.3270337988508,15703.399227900223,0.0,17495.1
2021-11-24,-111.16190836830778,68.01392889096455,-93.5748872304559,26.648607725792374,-252.77385948534337,485.3536372922376,1517.655107792922,15716.939373382189,0.0,17357.1
2021-11-25,126.46550981164934,128.64666152374647,-156.80943773442027,7.330685712298759,-275.97282949605847,477.9947459548267,1508.8602087151633,15730.484455512793,0.0,17547.0
2021-11-26,-126.24162931249757,-55.503397059090574,-215.40196602118607,-13.16135178892329,-297.43175683163327,470.3122239277201,1499.94346828537,15744.034408800242,-3.637978807091713e-12,17006.55
2021-11-29,71.08915158154902,-137.62450294515585,-252.57798434195468,-35.024285557813194,-316.9735891547806,462.316024442085,1490.9060182233354,15757.589167752736,0.0,17039.7
2021-11-30,-99.2549516037411,11.5592950476114,-251.31106627155347,-58.335760900438636,-334.4212741283996,454.016100729206,1481.7489902488235,15771.148666878493,0.0,16975.15
2021-12-01,-20.852183721770533,144.55806852485557,-208.1271418247416,-82.63974635070022,-349.5977594152629,445.42240602027204,1472.473516081651,15784.712840685697,0.0,17185.95
2021-12-02,162.31406349400825,136.0998718113473,-125.33616525298096,-107.15902204486774,-362.32599267816676,436.5448935465222,1463.0807274415681,15798.28162368257,0.0,17401.5
2021-12-03,35.18057127933456,1.8313346900747733,-15.93802777273178,-131.1651795816133,-372.4289215799221,427.3935165391406,1453.5717560484247,15811.85495037729,0.0,17210.3
2021-12-06,-195.957280215744,-145.6770070944751,97.26136110861755,-153.95629714448611,-379.72949378332993,417.9782282293687,1443.947733621964,15825.432755278085,0.0,16909.3
2021-12-07,28.51732325912042,-163.24162671911427,192.57166670468754,-174.83045291704013,-384.0506569512227,408.30898184844335,1434.209791881955,15839.014972893172,0.0,17180.5
2021-12-08,194.35404598822683,-84.51926508610072,260.9599720206013,-193.08572508286278,-385.215366074795,398.39573795598506,1424.359062548226,15852.601537730718,0.0,17467.85
2021-12-09,109.26730413969344,16.913807641819403,298.69813743813336,-208.02019182548415,-383.04636619263175,388.2482471589546,1414.396677340556,15866.19238429896,0.0,17502.65
2021-12-10,37.370994676254085,93.51106105293727,302.802147158366,-219.10527569344148,-377.36557440698374,377.87543212806446,1404.3237679787235,15879.787447106079,3.637978807091713e-12,17499.2
2021-12-13,-91.47566306617267,144.46982189681685,271.19694435727126,-226.50202686619318,-368.00447406940776,367.2872709048744,1394.1414661825143,15893.386660660297,0.0,17384.5
2021-12-14,-123.11170617712555,176.95789185093346,203.67764227168993,-230.50459171410168,-354.8571924516521,356.49709307871484,1383.8509036717235,15906.989959469818,0.0,17319.5
2021-12-15,-125.39754527848685,157.8172254071879,105.54133590601545,-231.26834106192433,-337.9622008576607,345.51903567591444,1373.4532121661205,15920.597278042835,-3.637978807091713e-12,17208.3
2021-12-16,148.9123230688609,60.697968695994604,-9.22898543492758,-228.77031410065229,-317.5363022250769,334.3672357227207,1362.9495233855266,15934.208550887553,0.0,17285.6
2021-12-17,76.32083293783741,-64.23671578816388,-124.47077944414119,-222.8840943434211,-293.89975516944736,323.05583024545507,1352.3409690496942,15947.823712512187,0.0,16994.05
2021-12-20,-144.1754609402132,-152.67507403208555,-223.96371599179025,-213.45998843478762,-267.3960951748951,311.5989562703961,1341.6286808784425,15961.44269742493,3.637978807091713e-12,16613.0
2021-12-21,36.3484992767603,-122.56231926627191,-294.05900081502125,-200.34672421412486,-238.370436530727,300.01075082385347,1330.8137905915455,15975.065440133987,0.0,16786.9
2021-12-22,121.42065404489017,-27.2530208896894,-332.40072152363587,-183.39367409383348,-207.16789352617823,288.3053509320864,1319.897429908784,15988.691875147577,-3.637978807091713e-12,16968.1
2021-12-23,74.06908640360008,69.39917689352478,-343.21641191077885,-162.4678320810078,-174.13358045060588,276.4968936214237,1308.8807305499415,16002.3219369739,0.0,17051.35
2021-12-24,-81.73852106722569,112.1084133165404,-331.52485194807605,-137.65232898207972,-139.61261159327375,264.59951591813905,1297.76482423483,16015.955560121145,3.637978807091713e-12,16999.9
2021-12-27,-36.356400063918905,84.92574548875835,-301.76913774247305,-109.6709830681788,-103.9501012434529,252.6273548485277,1286.5508426832087,16029.592679097528,0.0,17101.95
2021-12-28,75.79945467898423,4.367188067254527,-258.97276850140804,-79.420404019387,-67.49116369046452,240.59454743887292,1275.2399176148854,16043.23322841126,0.0,17233.35
2021-12-29,-11.32731801287374,-59.92754063523772,-210.03821254986858,-47.80156961407503,-30.580913223601144,228.51523071547,1263.8331807496502,16056.877142570534,0.0,17189.55
2021-12-30,-54.11009207344278,-85.29307234802914,-161.62657541120086,-15.71545763062559,6.43553586785187,216.4035417046285,1252.3317638072745,16070.524356083546,-3.637978807091713e-12,17228.95
2021-12-31,-66.2220632342824,-40.09132166135422,-117.7718579502752,15.936954152614502,43.21306929460199,204.27361743262213,1240.736798507542,16084.174803458533,0.0,17364.25
2022-01-03,27.323611250435192,37.666067532403076,-74.31837020713472,46.254687957253005,79.40657276737105,192.13959492573898,1229.0494165702767,16097.828419203655,0.0,17635.35
2022-01-04,43.972631057793244,90.51575344996121,-24.917581262207637,74.33676600494549,114.67093199682584,180.01561121029818,1217.2707497152185,16111.485137827163,0.0,17807.35
2022-01-05,89.53047397150617,37.37068234917193,34.39297365631921,99.28221051731167,148.66103269372886,167.91580331254718,1205.401929662187,16125.144893837229,0.0,17907.7
2022-01-06,-82.99667786695815,-58.36894545986219,98.03780091024532,120.19004371598321,181.03176056875168,155.85430825881704,1193.4440881309586,16138.807621742066,0.0,17746.0
2022-01-07,-46.963905403997586,-118.10286972028364,157.95261000249138,136.15928782259417,211.43800133260177,143.8452630753887,1181.3983568413137,16152.473256049892,0.0,17818.2
2022-01-10,47.069567089565304,-103.51503506439985,208.76145864956504,146.2890734110615,239.53453234372046,131.90280478854302,1169.265867513065,16166.141731268883,-3.637978807091713e-12,18005.45
2022-01-11,-27.0928225039699,-33.33048317634768,247.86683946667526,149.681376357485,264.973285658328,120.04107042458007,1157.0477518659784,16179.812981907271,0.0,18059.0
2022-01-12,15.680984781419724,29.772823549945887,272.7957860714534,145.44855585119697,287.39556864308935,108.27419700979743,1144.745141619845,16193.48694247325,0.0,18197.6
2022-01-13,8.82945769089627,93.52653831836213,280.8399135153827,132.75779613246692,306.4572568029416,96.61632157047602,1132.3591684944624,16207.163547475011,0.0,18258.55
2022-01-14,-36.495192713848084,144.3805512772332,268.4879429098549,111.39223917169885,321.91918259174855,85.0815811329326,1119.8909642095948,16220.842731420784,0.0,18235.5
2022-01-17,52.590552629000086,193.53254977313068,231.48577728406494,82.88199775921777,333.65892052734625,73.68411272342892,1107.341660485059,16234.524428818751,3.637978807091713e-12,18309.7
2022-01-18,-49.917605958793025,198.42170910989893,169.04805285269398,49.30971459828435,341.57968550322965,62.437480676917055,1094.712389040636,16248.208574177132,0.0,18113.8
2022-01-19,-60.53010671170933,161.24910389062723,87.0991760074787,12.79223588775914,345.58724876247294,51.35295856315558,1082.0042815960855,16261.895102004131,0.0,17941.45
2022-01-20,-3.1859888242357686,82.71935365939837,-2.8613908408304702,-24.553592173494938,345.58909794229095,40.44010355769552,1069.2184698712383,16275.58394680794,0.0,17782.95
2022-01-21,129.79139618557397,-47.4737565579382,-88.08903843970904,-60.6109233865982,341.49933177694254,29.70186173911074,1056.3560855858516,16289.275043096768,0.0,17650.45
2022-01-24,-145.1072630170789,-192.13198683596366,-155.8076526194391,-93.26291155268773,333.2413378475946,19.131890339036115,1043.418260459709,16302.96832537883,0.0,17112.45
2022-01-25,154.3667204753762,-249.93011991013347,-193.27609479179335,-120.39271047289101,320.7405400215,8.721810303001172,1030.4061262126222,16316.663728162319,0.0,17267.3
2022-01-27,8.8081265954388,-177.62676733794538,-192.0458903027883,-139.90307421700518,303.9223621659072,-1.5367574234143384,1017.3208145643606,16330.361185955446,0.0,17149.3
2022-01-28,-153.69289107418788,-49.064216065930644,-160.1787942971861,-149.99822531722646,282.71222814804275,-11.652191894642627,1004.1634572347288,16344.060633266403,-3.637978807091713e-12,17106.35
2022-01-31,-89.16341559353651,102.31907498592906,-109.10145837888108,-149.86838055809207,257.0498611627847,-21.63287216510634,990.9351859434959,16357.762004603406,0.0,17338.3
2022-02-01,38.90860852927587,210.23326445132028,-49.81498413584475,-139.27832051116854,226.98624207054047,-31.487177289259204,977.6371324104692,16371.465234474666,0.0,17604.65
2022-02-02,172.47973638909932,229.54583369048322,6.841282873896683,-118.33193410347492,192.84788172772542,-41.2234863215143,964.2704283554106,16385.170257388374,0.0,17791.6
2022-02-03,-62.43711462940215,165.45665921277086,50.54017796703691,-87.37636398167805,155.2036063967203,-50.850178316318186,950.8362054981296,16398.87700785274,0.0,17520.25
2022-02-04,28.023994327469527,46.03556112676542,71.53959600615705,-46.84834541324563,114.70381034658122,-60.37563232810068,937.3355955584074,16412.585420375966,0.0,17503.0
2022-02-07,-214.72387979246778,8.148542715043195,62.11685842643767,2.163017241453745,72.03852909854528,-69.80822741130355,923.7697302990297,16426.295429423262,0.0,17210.0
2022-02-08,-182.47685718135378,42.00377638686763,25.928141178502784,55.9162971977164,27.98827409599588,-79.1563426203351,910.1397419122053,16440.006969030397,3.637978807091713e-12,17240.35
2022-02-09,68.32021310533945,65.21572755823603,-16.161128181196183,109.07769656817663,-16.590887864222093,-88.42835700965622,896.4467651008825,16453.71997072244,0.0,17471.6
2022-02-10,256.32239841245075,26.608339787338046,-43.685240230223016,156.07052410959858,-60.85967303790079,-97.63264963367284,882.6919422871208,16467.43435830529,0.0,17586.95
2022-02-11,167.1116418839105,-105.34143755453779,-47.31345820811657,191.8776432931791,-104.03326134546846,-106.77759954686736,868.8764250129263,16481.150046464973,0.0,17345.55
2022-02-14,-238.50757364225436,-218.62418024039107,-25.426188521496883,213.65647920105943,-145.39526570106813,-115.8715858035979,855.00136993638,16494.86694477137,0.0,16819.7
2022-02-15,221.20900417451722,-149.04971118875272,18.91072607419332,220.39294869851912,-184.3428768100677,-124.92298745838269,841.0679347791154,16508.584961730856,0.0,17351.85
2022-02-16,-0.24088165667230438,13.015314235439561,73.10081231007135,212.2374160388189,-220.50376047462026,-133.94018356558942,827.0772774880471,16522.304005624504,0.0,17293.05
2022-02-17,-150.8105168294522,166.59220255398807,122.22613214560796,189.6685676546654,-253.64937308859385,-142.9315531796838,813.0305560553662,16536.0239846881,3.637978807091713e-12,17280.15
2022-02-18,-173.4133182984003,224.14727788556792,151.51853689199285,153.30454102542106,-283.575297780225,-151.9054753550836,798.928928473187,16549.744807157538,0.0,17268.75
2022-02-21,-118.89134576207279,192.33895576947396,150.38778747733096,104.6221822114996,-310.07718455234317,-160.87032914620917,784.7735527337103,16563.46638126861,0.0,17205.75
2022-02-22,-20.512764336623277,86.58720868529943,123.02414362377154,46.53238695655059,-332.95068340769643,-169.8344936075453,770.5655868290814,16577.18861525716,0.0,17080.6
2022-02-23,279.76228045446237,-101.01964458049584,77.16321203222526,-17.6256618740814,-351.9914443491023,-178.80634779347875,756.3061887514507,16590.91141735902,0.0,17054.7
2022-02-24,-291.0171472411311,-219.0986175720002,20.50897206602594,-84.48503141809736,-366.9951173793543,-187.794270758468,741.9965164930019,16604.634695810022,1.8189894035458565e-12,16217.75
2022-02-25,201.50175730501695,-113.60095009122861,-39.854111234362584,-150.6787888131194,-377.757352501246,-196.8066415569286,727.6377280458877,16618.358358845977,3.637978807091713e-12,16668.8
2022-02-28,256.8101704417921,88.39646433189957,-98.30429072095848,-212.84000119685808,-384.0737997175661,-205.85183924330465,713.2309814022393,16632.08231470276,0.0,16789.45
2022-03-02,105.4532282400402,190.94346858071344,-146.85051538106367,-267.6017357069641,-385.7405488116764,-214.9378030914818,698.7774345542646,16645.806471616164,3.637978807091713e-12,16625.85
2022-03-03,134.8573422806403,129.0870063595246,-180.7801105329398,-311.5970594811075,-382.55638771039594,-224.06977423185464,684.2782454940968,16659.530737822035,0.0,16508.75
2022-03-04,64.27145861601582,-18.211741282057282,-196.4593636201718,-341.46684934851953,-374.32430020627834,-233.24879792908584,669.7345722138864,16673.25502155621,-1.8189894035458565e-12,16243.55
2022-03-07,-174.22263307845532,-139.42087881482988,-189.58243945507013,-354.48723020926934,-360.88866947416335,-242.47495272854016,655.1475727058173,16686.979231054513,-1.8189894035458565e-12,15881.05
2022-03-08,-89.49384472152668,-136.6726641204556,-155.69557569049647,-350.63927112045053,-342.32211747827654,-251.7482063836091,640.5184049620419,16700.703274552772,0.0,16014.65
2022-03-09,91.37871822211252,-53.49576142895557,-99.55398974713336,-331.62718633631744,-319.0085690216035,-261.0684989496431,625.8482269747085,16714.42706028683,0.0,16366.9
2022-03-10,58.57473043292341,58.46881038187764,-28.761829950478013,-299.4152749768658,-291.4193586339772,-270.4357704819853,611.1381967359957,16728.15049649251,-3.637978807091713e-12,16566.3
2022-03-11,-75.64927112984431,104.77536742815862,48.95455810130546,-255.9625830668284,-260.0310739404438,-279.8499610360603,596.3894722380661,16741.873491405648,0.0,16620.5
2022-03-14,138.93697730665573,4.120874427723544,124.00245339470024,-203.22815663089227,-225.3203025661472,-289.31101066717065,581.6032114730506,16755.59595326208,0.0,16886.4
2022-03-15,-148.53822818553655,-92.42997942637135,179.62337814181043,-143.17104169379007,-187.76363213617188,-298.81885943070495,566.7805724331475,16769.317790297617,0.0,16645.0
2022-03-16,-1.784384632406698,-34.00099554304413,201.13513825468073,-77.75028428022333,-147.83765027558775,-308.37344738202563,551.9227131104808,16783.038910748124,0.0,16966.35
2022-03-17,144.14257490537463,65.20617378980253,189.06606999091883,-8.811173846709515,-106.01894460952214,-317.974714576507,537.0307914972343,16796.75922284941,0.0,17299.4
2022-03-21,-120.76587755455476,82.9799548937787,147.26665191914253,62.19137415130283,-62.784102763042654,-327.6226010694994,522.1059655855678,16810.4786348373,0.0,17113.85
2022-03-22,83.94363347784677,56.24373052969539,80.57866225822512,133.61428469661723,-18.609712361302936,-337.317046916358,507.14939336762194,16824.197054947654,0.0,17329.8
2022-03-23,-12.163052375345362,23.501103321476098,-0.2848096827611442,203.45048768656446,26.02763897068443,-347.0579921724787,492.1622328355831,16837.914391416274,3.637978807091713e-12,17223.55
2022-03-24,-2.6339141635006986,-31.051064141708515,-80.73511835420554,269.137915484247,70.65136360775622,-356.8453768932046,477.1456419815967,16851.63055247902,0.0,17197.3
2022-03-25,-13.596624119150297,-65.97465130671853,-146.0028908476102,327.97220831301803,114.78487392484966,-366.679141133903,462.1007787978322,16865.345446371684,0.0,17177.95
2022-03-28,-8.08408298914531,-81.03223690892942,-181.17277812385734,377.508958068448,157.95158229686606,-376.5592249499624,447.02880127643994,16879.05898133014,0.0,17214.7
2022-03-29,39.095174344984244,-83.60996475779088,-174.0470887473564,416.4206134583876,199.67490109869965,-386.4855683967166,431.9308674095917,16892.7710655902,0.0,17335.75
2022-03-30,57.64849499061944,-71.07446996882338,-125.90075078526779,444.6168520106406,239.47824270523972,-396.4581115295398,416.80813518943063,16906.481607387697,0.0,17471.6
2022-03-31,-106.77004835299026,-28.53176164318957,-50.70959188855157,462.5008992305029,276.88501949142835,-406.4767944037944,401.6617626081357,16920.19051495846,0.0,17468.75
2022-04-01,-79.50926786408567,47.875470231157486,34.17658300302581,470.5388612593532,311.4193062492166,-416.54155707484745,386.49290765785247,16933.897696538326,0.0,17688.35
2022-04-04,127.19977487810621,93.52617981292417,111.26857420408412,469.17870688748764,342.62331512158346,-426.65233959805425,371.30272833074076,16947.603060363126,0.0,18036.05
2022-04-05,16.18950057263996,40.35417536945705,164.7088456422701,458.7632901264029,370.1443730303594,-436.8090820287938,356.0923826189749,16961.30651466869,0.0,17930.75
2022-04-06,-37.56770909612263,-50.4920261619787,185.1555959417213,439.4976298390119,393.84723769423863,-447.01172442242614,340.86302851471225,16975.007967690843,0.0,17799.3
2022-04-07,-97.48441989706753,-95.17752869779721,165.12384615265591,411.8477537958915,413.7774038051081,-457.26020683433984,325.6158240101104,16988.707327665437,3.637978807091713e-12,17655.15
2022-04-08,79.46715705478474,-32.62300099277999,101.42077871117185,376.7788460547947,430.054258566281,-467.55446931985426,310.3519270973124,17002.40450282829,0.0,17800.3
2022-04-11,-7.767591987610708,66.22490691391627,9.738596682125314,335.3689649809362,442.80767665292854,-477.8944504260266,295.0724957685068,17016.099401415227,-3.637978807091713e-12,17679.65
2022-04-12,-51.563736806548626,97.34458553745718,-87.9850813886931,288.696168939521,452.16777634223195,-488.28033230190505,279.77868801584395,17029.791931662094,0.0,17519.95
2022-04-13,125.65016856682546,5.892665558215402,-169.43739287181808,237.8385162957183,458.26566021847196,-498.7132814036038,264.4716618314742,17043.482001804718,0.0,17467.45
2022-04-18,52.08264212692415,-87.88354677007814,-220.6332227367621,183.87406541474763,461.23184243446775,-509.19387575579196,249.1525752075741,17057.169520078918,0.0,17185.8
2022-04-19,-177.41649027480946,-97.07706418935275,-230.3903890643906,127.88281891183316,461.19218672086487,-519.7180429609678,233.82258613627724,17070.854394720547,0.0,16869.15
2022-04-20,32.81666351631302,8.383025033053695,-193.4992561968449,70.88933488560947,458.2653718499543,-530.2745256632891,218.48285260978173,17084.53653396542,0.0,17149.6
2022-04-21,193.78619077164163,99.62020757043447,-120.0384903282811,13.663703229472308,452.5668211088564,-540.8488110217313,203.1345326202355,17098.21584604937,0.0,17400.1
2022-04-22,-29.85463022725687,75.79029054965625,-23.292791331122174,-42.99946394874767,444.21151617512874,-551.4259445856779,187.77878415978887,17111.892239208228,0.0,17172.1
2022-04-25,-150.4466004152574,-21.91078674762117,84.15321725096544,-97.90168380828271,433.3144387262451,-561.9909719044866,172.4167652205921,17125.565621677848,-3.637978807091713e-12,16983.2
2022-04-26,113.96668504788904,-92.14430690130511,185.62307868071588,-149.74262422837452,419.9905704397486,-572.528938527529,157.0496337948147,17139.235901694043,0.0,17201.45
2022-04-27,-80.31171665986459,-65.17133285611874,264.45837115425684,-197.23685999450097,404.3548929931274,-583.0248900041697,141.67854787462605,17152.902987492645,0.0,17037.65
2022-04-28,58.62826337254584,17.541896177080893,308.4656318179519,-239.2157603093905,386.5223880639246,-593.4638718837854,126.30466545218124,17166.56678730949,0.0,17231.35
2022-04-29,-53.85691675971874,78.65532348515879,307.7463155270003,-274.87818376638734,366.60803732963325,-603.8309297157452,110.92914451964495,17180.22720938041,3.637978807091713e-12,17111.6
2022-05-02,61.069489261603074,28.56737584611641,259.02498156795554,-304.01486510446244,344.7268224677725,-614.1111090493686,95.55314306917944,17193.884161941205,0.0,17064.7
2022-05-04,-67.341345945609,-65.89525091032944,170.21360156827814,-326.6966467548008,320.99372515586873,-624.2894554341036,80.17781909292543,17207.537553227772,0.0,16694.7
2022-05-05,70.38251340761919,-58.20164602909124,52.88821715334552,-343.0334296724504,295.5237375008835,-634.3510144192529,64.80433058305717,17221.18729147589,0.0,16669.2
2022-05-06,-36.82862287988434,-3.775374074168591,-76.42902874217965,-353.1364326837799,268.4331694810727,-644.2808315542335,49.433835531758405,17234.833284921413,0.0,16438.25
2022-05-09,-56.59216410107238,52.07357813021902,-198.281851831725,-357.1241214127521,239.84557787238424,-654.0639523883526,34.06749193113165,17248.475441800165,1.8189894035458565e-12,16308.4
2022-05-10,-21.44188246078207,52.56600991701993,-295.27839107389474,-355.12721259804096,209.896770565372,-663.6854224710634,18.70645777341089,17262.11367034798,0.0,16207.75
2022-05-11,123.12685621054163,2.307108740498355,-360.59957992308927,-347.29106324841484,178.73719572072753,-673.1302873516253,3.3518910506627453,17275.7478788007,0.0,16202.25
2022-05-12,-135.3810857391257,-50.714791702154436,-395.2103359843919,-333.7762740088448,146.53315486473795,-682.3835925795007,-11.995050244840533,17289.37797539412,0.0,15826.45
2022-05-13,-155.33682123108792,-58.90942827900038,-401.57862659476655,-314.7321224268809,113.46672199264349,-691.4303837040043,-27.333208121015584,17303.00386836411,1.8189894035458565e-12,15767.15
2022-05-16,-116.13791890407276,1.4829419825914723,-383.967542622003,-290.3215068127528,79.73569126995784,-700.2557062745171,-42.66142458570254,17316.625465946498,1.8189894035458565e-12,15864.5
2022-05-17,223.0354845930334,64.2013125790341,-352.46151140741506,-261.1418697836147,45.5470551289751,-708.8446058404136,-57.9785416466961,17330.242676377096,1.8189894035458565e-12,16282.6
2022-05-18,182.02551612613502,54.721499076161926,-316.6610888835422,-228.13539088960079,11.109585942018642,-717.1821279510558,-73.28340131186746,17343.85540789175,0.0,16256.45
2022-05-19,-234.6033552579943,14.018264207421382,-278.92666531254395,-192.30734755908662,-23.366301059222568,-725.2533181558108,-88.57484558905918,17357.463568726296,0.0,15828.45
2022-05-20,221.52724677019236,-25.97503165611104,-238.69113587702984,-154.67012299620444,-57.66308486725265,-733.0432220040526,-103.8517164860946,17371.067067116554,0.0,16278.7
2022-05-23,110.80166053230397,-43.019209957397464,-193.3491759375523,-116.25537225258182,-91.5439726271737,-740.536885045146,-119.1128560108115,17384.665811298357,1.8189894035458565e-12,16191.65
2022-05-24,20.851543443251504,-57.38479566917249,-137.28307641825106,-78.11609059883901,-124.7508312650305,-747.7193528284436,-134.35710617105954,17398.259709507543,1.8189894035458565e-12,16139.5
2022-05-25,-142.22510483607135,-63.29737910422112,-66.036405149174,-41.31624980535039,-157.0145512071114,-754.5756709033121,-149.5833089746956,17411.848669979936,0.0,16037.8
2022-05-26,-99.77740636647702,-22.612729956415183,19.374571142396736,-6.9140055420299245,-188.0718389801794,-761.0908848191524,-164.79030642952395,17425.432600951382,-1.8189894035458565e-12,16201.55
2022-05-27,-87.80364338390427,33.636471770978446,112.10965621373045,24.066200712174155,-217.69311530197052,-767.250040125293,-179.9769405434158,17439.0114106577,1.8189894035458565e-12,16356.1
2022-05-30,98.7786245004961,75.90001395531216,204.16546331667678,50.646804030363846,-245.69567744224943,-773.0381823711391,-195.14205332418018,17452.58500733472,0.0,16668.2
2022-05-31,-26.046847323307357,39.3993914654441,287.51558371045485,71.87120091543812,-271.91778410060886,-778.4403571060316,-210.28448677967395,17466.153299218284,0.0,16578.25
2022-06-01,-66.56453947009942,-7.8752077606455035,353.7831515899384,86.78638791742101,-296.2012940237475,-783.4416098793469,-225.40308291772294,17479.716194544202,0.0,16540.8
2022-06-02,50.49212531366805,-50.36750938687186,396.47415688353624,94.44271245497606,-318.391416826994,-788.0269862404542,-240.49668374621504,17493.273601548357,0.0,16637.4
2022-06-03,23.364308402213293,-66.41446607282784,411.9021432898822,94.02896885326649,-338.3607199274109,-792.1815317387161,-255.56413127292348,17506.825428466516,0.0,16583.6
2022-06-06,44.51933672864895,-62.55580186081864,398.44357191924433,85.42677698880047,-356.06090788119064,-795.8902919235018,-270.60426750572896,17520.371583534547,0.0,16563.65
2022-06-07,-76.68302335918514,-21.145181685018045,355.2539643356244,69.3933981356289,-371.52688561870445,-799.1383123441518,-285.61593445246933,17533.911974988274,3.637978807091713e-12,16404.45
2022-06-08,-99.99475599188416,43.86801086517315,284.5108834584955,46.89037972830181,-384.81241645257467,-801.910638550098,-300.5979741209583,17547.446511063543,1.8189894035458565e-12,16335.4
2022-06-09,130.67060734722955,96.80597936900091,190.1778284451754,18.883758480428664,-395.9717290282793,-804.1923160906522,-315.5492285190648,17560.97509999616,0.0,16481.8
2022-06-10,29.885625520505673,63.91270639430623,78.31042911870513,-13.66042889438109,-405.05905199130103,-805.9683905151957,-330.4685396546193,17574.497650021982,-1.8189894035458565e-12,16191.45
2022-06-13,-137.97008047482424,5.183942011167327,-39.79451433502963,-49.77614568249169,-412.1286139870867,-807.2239073731099,-345.3547495354381,17588.01406937681,1.8189894035458565e-12,15800.95
2022-06-14,9.444625400775216,-43.66745451966818,-151.46882596303104,-88.49735517035585,-417.2346436610735,-807.9439122137594,-360.20670016939954,17601.524266296514,0.0,15741.95
2022-06-15,125.0105015550902,-80.72310732523272,-243.98946879286387,-128.85802064430433,-420.43136965878017,-808.1134480959282,-375.0232360548717,17615.028149016893,-1.8189894035458565e-12,15682.9
2022-06-16,-92.22004637164989,-94.01067939652484,-304.9090142205069,-169.8921053907492,-421.7730755006004,-807.7174435637869,-389.80326132997527,17628.525625773793,1.8189894035458565e-12,15348.2
2022-06-17,-67.464330176941,-74.96953055750531,-325.59861937129426,-210.63357269607863,-421.3130027398409,-806.7416662393143,-404.54588302207634,17642.01660480305,0.0,15330.75
2022-06-20,-82.9825660680775,-1.9849576511522207,-307.94762303779225,-250.15936275061273,-419.09734636948104,-805.1789511400899,-419.25018732327965,17655.500994340484,1.8189894035458565e-12,15368.9
2022-06-21,123.82429217935736,41.23739082193857,-260.02973780423997,-287.7509527270822,-415.16226417999036,-803.0324833105691,-433.9149476013476,17668.97870262193,1.8189894035458565e-12,15634.15
2022-06-22,-122.96556765007793,14.808970407283535,-191.9413954328682,-322.8633462265126,-409.5396445351976,-800.3098162520307,-448.5388381938266,17682.44963788323,0.0,15401.1
2022-06-23,-3.276254854582765,19.62264514288527,-117.32542401233111,-354.9842619331871,-402.2608223342513,-797.0190623709682,-463.120527997767,17695.913708360204,-1.8189894035458565e-12,15577.55
2022-06-24,16.002216474874224,67.10830048788013,-45.74590625522025,-383.601280535872,-393.3571324762234,-793.1683340739013,-477.6586859102286,17709.370822288693,0.0,15698.95
2022-06-27,72.68885153748685,93.7645959349081,18.805239288946098,-408.2019250426251,-382.85992502770955,-788.765743767261,-492.15198082825697,17722.820887904512,0.0,15836.1
2022-06-28,73.05290147277897,88.84701500201477,74.33189429064616,-428.27163026214555,-370.8055084402989,-783.8194038575984,-506.59908164890965,17736.26381344351,1.8189894035458565e-12,15883.0
2022-06-29,-28.57056588635854,40.94868088509317,121.14659686546294,-443.282250025893,-357.2558849591735,-778.3374267513877,-520.9986572692655,17749.699507141522,0.0,15783.35
2022-06-30,-49.905619373946166,-33.50801953160357,158.85748671789344,-452.6901214893778,-342.3043021158845,-772.3279248550888,-535.3493765863536,17763.12787723436,0.0,15735.9
2022-07-01,-9.769920586960383,-91.61289237693606,186.33353547379792,-455.993404647038,-326.0572307482792,-765.7989777021248,-549.6499413703255,17776.548831957865,0.0,15764.0
2022-07-04,41.82205889627114,-121.46712967465132,202.883598724144,-452.7748471252574,-308.6182421511308,-758.7584366333716,-563.8992815838894,17789.962279547883,1.8189894035458565e-12,15829.15
2022-07-05,-63.55061312791263,-86.03438636038956,208.3085926359523,-442.74750983000376,-290.0837313784982,-751.2137320165144,-578.0967481628494,17803.368128240218,-1.8189894035458565e-12,15799.95
2022-07-06,28.956695187108195,-7.926893360742926,201.8760863166408,-425.86054904651144,-270.54763910488384,-743.1721923207502,-592.2417939415852,17816.766286270722,3.637978807091713e-12,16007.85
2022-07-07,20.36933032806043,96.76764751721669,183.09861449082206,-402.46080377495315,-250.10643266664036,-734.6411447157566,-606.3338730539705,17830.156661875222,0.0,16136.85
2022-07-08,45.597139647552915,124.44609129087792,151.97749735182612,-373.19784961946846,-228.86168595527073,-725.6279163711727,-620.3724396338978,17843.53916328955,0.0,16217.5
2022-07-11,46.43554155210451,82.0588383422833,109.89470263442668,-338.839179376351,-206.91681963007443,-716.1398344566614,-634.356947815267,17856.913698749537,1.8189894035458565e-12,16199.05
2022-07-12,-41.6356163660709,-12.726543303298161,60.844938773120326,-300.16644208960196,-184.37543563132326,-706.1842261418623,-648.2868517319823,17870.28017649102,0.0,16037.75
2022-07-13,-46.186299835804355,-93.89246624913721,9.422094342922883,-257.9606729941583,-161.3411358992914,-695.7684185964214,-662.161605517927,17883.638504749815,1.8189894035458565e-12,15975.75
2022-07-14,-74.65325464629224,-122.6662792816187,-39.918225837709066,-213.0029073249474,-137.91752237418373,-684.8997389900138,-675.9806633070009,17896.98859176177,-1.8189894035458565e-12,15947.95
2022-07-15,-51.77772861358943,-78.44528079090647,-83.64318125051192,-166.0769643860333,-114.20819699630309,-673.5855144922479,-689.7434792331132,17910.330345762708,-1.8189894035458565e-12,16052.85
2022-07-18,48.110569722254915,3.0772607892300528,-119.85714241385374,-117.99502167725254,-90.3167617058974,-661.8330722727983,-703.4495074301518,17923.663674988467,1.8189894035458565e-12,16281.4
2022-07-19,-35.145879992513144,77.19633574296009,-146.99649712290972,-69.64768632586676,-66.34681844319543,-649.6497395013356,-717.0982020320139,17936.988487674873,0.0,16329.3
2022-07-20,28.384143940269524,112.88029044412185,-163.68529254995474,-21.950004223666625,-42.40196914846417,-637.0428433474773,-730.6890171725828,17950.304692057754,0.0,16495.8
2022-07-21,69.15178811705057,108.77454521502334,-169.23537201393088,24.323776037547525,-18.585815761965872,-624.0197109808771,-744.2214069858059,17963.612196372957,0.0,16609.8
2022-07-22,140.159339652866,55.42252021000149,-163.65693257319165,68.748619254701,4.99803977603962,-610.5876695711931,-757.6948256055279,17976.910908856302,3.637978807091713e-12,16714.3
2022-07-25,34.88941753942773,-38.98057408796282,-147.64021712108664,111.1974138544302,28.24599552530442,-596.7540462880789,-771.108727288145,17990.20073786611,0.0,16610.05
2022-07-26,-133.55189054957683,-116.07648338607066,-122.98606214744903,151.61712936804085,51.0544495455878,-582.5261683011762,-784.4625670246941,18003.48159249534,-3.637978807091713e-12,16466.55
2022-07-27,-79.68261850746872,-100.2828570298915,-91.64682350157682,189.9562798917072,73.3197998966108,-567.9113627801432,-797.7558029791321,18016.753385009895,0.0,16642.75
2022-07-28,12.661282850116809,-22.282145932408177,-55.54772482420003,226.16896580272007,94.93844463814466,-552.9169568946191,-810.9879043361987,18030.016038696445,0.0,16922.05
2022-07-29,47.51021833346809,70.21580857974567,-17.35466004256472,260.2110417178,115.80673266478544,-537.5502778142646,-824.1583532202197,18043.26948978125,0.0,17157.95
2022-08-01,72.51781712620192,114.40719716958206,20.08839763758174,292.03741075420135,135.82078728609736,-521.8186527087094,-837.2666380609917,18056.513680796037,0.0,17332.3
2022-08-02,-34.28906686526123,84.60119308463197,54.3577866344769,321.5968001148754,154.87638879468537,-505.7294087476451,-850.3122489790145,18069.74855596325,0.0,17294.85
2022-08-03,32.91404414768908,23.22266565027186,84.67538535143417,348.82995103685806,172.86844350390422,-489.28987310068953,-863.2946765162303,18082.974059926764,0.0,17392.9
2022-08-04,-13.947519700474334,-44.51746798412799,111.62968101396761,373.6749762146932,189.6909772775587,-472.50737293747943,-876.2134112747942,18096.190137390655,0.0,17364.0
2022-08-05,-31.696849384937217,-81.67598364941944,136.16917825710843,396.07716693014646,205.23693407264687,-455.3892354277186,-889.0679438568754,18109.39673305905,0.0,17389.05
2022-08-08,39.528074633413276,-90.41446034944869,160.53065351817992,416.01459380187435,219.39789936558836,-437.9427877409863,-901.8577648647054,18122.59379163608,0.0,17527.85
2022-08-10,-33.67622542242152,-96.32525226301965,187.1639956734226,433.4995326536708,232.06441347989352,-420.17535704698645,-914.5823649003794,18135.78125782582,0.0,17523.75
2022-08-11,14.460432516140441,-100.62062945550609,213.49907294936855,448.56154449621727,243.1260082428496,-402.094270515339,-927.2412345661385,18148.95907633241,0.0,17638.65
2022-08-12,-45.349383047758,-39.36041307344642,231.05844685129026,461.2432578995721,252.47161929025387,-383.70685531573577,-939.8338644641184,18162.127191859945,0.0,17698.65
2022-08-16,-26.62537098751315,35.108908021481604,230.30543386593564,471.6142005440468,259.9914632578086,-365.02043861778003,-952.3597451965315,18175.285549112552,0.0,17828.3
2022-08-17,5.377014295669848,100.82034025099016,201.76030104518674,479.8329208078625,265.586045762628,-346.0423475911278,-964.8183673655283,18188.43409279432,0.0,17930.95
2022-08-18,80.68912367450741,91.13760381726779,139.70586501786067,486.1548559037493,269.1789208202346,-326.7799152697114,-977.2092215733015,18201.572767609396,-3.637978807091713e-12,17964.45
2022-08-19,-5.850665529750926,-0.897308227343389,54.18812196457681,490.863123668223,270.71757957228516,-307.2405712878188,-989.5317984220255,18214.701518261852,3.637978807091713e-12,17726.95
2022-08-22,-82.68012368692943,-86.66007344096077,-39.310086945800435,494.22401019516485,270.1739153454872,-287.4323424089273,-1001.7855885138624,18227.820289455827,0.0,17494.35
2022-08-23,73.82987082725069,-47.80014533313978,-126.29903658709893,496.4818621109453,267.54328754355123,-267.3647820059182,-1013.9700824510007,18240.92902589541,0.0,17623.35
2022-08-24,15.199458270072823,47.8553741539768,-197.1023720335534,497.8637971665813,262.8403972797111,-247.04955628590932,-1026.0847708356168,18254.027672284734,3.637978807091713e-12,17607.55
2022-08-25,-81.10548749911828,73.43518634249014,-241.29527522569245,498.58455793960684,256.0957435095625,-226.50175412484003,-1038.1291442698991,18267.11617332789,0.0,17508.2
2022-08-26,107.22716513678667,-40.430915881148096,-254.48348519348644,498.8760452598323,247.35684045258765,-205.7374301475916,-1050.1026933559765,18280.194473728996,0.0,17582.9
2022-08-29,-128.79963290632747,-67.57501871604613,-246.66795608221398,498.97022360027097,236.68746018901098,-184.7726855807952,-1062.004908696073,18293.262518192172,0.0,17339.1
2022-08-30,140.2040848366709,42.22383688214578,-229.89209840257845,498.64326292502193,224.15956488071828,-163.62362165113237,-1073.8352808923726,18306.32025142153,-3.637978807091713e-12,17744.2
2022-09-01,-93.65298506821041,67.23412357160466,-209.14066010896354,497.48539766389626,209.85616105708,-142.30635468957064,-1085.5933005470083,18319.367618121174,-3.637978807091713e-12,17563.25
2022-09-02,-113.09474593523812,23.671852820852685,-185.94874055991068,495.0459080528719,193.8874286613644,-120.83780777295881,-1097.2784582621953,18332.404562995212,0.0,17527.85
2022-09-05,61.81898080551977,-54.944749035824096,-157.51773586392972,490.83970399488686,176.40114433938774,-99.23813034769923,-1108.8902446401003,18345.43103074776,0.0,17653.9
2022-09-06,44.02458644982695,-74.70312631076365,-120.13958420872062,484.3626267790546,157.56580347884156,-77.52912198828795,-1120.428150282871,18358.446966082916,3.637978807091713e-12,17651.6
2022-09-07,-44.45435792061761,-51.29045959954636,-71.2436672846716,475.11158289924185,137.54906221251892,-55.73280821902807,-1131.8916657927225,18371.452313704824,0.0,17629.5
2022-09-08,36.35166862520236,-8.481944111077201,-14.167302018165685,462.5847849035772,116.51727061885313,-33.8712145641342,-1143.2802817718214,18384.447018317565,0.0,17800.1
2022-09-09,-39.34863200882067,51.40958594685957,45.450652690365004,446.27891154443245,94.63831257216562,-11.966366547938092,-1154.5934888223394,18397.43102462527,3.637978807091713e-12,17829.3
2022-09-12,-19.908407898734545,97.32694951417976,101.87753477282834,425.68955369494597,72.08122238190624,9.959647749283288,-1165.8307775464436,18410.404277332036,-3.637978807091713e-12,17931.6
2022-09-13,82.27230362975405,107.2766722869882,149.36386465452145,400.3120130533029,49.015685361319534,31.884378418469005,-1176.9916385463296,18423.366721141974,0.0,18066.5
2022-09-14,78.83989560414419,41.985376544208705,182.5403921712194,369.64502632013733,25.611904728327264,53.78466629691789,-1188.075562424162,18436.31830075921,0.0,18000.65
2022-09-15,72.44836326629883,-59.49605626400553,198.22679567978776,333.2671654628374,2.040525968575937,75.63628478077625,-1199.0820397821099,18449.258960887837,0.0,17872.3
2022-09-16,-123.20345758519834,-139.3408573370669,193.42076979471375,291.1588975492483,-21.527633449608516,97.41419601830681,-1210.010561222383,18462.188646231985,0.0,17550.1
2022-09-19,-38.541392446298566,-68.04847096986121,166.05894147395546,243.96281747042428,-44.921920505782104,119.09334082893673,-1220.8606173471298,18475.107301495755,0.0,17631.85
2022-09-20,84.49647693664133,64.35684301789419,120.62823716374078,192.70830717264195,-67.97243835714686,140.64940144148827,-1231.6316987585121,18488.014871383253,0.0,17791.25
2022-09-21,21.33117591541976,160.9957646104473,64.94811090281864,138.4881741075554,-90.51091898666259,162.0596889105797,-1242.3232960587518,18500.911300598596,0.0,17715.9
2022-09-22,67.17996463903228,148.71276758240393,5.867988142385427,82.39522572676141,-112.37042446526148,183.30284437877773,-1252.934899850004,18513.796533845903,3.637978807091713e-12,17635.95
2022-09-23,-4.497341603866099,27.405220793034918,-50.35815589065694,25.522269481868644,-133.3847421531251,204.35823427790805,-1263.4660007344282,18526.670515829264,0.0,17332.25
2022-09-26,-76.59014930820625,-105.65630971192016,-96.30032137236232,-31.037887175428136,-153.38787515084687,225.205440780158,-1273.916089314206,18539.53319125281,0.0,17027.85
2022-09-27,92.58376350484698,-180.55313032677282,-124.09826451240926,-86.19243679357523,-172.2138504602783,245.82406995908056,-1284.2846561915492,18552.384504820657,0.0,17043.45
2022-09-28,-95.33761651853916,-159.90728693676581,-126.9220057584794,-138.83333285937178,-189.69669508336654,266.1937278882263,-1294.5711919685918,18565.22440123689,0.0,16826.15
2022-09-29,-97.3575831850772,-121.27447722754084,-104.64170786933856,-187.7274542952691,-205.67043602198217,286.2940206411005,-1304.775187247539,18578.05282520565,-3.637978807091713e-12,16842.9
2022-09-30,138.38818159547344,-98.18075097370715,-63.69099055434462,-231.4254828811185,-219.9691962879578,306.10465030118445,-1314.896132630557,18590.869721431027,0.0,17107.2
2022-10-03,-135.8650130475012,-76.59667123240533,-14.798692240988993,-268.65935943526,-232.42839794616617,325.606618004988,-1324.9335187198114,18603.675034617143,3.637978807091713e-12,16876.0
2022-10-04,118.90398007662282,42.68007961653756,30.696411442371016,-298.30980631368976,-242.88746152754038,344.7849233550907,-1334.8868361174898,18616.468709468096,3.637978807091713e-12,17277.45
2022-10-06,4.005378614958842,172.5328729762381,62.81059257658166,-319.28271782104946,-251.18771056980523,363.62646896083515,-1344.755575425774,18629.25069068801,3.637978807091713e-12,17317.0
2022-10-07,4.2540161082785035,155.8924255835728,74.14619032584577,-330.5679915680546,-257.1748195824636,382.11848339865645,-1354.5392272468305,18642.020922981,-3.637978807091713e-12,17316.15
2022-10-10,79.69872701132797,7.682088395173299,66.73380604241774,-331.73718181577755,-260.7180800915027,400.24857159005046,-1364.2372821828599,18654.779351051173,0.0,17252.45
2022-10-11,-88.67075746046073,-120.46932252261654,46.91113843889736,-323.56232455074445,-261.74180795237277,418.0063852806602,-1373.849230835998,18667.525919602638,0.0,16964.15
2022-10-12,84.09127494824324,-141.42641953850284,21.58251227109616,-307.19943797695777,-260.2689651394832,435.3850259045517,-1383.3745638084479,18680.2605733395,0.0,17129.05
2022-10-13,-72.30337514945465,-118.90336691780932,-3.3761344745973494,-283.7961635538914,-256.3699773038307,452.3785321360979,-1392.812771702383,18692.98325696587,0.0,17017.8
2022-10-14,14.98040682096588,-58.185929563279146,-24.356623896141716,-254.47699305959756,-250.1219871532853,468.9805567854437,-1402.1633451199853,18705.69391518588,0.0,17200.35
2022-10-17,-11.164072637570179,40.06190152222568,-38.59631077408034,-220.30069974192955,-241.602106698697,485.18457028984193,-1411.4257746634046,18718.392492703613,0.0,17320.55
2022-10-18,33.453709008967834,102.32120752518615,-43.47288359168363,-182.2780113664698,-230.88742973181104,500.9840248674545,-1420.5995509348559,18731.07893422321,0.0,17490.6
2022-10-19,-5.537005060896185,90.57710081374441,-37.00958244585716,-141.56685591131662,-218.05505004435096,516.3723727364124,-1429.6841645364914,18743.753184448757,-3.637978807091713e-12,17518.85
2022-10-20,5.461549441897563,34.388884105484436,-20.958267748171718,-99.53925249987188,-203.18206142809063,531.343066114878,-1438.6791060705045,18756.41518808438,0.0,17565.25
2022-10-21,-11.908733124542344,-26.962866727296827,-0.7818505102597918,-57.62157287924107,-186.34555767477758,545.8895572209891,-1447.5838661390478,18769.06488983418,-3.637978807091713e-12,17583.75
2022-10-25,-3.042808242532369,-72.12072001463065,17.36958255455873,-17.243019052111798,-167.62263257612824,560.0052982728864,-1456.3979353443146,18781.702234402273,0.0,17642.65
2022-10-27,30.553133499278985,-75.69533634264731,28.077781213494745,20.16469786077011,-147.09037992391885,573.6837414887274,-1465.1208042884766,18794.327166492774,0.0,17758.9
2022-10-28,-50.82856085855943,-31.39089228257889,29.733216768643203,53.15612355963921,-124.82589350987543,586.9183390866596,-1473.7519635737222,18806.939630809793,0.0,17795.95
2022-10-31,41.3220650626248,32.97394435238683,25.08543008276772,80.27361608793032,-100.90626712575266,599.7025432848163,-1482.290903802204,18819.53957205743,0.0,18015.7
2022-11-01,70.18916234500475,76.91293683977749,17.33736231071566,100.29950740273473,-75.40859456328613,612.0298063013552,-1490.737115576127,18832.126934939824,0.0,18142.75
2022-11-02,-60.201333684810194,89.64722909237462,9.087955307315863,112.47001993946107,-48.40902567219275,623.8935803544475,-1499.090089497644,18844.701664161046,0.0,18072.1
2022-11-03,-94.74758593455373,58.97673017960875,2.2035567691044244,116.39703297765043,-19.981439910301948,635.2873176621982,-1507.3493161689432,18857.263704425237,0.0,18048.05
2022-11-04,18.52080838113562,-11.031340221958336,-1.9317736729140444,112.07290133766901,9.766219488993762,646.2044704427669,-1515.514286192204,18869.813000436512,0.0,18127.9
2022-11-07,114.95359025285505,-66.14220836926039,-1.515422138322005,100.05632976775394,40.59421284329317,656.6384909143158,-1523.5844901695998,18882.34949689896,0.0,18203.35
2022-11-09,48.51253634413246,-116.3460090503598,5.4237159467450935,81.38799724412372,72.17520840696602,666.5828312949805,-1531.55941870331,18894.873138516723,0.0,18121.05
2022-11-10,-102.06513460423882,-84.61304046599447,17.72369567936543,57.617364746574445,104.16086324301267,676.0309438029112,-1539.4385623954943,18907.38386999386,3.637978807091713e-12,18036.8
2022-11-11,85.74302738312652,14.458884367954676,30.554656027205194,30.723685782435332,136.1832415968377,684.976280656258,-1547.2214118483528,18919.881636034534,0.0,18355.3
2022-11-14,-59.40470102289281,99.88428607496321,38.29523363516758,2.787875402142998,167.81608815866838,693.4122940731735,-1554.9074576640646,18932.36638134284,3.637978807091713e-12,18320.25
2022-11-15,6.606296980314445,121.32059819550412,35.61260526441557,-24.245456841832368,198.58165995170734,701.3324362717863,-1562.4961904447607,18944.838050622864,0.0,18421.55
2022-11-16,4.05657685518061,102.34789881373977,19.509995843884468,-48.631445675483754,228.0273269063457,708.7301594702296,-1569.987100792663,18957.296588578767,-3.637978807091713e-12,18401.35
2022-11-17,-13.056981346584541,57.86276168172663,-5.744223197733033,-68.8332763681359,255.76054273934682,715.5989158867136,-1577.3796793099673,18969.741939914635,0.0,18333.95
2022-11-18,32.45302292768175,-12.491610008020745,-32.98433801915671,-83.47261055794617,281.4127451823556,721.9321577393118,-1584.6734165987828,18982.174049334557,0.0,18304.35
2022-11-21,-42.78567428336437,-88.38262441860164,-54.786670056823475,-91.16858564236219,304.6251588735854,727.7233372462365,-1591.8678032613366,18994.592861542667,0.0,18157.95
2022-11-22,42.90755029398342,-102.81730432847989,-64.20778818621682,-90.47371733784696,325.08936158968356,732.9659066255899,-1598.9623298997951,19006.99832124308,0.0,18251.5
2022-11-23,-53.08484288458104,-48.86774075591625,-57.02765855517144,-80.61625902095957,342.6092970975197,737.6533180955319,-1605.9564871163282,19019.3903731399,3.637978807091713e-12,18254.1
2022-11-24,62.50505345352143,28.206514937141055,-34.66715092775765,-62.96769329609036,357.0750555348363,741.7790238742124,-1612.8497655131073,19031.768961937243,0.0,18510.85
2022-11-25,-24.77400077934172,25.411456566182643,-0.948072320100575,-39.51091127458118,368.3926749811704,745.3364761797744,-1619.6416556923184,19044.134032339218,-3.637978807091713e-12,18498.4
2022-11-28,-19.60014292973561,-4.557990471738495,34.86898278126005,-12.252050919941146,376.4681935160065,748.3191272303802,-1626.331648256167,19056.485529049936,0.0,18553.4
2022-11-29,-51.51941374975439,9.813026778327785,60.67139573742759,16.80274980426325,381.2076492188602,750.7204292441511,-1632.9192338067742,19068.8233967735,-3.637978807091713e-12,18603.6
2022-11-30,41.80165871778594,42.406325058633065,70.29864139675736,45.64878295067264,382.5158260865217,752.5350885219384,-1639.4039029463333,19081.147580214023,3.637978807091713e-12,18776.95
2022-12-01,29.59162257080949,55.827078620350086,61.45680310408441,72.34629842577064,380.29182721647015,753.7634922639265,-1645.7851462770425,19093.458024075633,0.0,18800.95
2022-12-02,-36.32322339464281,28.9102743954874,34.81338059912266,95.26656636220136,374.4306630619043,754.4101203145705,-1652.0624544010664,19105.754673062424,0.0,18705.2
2022-12-05,11.63943516918732,-8.430312411797443,-1.4326284614086866,113.16455515175262,364.82525455881756,754.4815468778982,-1658.2353227629726,19118.03747187852,3.637978807091713e-12,18694.05
2022-12-06,19.246192410999875,-30.52781424975164,-37.27858747355413,125.00330008698562,351.3664491588621,753.9873990290083,-1664.3033041905771,19130.306365228025,0.0,18647.8
2022-12-07,-40.70872648409006,-34.07154177228363,-63.430148235966755,129.70903946622977,334.0180230795627,752.938174612477,-1670.2661184809774,19142.56129781505,0.0,18550.75
2022-12-08,56.21715882901461,-37.55370460320874,-73.26944142565188,125.93439478205573,313.0484920324621,751.3444494179862,-1676.123563376354,19154.802214343697,0.0,18614.4
2022-12-09,-58.194693021316006,-19.82880671575181,-64.6494661285861,112.66330447631621,288.8892392549763,749.2168068827349,-1681.8754442664804,19167.029059518107,0.0,18493.25
2022-12-12,-72.05167316746669,15.793703689525724,-39.90839504805217,90.59757192146007,261.9827506592788,746.5658260692695,-1687.52156216637,19179.241778042357,0.0,18494.7
2022-12-13,35.65800463450846,27.78265229157596,-2.9724201595877062,61.73280265800412,232.76827800591116,743.4020849214016,-1693.061716972385,19191.440314620573,0.0,18596.75
2022-12-14,118.06528532218428,10.085793507378446,39.66021628391188,28.63856507217136,201.6850730554006,739.7361613524665,-1698.4957085503881,19203.624613956876,0.0,18643.0
2022-12-15,-51.273582368174125,-35.53435441359569,75.78431285694941,-5.948680908403863,169.17238756828877,735.5786332757522,-1703.823336766172,19215.794620755358,-3.637978807091713e-12,18399.75
2022-12-16,-116.74053756918917,-49.250818571086704,89.91799887591661,-39.34207287985546,135.66947330508376,730.940078604632,-1709.0444014856444,19227.950279720142,0.0,18270.1
2022-12-19,83.67516032967207,-14.837001404920127,73.15008277278268,-69.16773195698737,101.6155820263463,725.8310752524108,-1714.1587025746487,19240.091535555344,0.0,18426.2
2022-12-20,67.41753687857708,62.127998697304996,29.430411869982755,-93.89040713692332,67.4499654925654,720.2622011324286,-1719.1660398990018,19252.218332965065,0.0,18385.85
2022-12-21,-11.709744327769428,73.63737678552476,-30.319518768831212,-112.17842664007237,33.611875464304156,714.2440341580304,-1724.0662133246115,19264.330616653424,0.0,18207.55
2022-12-22,79.29489128802766,-10.66370457364858,-87.12809257944502,-122.70011868677189,0.5405637020730868,707.7871522425067,-1728.859022717273,19276.428331324532,0.0,18114.7
2022-12-23,-89.22431056608539,-73.34382004584052,-113.75262689594051,-124.10901095340753,-31.339518577556973,700.9021341188292,-1733.5442687624807,19288.511421682484,-3.637978807091713e-12,17824.1
2022-12-26,55.41641726567409,-34.69946142651236,-89.87260735232665,-115.60394956677281,-61.69803772571557,693.5995723827662,-1738.1217660085151,19300.579832431402,0.0,18009.6
2022-12-27,61.55928865686363,37.44685791589789,-29.77154707153963,-98.79218306712329,-90.37465533590034,685.8901491938994,-1742.591418567516,19312.63350827542,0.0,18136.0
2022-12-28,-55.46459352975659,56.64740230813154,43.425424492917884,-75.90506776062271,-117.30697558953933,677.7847649133727,-1746.9533487531107,19324.67239391861,0.0,18106.9
2022-12-29,50.328233812635304,-8.936959604334064,105.85286690859942,-49.17662224302205,-142.45059396232537,669.2944550700926,-1751.2078140467402,19336.696434065096,0.0,18210.4
2022-12-30,-51.428933279818,-31.95332894178537,133.25347657949877,-20.845194406966126,-165.75677663305262,660.4302812350138,-1755.3550979719073,19348.705573419014,3.637978807091713e-12,18117.05
2023-01-02,21.568891109080074,-1.7040755635264593,114.86004682486606,7.040261755733157,-187.17270173764126,651.2033090467785,-1759.3954881197428,19360.69975668445,0.0,18207.1
2023-01-03,54.82309313729479,39.90678842031766,62.026792257614254,33.2138285323244,-206.6447629756824,641.6246049584595,-1763.3292728958438,19372.678928565514,0.0,18234.3
2023-01-04,-46.87005549454399,6.169343075860836,-4.164103933617782,56.64247169082924,-224.11918382217942,631.7052354231538,-1767.1567407058417,19384.643033766337,0.0,18036.85
2023-01-05,33.83933745818033,-51.0287981635306,-66.94150541183956,76.30519399852867,-239.54433181096184,621.4562668939059,-1770.878179955286,19396.592016991002,0.0,17999.8
2023-01-06,-83.61269839505513,-20.92203299282494,-112.84840207654392,91.19647933497461,-252.88406516620734,610.8887754018203,-1774.4938790498195,19408.525822943655,0.0,17865.85
2023-01-09,85.24286213817707,60.41375236791713,-135.56929088513036,100.3439498481834,-264.13552293672427,600.0139795341947,-1778.0041263949968,19420.444396328377,0.0,18088.75
2023-01-10,-50.33220181988162,40.50851036245378,-134.2195240530481,102.92972960142669,-273.31854084644436,588.8435553026217,-1781.4092103964224,19432.347681849296,-3.637978807091713e-12,17925.35
2023-01-11,-36.41213847829379,-17.773017068122027,-112.71402600710258,98.85264079714821,-280.4690704361849,577.389406441742,-1784.7094194597012,19444.235624210512,3.637978807091713e-12,17888.4
2023-01-12,-28.03054370858333,-66.1364482025395,-76.91772540540012,88.92390226281961,-285.7057786279812,565.6634675559504,-1787.9050419904186,19456.108168116152,0.0,17866.0
2023-01-13,55.92219275947859,-88.5447944309862,-32.54544684839836,74.2938037699801,-289.27232037578256,553.6776732495534,-1790.9963663941721,19467.965258270327,0.0,17950.5
2023-01-16,-60.884356767860034,-54.903394030645174,15.507234301227315,56.164880662974376,-291.45148059323395,541.4439581269744,-1793.9836810765496,19479.80683937711,3.637978807091713e-12,17891.7
2023-01-17,35.06577070658641,-6.825827886735053,61.60591866929938,35.743384024610016,-292.52910047587466,528.9742732646056,-1796.8672744431535,19491.63285614066,3.637978807091713e-12,18056.8
2023-01-18,73.61813423936357,48.87176344236539,99.78921785806429,14.235517575021833,-292.79115529015473,516.2807038098529,-1799.6474348995882,19503.44325326507,3.637978807091713e-12,18163.8
2023-01-19,-36.302246894291834,85.12100369734927,123.62247172650596,-7.156467740070836,-292.5239969245596,503.3757115320136,-1802.3244508514015,19515.237975454456,-3.637978807091713e-12,18089.05
2023-01-20,-101.01422344754253,108.02943854891231,127.21903896604395,-27.310391709087142,-292.014466984149,490.2722479171537,-1804.8986107042308,19527.0169674129,0.0,18027.3
2023-01-23,22.90971341297868,102.25552797467257,108.36563378487791,-45.42496404037156,-291.5495214138873,476.9836393008454,-1807.3702028636792,19538.780173844563,0.0,18104.95
2023-01-24,109.6893076939622,68.37998430624764,71.17739609355954,-60.99326865222911,-291.4144911146003,463.52304795486424,-1809.7395157353315,19550.52753945353,-3.637978807091713e-12,18101.15
2023-01-25,53.87011143004048,-1.721805564453734,23.205969003228073,-73.56773268625719,-291.8911344134685,449.9024210117552,-1812.0068377247426,19562.259008943896,0.0,17910.05
2023-01-27,-106.12381188757966,-78.86885630930259,-27.081114267739974,-82.70663231797123,-293.2540005769517,436.1323455772945,-1814.1724572375529,19573.974527019804,0.0,17607.9
2023-01-30,43.96269035513562,-113.44825799242979,-71.17933423154312,-87.99652740561861,-295.74893056933973,422.22298413779583,-1816.2366626793528,19585.674038385354,0.0,17667.25
2023-01-31,84.84903493780942,-99.2845618232411,-101.71097442068947,-89.09566457760263,-299.5500402932285,408.1844608880164,-1818.1997424557062,19597.357487744644,-3.637978807091713e-12,17682.55
2023-02-01,-25.5447161579941,-45.76095678126438,-115.78849847321814,-85.75702928473486,-304.73853415511655,394.02690002277296,-1820.0619849722345,19609.02481980179,0.0,17605.4
2023-02-02,-81.70649727211001,19.11979526110376,-115.03819576205666,-77.92065898640394,-311.3171696037689,379.7604257368272,-1821.8236786345162,19620.675979260923,3.637978807091713e-12,17611.75
2023-02-03,83.07713182057412,60.50979642294718,-101.73802166180266,-66.01575936177036,-319.25410842293394,365.3951622250078,-1823.4851118481606,19632.310910826138,0.0,17830.8
2023-02-06,-29.65402707007625,78.0442060140228,-77.73374739726806,-50.77707089892873,-328.5034883558799,350.9411415253471,-1825.0465730187532,19643.92955920154,-3.637978807091713e-12,17761.2
2023-02-07,-84.17911514002654,56.92843601265526,-45.77465883466324,-32.997941412998806,-339.0081410323217,336.4079018680023,-1826.508350805045,19655.5318693444,0.0,17720.4
2023-02-08,42.613663279674995,33.37638986864953,-10.359411982778273,-13.478369878247978,-350.7037122358155,321.8043886023096,-1827.8707366130322,19667.11778895924,0.0,17862.5
2023-02-09,73.10614569572081,-2.1581502823147534,26.003416625915918,6.978148105082671,-363.52222594291015,307.13942189664084,-1829.1340316956107,19678.687275597476,-3.637978807091713e-12,17897.1
2023-02-10,18.370207992338837,-37.93681267590984,60.380622452808275,27.56710972618064,-377.39469891959493,292.4218219193512,-1830.2985500622847,19690.24029956711,0.0,17843.35
2023-02-13,-77.65353852422588,-50.506012701250945,89.40505269067754,47.48344915616791,-392.2515849138129,277.66040883882215,-1831.3646100397573,19701.77683549338,0.0,17764.55
2023-02-14,19.467697809772112,-10.26015107119325,110.9153594985666,65.92087711077532,-408.0221142180847,262.86400282339923,-1832.3325305598519,19713.296858606616,0.0,17921.85
2023-02-15,55.207387620706584,49.12969872562784,121.7792694738853,82.07909699998493,-424.6345904444123,248.04142404144,-1833.202630605006,19724.800344187774,0.0,18023.2
2023-02-16,28.181903700788762,80.15009793621992,118.14917105982666,95.27139080816531,-442.0160945264783,233.20149266132833,-1833.9752291576176,19736.287267517768,0.0,18015.25
2023-02-17,-23.484414465860475,92.80877943246135,96.71532424915871,105.18616898396503,-460.0858457285619,218.3530288514002,-1834.6506452000579,19747.757603877493,0.0,17942.6
2023-02-20,-53.646568416285774,83.53365243310184,57.37972697798275,111.68501045524441,-478.7388050631968,203.50485278002515,-1835.229197714784,19759.211328547914,0.0,17847.7
2023-02-21,63.993796844340416,33.34041080570735,4.375660257408779,114.63078946623565,-497.84365311500903,188.6657846155583,-1835.7112056841793,19770.648416809938,0.0,17842.1
2023-02-22,-59.45202264042805,-51.63249992191754,-52.84928761039301,113.87144380507421,-517.2541340125421,173.84464452636436,-1836.0969880906462,19782.068843944486,3.637978807091713e-12,17552.5
2023-02-23,29.943273672403475,-91.22121957791201,-103.48894746677294,109.25643644486131,-536.8255170692742,159.05025268081047,-1836.3868639166155,19793.4725852325,0.0,17523.8
2023-02-24,27.72452551356241,-82.56775040046253,-136.4988269307788,100.64097411105217,-556.418815351059,144.29142924728043,-1836.581152150828,19804.859615961235,0.0,17465.45
2023-02-27,10.180437926179694,-82.93518723226617,-142.01173867211156,87.887014913307,-575.8972609651307,129.5769943940816,-1836.680171900428,19816.229911536368,0.0,17406.35
2023-02-28,-66.74917020154518,-82.53055604022039,-115.18254788419993,70.97164723434665,-595.1243464889694,114.91576828960974,-1836.684243190155,19827.583448281133,0.0,17317.2
2023-03-01,83.90533840893873,-104.88458367429116,-60.214872507234894,50.364594696332425,-613.9635645000216,100.31657110222962,-1836.5936891811539,19838.920205655202,-3.637978807091713e-12,17457.85
2023-03-02,-92.76088100019892,-91.33509676979448,8.366842213223194,27.037990048564776,-632.2784075757435,85.7882230002796,-1836.408837389338,19850.24016747301,0.0,17318.65
2023-03-03,54.996934741822436,12.674741991730576,75.73832192162395,2.0695232679490205,-649.9323682936104,71.33954415211487,-1836.1300173677198,19861.54331958609,0.0,17592.3
2023-03-06,63.868460869201435,121.93302367872927,130.2505107308733,-23.464499950513687,-666.7889392310902,56.979354726152714,-1835.7575592682958,19872.829648444942,0.0,17719.85
2023-03-08,70.00759951216082,159.9861770884016,161.24434642170624,-48.55033220436922,-682.7116129656205,42.716474890698095,-1835.291793389799,19884.099140646824,0.0,17751.5
2023-03-09,-1.474907740132018,103.03508831822587,162.06603410775838,-72.44079018333106,-697.563882074676,28.55972481413962,-1834.7330500480632,19895.351782806076,3.637978807091713e-12,17582.8
2023-03-10,0.99576026969022,-1.6257347927206955,138.08904574779146,-94.67365873202942,-711.2092391357014,14.5179246648205,-1834.0816595588785,19906.587561537028,0.0,17418.6
2023-03-13,-54.44243164428712,-105.29696083002746,97.69350780832212,-114.91134443487505,-723.5111767261789,0.5998946111102197,-1833.3379522380478,19917.80646345398,0.0,17184.6
2023-03-14,-33.00599629303091,-163.7835872027387,49.28609479848326,-132.83399547042293,-734.333187423536,-13.185545178638458,-1832.5022584014328,19929.00847517132,0.0,17068.65
2023-03-15,-57.028730675400645,-159.55729916489412,0.3074532603031194,-148.12176001723768,-743.5387638052481,-26.829574536046472,-1831.574908364817,19940.19358330334,0.0,16973.85
2023-03-16,-11.691133420419753,-101.23069783493803,-45.96415276961925,-160.45478625383836,-750.9913984487856,-40.323373292758674,-1830.5562324439934,19951.361774464352,3.637978807091713e-12,17010.15
2023-03-17,77.97703979611173,-19.741668228828917,-87.87591831039447,-169.51322235878249,-756.5545839316047,-53.65812128041991,-1829.4465609548338,19962.513035268752,0.0,17123.7
2023-03-20,-74.03353300177031,57.920775388144556,-123.94434283162965,-174.97710163491143,-760.09192770688,-66.82499833066548,-1828.2462242130998,19973.647352330812,0.0,17003.45
2023-03-21,9.18400713057516,111.14731999362492,-153.3818079665015,-176.51788303452486,-761.4755530238746,-79.81524282956477,-1826.9555525346204,19984.76471226489,-3.637978807091713e-12,17106.95
2023-03-22,43.66135347799666,131.4971598747898,-175.69403699789072,-173.75053868112235,-760.6333509043918,-92.62080942041385,-1825.5748790342786,19995.86510168531,0.0,17142.75
2023-03-23,26.324222207568507,77.7724763608407,-189.42840022935437,-166.22281389834413,-757.6032419475301,-105.23617782627704,-1824.1045718733073,20006.948507206405,0.0,17068.45
2023-03-24,-37.78003589999346,-9.701903110467466,-191.50867854400937,-153.74111317753912,-752.4795662071753,-117.65849152448465,-1822.5451269788352,20018.014915442505,-3.637978807091713e-12,16932.6
2023-03-27,29.216424339558962,-83.95269677527655,-178.00220074959722,-136.72841721211972,-745.3646948760739,-129.88553334553876,-1820.8971943888848,20029.064313007933,0.0,16963.45
2023-03-28,-29.906202107507333,-94.23556132547716,-145.78583329954768,-115.8815803760816,-736.3605051455361,-141.91550116242865,-1819.1615031004542,20040.09668651703,0.0,16956.85
2023-03-29,-22.003335152510665,-27.771235681906273,-96.40138175264092,-91.9318208315606,-725.5670038359572,-153.74844558637025,-1817.3387997431719,20051.11202258412,-3.637978807091713e-12,17116.35
2023-03-31,46.655220596815575,43.185712203603394,-34.14243794026993,-65.61035674063758,-713.0832591311394,-165.38535375225976,-1815.4298330596612,20062.110307823546,3.637978807091713e-12,17358.3
2023-04-03,-40.856911915823716,58.38647948723688,35.99821364671894,-37.64840626541258,-699.0082136030815,-176.82733559150452,-1813.435354607758,20073.091528849625,0.0,17399.7
2023-04-05,29.96208811928764,31.998545489376433,106.63330848728641,-8.77718756800711,-683.4408098238545,-188.07550033164824,-1811.3561166491359,20084.055672276692,3.637978807091713e-12,17561.0
2023-04-06,15.257143350255422,-18.617821372698447,164.88969112508644,20.272081189483618,-666.4799903654668,-199.130957200304,-1809.192871445449,20095.002724719092,0.0,17602.0
2023-04-10,-41.92352233201895,-32.19345912042824,197.63201129969016,48.768181844993066,-648.2246977999557,-209.99481542506098,-1806.9463712583615,20105.932672791143,0.0,17613.05
2023-04-11,-10.574646289256737,-4.468801624536511,198.50602486063664,76.0013472283595,-628.7738746993801,-220.66818423346763,-1804.6173683494985,20116.845503107143,0.0,17722.25
2023-04-12,25.924429169734147,36.01065231583593,168.4105624765085,101.39840522589273,-608.2264636357532,-231.15217285316098,-1802.2066149805576,20127.741202281504,-3.637978807091713e-12,17817.9
2023-04-13,35.28690290012245,45.82275940972599,111.64399649410299,124.62074537354515,-586.6814071811435,-241.44789051166558,-1799.7148634131643,20138.619756928478,0.0,17828.15
2023-04-17,-23.962008399710193,9.457619835141905,36.63951438061882,145.42068077465714,-564.2376479075427,-251.55644643660406,-1797.1428659090013,20149.481153662437,3.637978807091713e-12,17704.1
2023-04-18,-6.255489476920848,-15.472385721238815,-43.644910824331575,163.56185989705835,-540.9941283870073,-261.47894985556087,-1794.4913747296996,20160.3253790977,0.0,17661.55
2023-04-19,-8.02449837120016,-36.631206703279204,-115.07754992337844,178.80827847386104,-517.049791191553,-271.2165099961035,-1791.7611421369415,20171.152419848597,0.0,17610.2
2023-04-20,14.207833203004872,-36.05882481562858,-164.91285365866935,190.92831811327923,-492.5035788932626,-280.77023608581646,-1788.9529203923698,20181.962262529465,0.0,17623.9
2023-04-21,-31.922975852173547,-12.388441044851142,-185.66189872497907,199.7813856600453,-467.4542646827232,-290.14123735230316,-1786.0674617576458,20192.75489375463,0.0,17618.9
2023-04-24,35.07114848006258,6.591571812774238,-178.29149786522683,205.53407386496528,-441.9994549134554,-299.3306230231122,-1783.1055184944403,20203.53030013843,0.0,17748.0
2023-04-25,-12.549190942144543,4.776788804008545,-148.38482871010905,208.45963538784636,-416.2335276445541,-308.3395023258589,-1780.0678428643887,20214.2884682952,3.637978807091713e-12,17761.95
2023-04-26,-22.225719295421573,-4.891565064244212,-104.42290317587998,208.82918910934356,-390.2442147957857,-317.16898448809667,-1776.9551871291476,20225.029384839232,0.0,17817.95
2023-04-27,-5.71113005447865,5.887380159026318,-55.93419731512892,206.90173107514983,-364.10833796162643,-325.82017873745525,-1773.7683035503906,20235.753036384904,0.0,17923.2
2023-04-28,33.74231425248877,18.27672766447124,-9.80985136659843,202.92013564244346,-337.886597048081,-334.29419430147834,-1770.5079443897691,20246.459409546525,0.0,18048.9
2023-05-02,36.222740751664,37.98275959976864,28.97542581955757,197.1098281123514,-311.6222429050668,-342.59214040778147,-1767.174861908933,20257.148490938438,0.0,18136.05
2023-05-03,-72.00029044988383,39.14574070183719,57.881509823084826,189.68394887202754,-285.3462414685713,-350.7151262838964,-1763.769808369565,20267.820267174968,0.0,18082.7
2023-05-04,78.38956641554381,0.760310553384594,78.1671157172695,180.8505012163949,-259.08442158228644,-358.66426115746236,-1760.2935360332815,20278.474724870437,0.0,18238.6
2023-05-05,-76.97026059347925,-50.332015358460836,93.37276892892987,170.81773001145424,-232.86262220981584,-366.4406542560352,-1756.746797161777,20289.111850639187,-3.637978807091713e-12,18069.95
2023-05-08,63.59730757499638,-25.864217273089864,106.37223060500858,159.79590952127327,-206.70710269983172,-374.0454148072112,-1753.1303440166773,20299.731631095532,0.0,18269.75
2023-05-09,-12.251663485968585,6.354203748243127,117.43187084610437,148.00066897216956,-180.6445520361533,-381.4796520385651,-1749.4449288596581,20310.33405285383,0.0,18258.3
2023-05-10,13.969903813723668,5.037394661218666,124.65642469949817,135.65487250256524,-154.70191907534164,-388.744475177667,-1745.6913039523788,20320.91910252838,0.0,18311.1
2023-05-11,-11.484556424818821,7.11025832192198,121.03469230349747,122.97038799241764,-128.90633391795308,-395.84099345211325,-1741.8702215565027,20331.486766733553,-3.637978807091713e-12,18304.5
2023-05-12,-27.283162717131468,30.26316813084869,101.08597214206087,110.13471509892626,-103.28497471517055,-402.7703160895168,-1737.982433933665,20342.037032083652,-3.637978807091713e-12,18312.2
2023-05-15,44.150610387000874,46.29794035286628,65.65948813316038,97.34869251056588,-77.86437091364611,-409.5335523174047,-1734.0286933455302,20352.569885192985,0.0,18384.6
2023-05-16,-14.65511734717088,22.693118938501783,19.615266581087432,84.82385992041469,-52.67087735159837,-416.13181136341154,-1730.0097520537686,20363.085312675947,0.0,18276.75
2023-05-17,-19.10655298074806,-25.38444653220226,-27.692150715222848,72.77326272369757,-27.730848867219603,-422.5662024551002,-1725.9263623200204,20373.583301146817,0.0,18197.95
2023-05-18,-47.985164644677766,-43.53978380030794,-65.61084131252711,61.40950449465841,-3.0704407310859785,-428.8378348200478,-1721.779276405959,20384.06383721995,0.0,18134.65
2023-05-19,6.6567655809536905,-30.407325886412035,-85.02492763978282,50.929765839040854,21.285878855624965,-434.9478176858555,-1717.5692465732195,20394.52690750965,0.0,18205.45
2023-05-22,62.034555538719594,-13.033585470632731,-83.2565763804446,41.45873599178147,45.31865705386323,-440.8972602800766,-1713.2970250835017,20404.972498630294,-3.637978807091713e-12,18303.3
2023-05-23,48.77552286502842,-13.980657894371816,-62.813507149894576,33.00317343838985,69.01550757341946,-446.68727183032416,-1708.9633641984096,20415.400597196163,0.0,18333.75
2023-05-24,-51.932135021465314,-16.51595177696932,-31.25981869121326,25.413451221171467,92.37124219065605,-452.31896156416576,-1704.5690161796213,20425.81118982161,0.0,18287.0
2023-05-25,-72.1258742928532,-7.02481047548843,2.864576148844768,18.501385513019486,115.38863198352055,-457.7934387092049,-1700.1147332888152,20436.204263120977,0.0,18335.9
2023-05-26,0.6629991680953337,20.95369667416664,32.26663148672083,12.071516659764123,138.07843258329981,-463.1118124930141,-1695.601267787619,20446.579803708588,0.0,18491.9
2023-05-29,43.31612653593711,43.006831974112615,50.76581407624389,5.91799635211705,160.45999694370144,-468.2751921431561,-1691.0293719377278,20456.93779819877,0.0,18601.1
2023-05-30,67.83236638728239,27.590891581333704,54.58428433794065,-0.20869196089355854,182.55740133649132,-473.28468688724644,-1686.399798000755,20467.27823320585,0.0,18639.95
2023-05-31,-27.308224213684515,-13.875407733263698,47.04850163262334,-6.705402696133176,204.3941418575178,-478.141405952836,-1681.7132982383841,20477.60109534416,0.0,18521.3
2023-06-01,-49.07038708137623,-38.794006725846145,33.94688914524215,-14.062462010298752,225.9906789240491,-482.8464585675617,-1676.9706249122473,20487.906371228037,0.0,18486.1
2023-06-02,-20.57398514779305,-37.37858045594795,20.552763836458368,-22.731436410725063,247.360674949186,-487.40095448650095,-1672.172529756487,20498.19404747181,-3.637978807091713e-12,18525.85
2023-06-05,9.443184393966389,-4.32750428031256,10.04943293561058,-33.11348417704543,268.51002840797076,-491.8060055750357,-1667.3197623949527,20508.464110689798,3.637978807091713e-12,18599.9
2023-06-06,-27.902447583574205,36.85620853139128,3.9966888484094736,-45.52817799104031,289.43697684853964,-496.06272422607447,-1662.413071924008,20518.716547496355,0.0,18617.1
2023-06-07,64.27605170411834,41.190158511569784,3.4961530932129348,-60.068108941962016,310.12983139977206,-500.17222283252084,-1657.453207439983,20528.951344505793,0.0,18730.35
2023-06-08,0.46719582941206744,1.5291231454117693,8.18456311859635,-76.44564518113724,330.5728065817429,-504.13561378727843,-1652.4409180391917,20539.168488332445,0.0,18646.9
2023-06-09,-58.6401978902483,-39.78808889888959,14.974121239579443,-94.03245389770807,350.74961615785537,-507.95401253856454,-1647.3769497626884,20549.367965590664,0.0,18567.3
2023-06-12,-22.297942022408435,-47.35736482025041,20.31624805108229,-112.06409480862476,370.64397389150565,-511.62854983179903,-1642.2620333542488,20559.549762894745,0.0,18614.9
2023-06-13,45.24840563633528,-26.284774364239077,21.75286553400503,-129.76270124111028,390.2395935461018,-515.1603803491328,-1637.0968756210116,20569.713866859052,0.0,18718.65
2023-06-14,40.466370947915344,-2.3788808511737836,18.991608636977798,-146.3767095738995,409.5201888850519,-518.5507067145905,-1631.882135428178,20579.860264097897,0.0,18749.65
2023-06-15,-57.174085726000605,18.692950126617493,11.773379936347569,-161.1814560411652,428.469473671733,-521.8007923206504,-1626.618410872492,20589.988941225613,0.0,18682.15
2023-06-16,56.87008516514988,40.116258926886225,-0.863744511808992,-173.47544549579987,447.0711616695675,-524.9119598537387,-1621.3062407567875,20600.09988485653,0.0,18823.6
2023-06-19,-53.046710095969445,76.88075959886996,-18.722681857165448,-182.5817200084947,465.30896664193006,-527.8855804485688,-1615.9461154355708,20610.19308160497,-3.637978807091713e-12,18754.2
2023-06-20,6.050502664674314,91.95751559824727,-38.624255210901595,-187.85683428971683,483.1661036556816,-530.7230483980029,-1610.5385021052778,20620.268518085297,0.0,18833.7
2023-06-21,45.124996444625324,70.04694325097879,-56.83684116101208,-188.67349971954187,500.62184623024865,-533.4257707207614,-1605.0838552363482,20630.32618091181,0.0,18862.1
2023-06-22,19.193610612095515,-7.727319287395018,-70.14353973760716,-184.40900525268995,517.6479807016797,-535.9951568774403,-1599.582626857496,20640.366056698855,-3.637978807091713e-12,18779.35
2023-06-23,-31.41923952211618,-101.96395571796074,-75.70296404898059,-174.50216496129443,534.2180775155534,-538.4326166699647,-1594.0352686559875,20650.38813206075,0.0,18668.55
2023-06-26,-21.318290616089275,-135.97959849983215,-70.76503785041714,-158.75646943007226,550.3087950040106,-540.7395612661942,-1588.4422309532488,20660.392393611844,0.0,18694.7
2023-06-27,-4.15827926820415,-95.64578376389974,-54.485619505334085,-137.6656787081542,565.897899183746,-542.917402175303,-1582.8039637293043,20670.37882796645,0.0,18818.6
2023-06-28,5.597894397605591,-10.319097667635067,-30.473647202558936,-112.12740222776024,580.9632988321458,-544.9675509065156,-1577.1209169642013,20680.347421738923,0.0,18991.9
2023-06-30,17.2586413106252,85.09513904097437,-3.542316374587024,-83.10756864015103,595.4829027265724,-546.8914189690876,-1571.3935406379112,20690.298161543567,-3.637978807091713e-12,19183.2
2023-07-03,19.131215331263483,146.28305906743094,21.455675797648976,-51.572901232756934,609.4346196443785,-548.6904178722217,-1565.6222847304575,20700.231033994714,0.0,19330.65
2023-07-04,-14.579251052754746,155.95236933777826,39.897183886785065,-18.489127894436304,622.796358362931,-550.3659594598795,-1559.8075988871392,20710.146025706716,0.0,19385.55
2023-07-05,-29.56338175265127,130.92752554855682,49.02994845415481,15.186145125698552,635.5460276596184,-551.9194572453905,-1553.9499310838821,20720.043123293894,0.0,19415.3
2023-07-06,60.63911959998223,50.71795744562485,50.17834807923123,48.532779231473995,647.6615363117577,-553.352327394116,-1548.04972664453,20729.922313370575,0.0,19486.25
2023-07-07,-63.22734526697613,-40.74517245663647,45.777658246569686,80.7139007936048,659.1207930967565,-554.6659936711087,-1542.1074232933,20739.783582551092,0.0,19324.65
2023-07-10,-2.4158732556633873,-106.625934384075,38.443335648652116,110.90518634514852,669.9017067919509,-555.8618972723534,-1536.1234413234265,20749.626917449765,0.0,19367.85
2023-07-11,59.51303963738659,-133.24670906627745,31.214406897142794,138.27445209809898,679.9821861747292,-556.941500379723,-1530.0981800423044,20759.452304680948,0.0,19448.15
2023-07-12,-34.300933909833205,-146.95144040737887,27.290644655474388,162.05016271272729,689.3401400224036,-557.9062925266568,-1524.0320114056922,20769.259730858954,0.0,19384.75
2023-07-13,-37.063921477093956,-130.65042344127968,29.039092911375082,181.55566291250946,697.9534628589204,-558.7577833542923,-1517.925273008275,20779.049182598137,0.0,19443.2
2023-07-14,21.295407285192518,-89.9344008467674,36.3441733506222,196.29989777758172,705.7999823799637,-559.4974385677201,-1511.7782678916712,20788.8206465128,0.0,19587.35
2023-07-17,40.59214561827595,-20.410778715863728,47.25788134188884,205.94660231618778,712.8579345519411,-560.1266158018227,-1505.5912785278888,20798.57410921728,0.0,19719.1
2023-07-18,-46.44497450076544,60.709908475846554,59.636230004955216,210.24181233636122,719.1085772707963,-560.6465372704465,-1499.3645736426604,20808.309557325912,0.0,19751.55
2023-07-19,-35.619393827301565,114.01712432080424,71.40240730055359,208.9431829310766,724.5364516898042,-561.0583330124578,-1493.0984168555196,20818.026977453042,0.0,19847.15
2023-07-20,72.72904050124359,106.19908548418768,80.44319060164605,201.8923092865067,729.1161472341548,-561.3630591267238,-1486.793070193981,20827.726356212966,0.0,19969.95
2023-07-21,-51.05913043830777,30.202926008393458,84.42550518575524,189.12718041450464,732.806366034313,-561.56173555553,-1480.4487918691812,20837.407680220054,0.0,19780.9
2023-07-24,-72.0730320640886,-62.19193720844226,81.82271035003606,170.92904413125368,735.5634944955423,-561.6553766548406,-1474.0658391380668,20847.070936088607,0.0,19665.4
2023-07-25,-12.086786898998199,-92.83585998072343,71.12184478441804,147.8716325895648,737.3525251110527,-561.644996780588,-1467.6444692577013,20856.71611043297,3.637978807091713e-12,19678.85
2023-07-26,92.44651195684845,-73.54925552004768,51.69202640125118,120.73392524095154,738.1501100679819,-561.5315685294115,-1461.1849394850406,20866.343189867464,0.0,19773.1
2023-07-27,-9.17401754403084,-5.765281305832341,26.89699143799932,90.35827624778203,737.9352349905155,-561.3158577557352,-1454.687507077148,20875.952161006448,3.637978807091713e-12,19700.2
2023-07-28,-97.9189968554787,63.57685418980856,1.6694086356503035,57.59389766798874,736.6866040553487,-560.9983488665764,-1448.1524292909628,20885.543010464222,0.0,19638.0
2023-07-31,27.981440705473613,82.95081358832496,-19.06141249513824,23.290001559401304,734.3825198465125,-560.5791246761761,-1441.579963383525,20895.115724855128,0.0,19742.5
2023-08-01,94.75400712535486,44.95013016336643,-32.532504410604695,-11.714574008942268,731.0010294368512,-560.058012487679,-1434.9703666118353,20904.67029079349,0.0,19736.1
2023-08-02,-18.43114354145946,-35.87097116219528,-37.21336187836271,-46.652662373750815,726.5200870337735,-559.434746738742,-1428.3238962329076,20914.206694893644,0.0,19514.8
2023-08-03,-81.62358561849447,-75.71039079555273,-31.60712779260988,-80.90159503715404,720.9178827504672,-558.7092977728487,-1421.6408095037307,20923.724923769925,0.0,19394.45
2023-08-04,23.107930156344903,-58.2365340428613,-15.493275312915504,-113.92269192258094,714.173211753027,-557.8822409863632,-1414.9213636813017,20933.22496403665,0.0,19510.05
2023-08-07,52.27220127569849,1.3757805580071432,5.629452157532535,-145.17913770868003,706.2650958619874,-556.9543784300613,-1408.16581602266,20942.706802308177,0.0,19597.95
2023-08-08,-33.76694944889613,62.624234332061484,24.001832260325845,-174.10116330061766,697.1726025734876,-555.9265578303967,-1401.374423784771,20952.170425198805,0.0,19570.8
2023-08-09,39.76818749098465,59.497636248376566,32.75074622167571,-200.21011752918565,686.874805705852,-554.7996332359232,-1394.5474442246623,20961.615819322884,0.0,19630.95
2023-08-10,9.412910616260781,28.020689193857695,29.859927751542674,-223.2276846392201,675.3507790773582,-553.5744586952117,-1387.6851345993475,20971.042971294763,-3.637978807091713e-12,19549.2
2023-08-11,-46.452532621988524,-13.316033871389047,17.01619503597299,-242.98945235501557,662.5795965063046,-552.251888256818,-1380.7877521657965,20980.45186772873,0.0,19424.25
2023-08-14,-12.277681169761532,-25.821767907020277,-2.547973641493496,-259.3970741815001,648.54033181099,-550.8327759693083,-1373.8555541810397,20989.842495239132,3.637978807091713e-12,19413.65
2023-08-16,53.411099070006685,-27.055852510953002,-23.21269996321045,-272.3626720625237,633.2120588096795,-549.3179758812436,-1366.8887979020806,20999.214840440323,0.0,19447.0
2023-08-17,-14.3700947317164,-35.87151487010622,-39.34055342377042,-281.76455563650484,616.5739182140413,-547.708348912632,-1359.8877405859134,21008.5688899466,3.637978807091713e-12,19346.2
2023-08-18,-56.68330405849111,-42.65680158090605,-49.47325565157366,-287.3394519139581,598.6056545450086,-546.0048322228544,-1352.8526394895443,21017.90463037232,0.0,19281.5
2023-08-21,22.4997204519324,-12.653187789803184,-57.12296650492154,-288.6453545724796,579.2920990517265,-544.2086070982652,-1345.783751869989,21027.222048331798,0.0,19380.6
2023-08-22,-1.1228990078654206,29.199128427191717,-66.98905144277106,-285.19885285048997,558.6429578203296,-542.3210784015237,-1338.6813349842391,21036.521130439367,0.0,19390.05
2023-08-23,48.85992247266305,41.88781204140717,-83.19801907437119,-276.62616307562155,536.7139470918751,-540.3437166760016,-1331.5456460893272,21045.801863309374,0.0,19441.55
2023-08-24,26.38341741080229,18.456074005015385,-107.5845858017457,-262.84697934005123,513.5827809371377,-538.2779983250773,-1324.3769424421926,21055.06423355611,3.637978807091713e-12,19380.4
2023-08-25,-68.14235268919784,-7.633299222149996,-136.30039764724202,-243.96241920272757,489.3311220193441,-536.1253997520668,-1317.1754812999177,21064.308227793957,0.0,19244.3
2023-08-28,14.622954515618424,-22.069141096887492,-163.53940036997125,-220.1102037798381,464.0408753736991,-533.8873973603745,-1309.9415199194777,21073.533832637233,0.0,19302.65
2023-08-29,58.876006711618544,-17.404719777682168,-183.3426301958091,-191.47285436255922,437.79394603538873,-531.5654675533382,-1302.6753155578547,21082.741034700237,0.0,19352.95
2023-08-30,28.959004650052908,-18.211630481299498,-190.33937140399604,-158.42185019528895,410.6722390395866,-529.1610867343214,-1295.3771254720502,21091.929820597317,0.0,19340.05
2023-08-31,-63.18284506279198,-22.683911491993882,-182.13359621332557,-121.584545370429,382.75765942151213,-526.67573130665,-1288.04720691913,21101.10017694281,-3.637978807091713e-12,19279.55
2023-09-01,7.1786140687103,-2.0736915764918695,-159.64854892714715,-81.69388130269118,354.13211221634623,-524.1108776737476,-1280.685817156038,21110.25209035106,0.0,19423.35
2023-09-04,38.30499225413061,11.72287243521622,-124.62182549428759,-39.50787341198871,324.87750245928197,-521.4680022389252,-1273.293213439795,21119.38554743637,0.0,19535.4
2023-09-05,-0.7596267123287679,14.262296441959911,-79.02407552234568,4.21337022709575,295.0757351855146,-518.7485814055541,-1265.869653027421,21128.50053481308,0.0,19577.65
2023-09-06,-20.66410752935543,-12.887916702131946,-24.29426918965264,48.710023648257234,264.80871543025626,-515.9540915770004,-1258.4153931759008,21137.597039095526,3.637978807091713e-12,19618.9
2023-09-07,-7.930975901057299,-16.188348450047386,37.3303686379648,93.22226088527685,234.15834822869994,-513.0860091566304,-1250.9306911422645,21146.675046898057,0.0,19723.25
2023-09-08,-22.94598007222884,-0.8752531160736653,101.95150849670667,136.99025597188307,203.20653861599314,-510.1458105477698,-1243.4158041834705,21155.734544834962,-3.637978807091713e-12,19820.5
2023-09-11,48.1772875315461,14.811792661751591,163.95198742724983,179.25418294185704,172.03519162738624,-507.13497215383006,-1235.8709895565655,21164.775519520605,0.0,20000.0
2023-09-12,-43.96435979707263,12.386833167430469,215.8006158300702,219.25421582889376,140.7262122980435,-504.05497037812256,-1228.2965045185388,21173.7979575693,0.0,19985.65
2023-09-13,-11.663088428148434,1.4495897932391824,246.7695066600452,256.2305286667456,109.3615056631531,-500.9072816240111,-1220.6926063264016,21182.80184559538,-3.637978807091713e-12,20063.35
2023-09-14,-26.926467684184832,33.725560643792,246.51534880954432,289.478345791772,78.02297675791996,-497.69338229486914,-1213.0595522371714,21191.787170213196,0.0,20101.85
2023-09-15,32.86751050496857,58.335932253696186,211.49377928646436,318.56867760215613,46.79253061754424,-494.4147487940509,-1205.397599507819,21200.75391803704,0.0,20169.0
2023-09-18,55.87158273329173,43.83559036918405,143.9189321743327,343.3496096849855,15.752072277223668,-491.0728575249467,-1197.7070053953505,21209.702075681278,3.637978807091713e-12,20123.65
2023-09-20,-19.83367297532443,-15.64419935317206,55.34639344476586,363.72355439903606,-15.01649322787508,-487.66918489085566,-1189.9880271568074,21218.63162976023,0.0,19909.55
2023-09-21,-44.91713302074914,-61.7668615076719,-39.72379173597489,379.5926095830528,-45.43126086253035,-484.2052072951895,-1182.240922049175,21227.542566888234,3.637978807091713e-12,19748.85
2023-09-22,-16.885499126483875,-68.16181308845495,-127.08776047817145,390.8600384313768,-75.41149094714271,-480.68240114128105,-1174.4659473294446,21236.4348736796,3.637978807091713e-12,19684.6
2023-09-25,-7.823124048534765,-15.28080312843809,-196.14166682081253,397.4387287711058,-104.88606843486727,-477.10224283250125,-1166.6633602546153,21245.30853674866,0.0,19674.85
2023-09-26,-11.98778503836995,41.593597334123466,-243.32741830210225,399.26263848101377,-133.80494833050645,-473.46620877219254,-1158.8334180817365,21254.163542709768,0.0,19673.6
2023-09-27,57.980115029221324,61.12960278308875,-267.30508235903216,396.26945644581247,-162.1218166448317,-469.77577536374736,-1150.9763780677613,21262.999878177252,0.0,19728.2
2023-09-28,-64.26872197727137,25.7826514975463,-269.5067106660799,388.38469687739894,-189.78452901681038,-466.03241901047227,-1143.0924974697366,21271.817529765427,-3.637978807091713e-12,19553.3
2023-09-29,70.02428984027647,-19.228466793182886,-254.57579108650538,375.522140111969,-216.73900650077806,-462.23761611576214,-1135.1820335446378,21280.61648408862,3.637978807091713e-12,19638.2
2023-10-03,-13.032428045074296,-56.423359627196284,-226.13034022160022,357.7085331753248,-242.93104641016447,-458.3928430830024,-1127.2452435494777,21289.396727761192,0.0,19522.95
2023-10-04,-83.61372117997709,-76.12877360127287,-185.404681618347,335.2273361173821,-268.30644605846396,-454.49957631548506,-1119.282384741277,21298.158247397445,-3.637978807091713e-12,19446.15
2023-10-05,13.29687304947876,-94.51281717964436,-132.8907793741458,308.46970324536045,-292.8110027591326,-450.5592922166243,-1111.2937143769989,21306.901029611705,0.0,19546.6
2023-10-06,94.889961519066,-100.96497697153977,-71.24600649777975,277.8394316609972,-316.390513825624,-446.57346718976726,-1103.2794897136828,21315.62506101833,0.0,19649.9
2023-10-09,-94.95143762052808,-95.03581679564384,-3.809070063488654,243.74031846602978,-338.99077657142305,-442.54357763824424,-1095.2399680083447,21324.330328231645,0.0,19497.5
2023-10-10,39.03709775434374,-66.09482497165534,65.16884338248813,206.57616076224807,-360.5575693236219,-438.4711189518092,-1087.1754065179568,21333.016817865962,0.0,19691.5
2023-10-11,79.6868882690052,-15.62795144490854,130.48611041794896,166.75075565133693,-381.0364937527197,-434.357763176759,-1079.086062499528,21341.68451653562,3.637978807091713e-12,19808.5
2023-10-12,19.72130451179174,3.2727035973597096,186.4557340172062,124.66737411742743,-400.372686714992,-430.20564717368126,-1070.9721932100788,21350.333410854968,0.0,19782.9
2023-10-13,-48.580695858860764,21.060988841686626,226.16813601833678,80.70033233693117,-418.51101242100395,-426.01718044879703,-1062.8340559066053,21358.963487438315,-3.637978807091713e-12,19730.95
2023-10-16,-49.85005298700149,46.58961627624089,243.36747662137844,35.13124262521202,-435.3962920978049,-421.79481549190325,-1054.6719078461356,21367.574732900015,0.0,19730.95
2023-10-17,52.9008216210535,82.17609825674515,233.77925974719727,-11.672955428527994,-450.973346972356,-417.5410047928564,-1046.4860062856185,21376.16713385436,0.0,19818.35
2023-10-18,-38.78926690375631,102.6920151624801,195.45265344185222,-59.12427102104659,-465.18699827166597,-413.2582008414652,-1038.2766084821171,21384.740676915717,3.637978807091713e-12,19668.25
2023-10-19,-6.1153775758972095,117.3715650596972,130.9040096921566,-106.58065083146617,-477.98206722274597,-408.948856127548,-1030.0439716926091,21393.295348698415,0.0,19611.9
2023-10-20,58.703309154462374,102.44301900470263,47.87903409989681,-153.39934670820762,-489.30337505257853,-404.61542314093737,-1021.7883531740935,21401.831135816756,0.0,19541.75
2023-10-23,-17.472382574262916,38.26615316171809,-40.88807742967804,-198.9376104996583,-499.09574298814135,-400.2603543715019,-1013.5100101835834,21410.34802488511,0.0,19278.45
2023-10-25,54.989076750806205,-76.57850254591916,-120.65458812483352,-242.55269405425818,-507.30399225648154,-395.8861023089856,-1005.209199978078,21418.846002517752,0.0,19125.65
2023-10-26,-105.26293949979531,-111.16362319657745,-176.54240006988024,-283.60184922038513,-513.8729440845505,-391.49511944329777,-996.8861798146024,21427.32505532909,0.0,18848.5
2023-10-27,82.82849678135227,-44.902997784555886,-197.38987652752195,-321.4423074889371,-518.7474383968387,-387.0898395667534,-988.5412069501244,21435.785169933377,3.637978807091713e-12,19060.5
2023-10-30,106.48724494368386,23.291258929499786,-185.00551030038812,-355.4297762866019,-521.8725455739716,-382.67246601553035,-980.1745386416983,21444.226332945003,0.0,19148.85
2023-10-31,21.92187834840791,15.581478053131576,-145.37147963740694,-385.0054374736996,-523.1940544944778,-378.24448362794607,-971.7864321462772,21452.64853097827,-3.637978807091713e-12,19086.55
2023-11-01,-99.3563384479957,-12.882649038233698,-88.59639557354802,-409.973777378437,-522.6587067440668,-373.80673874433205,-963.3771447208915,21461.051750647508,0.0,18990.4
2023-11-02,-0.1478176070405272,-21.964129447065087,-27.723228620068053,-430.21944113797775,-520.2252087117145,-369.359219420655,-954.9469336225397,21469.43597856706,0.0,19144.85
2023-11-03,-31.45954360792439,25.80439318118572,26.781259572454594,-445.58692354800286,-515.892927321145,-364.90140351958263,-946.4960561082332,21477.801201351245,3.637978807091713e-12,19226.05
2023-11-06,48.818229903391156,69.38959271701536,71.53425900425444,-455.90912010636697,-509.6729127687897,-360.4326849289303,-938.0247694349995,21486.147405614425,0.0,19411.85
2023-11-07,12.556982230641133,53.05955409010139,105.1898156666705,-461.01770568971904,-501.577435872219,-355.9524575365732,-929.533330859773,21494.474577970872,0.0,19417.2
2023-11-08,16.98671778392136,13.750449999224074,127.77710305991828,-460.73290880809486,-491.63195420000363,-351.4601152303026,-921.0219976396265,21502.782705034966,0.0,19436.45
2023-11-09,-9.035621872698465,-43.39642187757507,139.56211799644436,-454.8495669118804,-479.9062018258357,-346.9550518979506,-912.4910270315211,21511.071773421016,0.0,19404.0
2023-11-10,14.139438526919847,-74.13718972567891,140.2084700081068,-443.2320730850594,-466.4930777478153,-342.4366614273517,-903.9406762924913,21519.341769743372,-3.637978807091713e-12,19443.45
2023-11-13,-62.59816689050831,-43.72914828133463,129.62889364174558,-425.979959975745,-451.4887587246596,-337.9043377062996,-895.3712026795434,21527.592680616348,0.0,19440.15
2023-11-15,51.34705651262864,38.74480702478579,109.47652152077718,-403.46311812504916,-434.9894215151361,-333.35747462263606,-886.7828634496454,21535.824492654276,0.0,19676.8
2023-11-16,48.72179270020849,86.46961837583764,82.13375186187673,-376.1497306074823,-417.09124287787824,-328.79546606420496,-878.1759158598535,21544.037192471496,0.0,19761.15
2023-11-17,-23.927176789092854,77.52375467073398,50.00191741496173,-344.47053932133093,-397.89039957167034,-324.2177059188121,-869.5506171671235,21552.230766682336,0.0,19719.7
2023-11-20,-57.185411484702016,41.599432563918164,15.643830665170942,-308.79917258751965,-377.48306835521527,-319.6235880742752,-860.9072246284879,21560.405201901114,0.0,19693.65
2023-11-21,20.474988092395844,2.515061883643114,-18.01580792477671,-269.51079888682835,-355.9654259872301,-315.0125064184358,-852.2459955009458,21568.56048474218,0.0,19780.8
2023-11-22,35.44333219835163,-38.9440273988731,-48.20455681636137,-227.0066586959564,-333.43364922639876,-310.38385483912134,-843.5671870415129,21576.69660181987,0.0,19810.6
2023-11-23,12.294187572972035,-81.38746072935145,-72.41863462620844,-181.70963340307384,-309.98391483151016,-305.7370272241398,-834.8710565071592,21584.813539748473,-3.637978807091713e-12,19811.0
2023-11-24,-59.241108513640725,-109.72465828034646,-88.2340631296768,-134.06977704120126,-285.71239956123844,-301.0714174613401,-826.1578611549126,21592.911285142356,0.0,19788.7
2023-11-28,-6.5943966340198195,-133.4405677803174,-93.39401636053749,-84.58128598635265,-260.7152801743248,-296.3864194385112,-817.4278582417743,21600.989824615837,0.0,19908.45
2023-11-29,78.44172936536377,-134.89515496816148,-87.10818396070943,-33.83606972200424,-235.08873342949124,-291.6814270434947,-808.681305024772,21609.04914478327,3.637978807091713e-12,20096.2
2023-11-30,-31.36806229001083,-108.94519023485056,-71.1986607630702,17.425910039406848,-208.92893608542147,-286.9558341641203,-799.9184587608951,21617.08923225896,0.0,20127.2
2023-12-01,-90.48824133290864,-42.796673694786186,-48.80034561856799,68.40586328523914,-182.33206490089256,-282.20903468821524,-791.1395767071043,21625.110073657233,3.637978807091713e-12,20255.75
2023-12-04,88.62815605046026,84.91575389271117,-22.973952177034562,118.2980219000644,-155.39429663456193,-277.44042250361395,-782.3449161204824,21633.111655592456,0.0,20686.8
2023-12-05,48.37456941158808,171.92992608098592,3.4027403882152596,166.294733241572,-128.21180804520895,-272.64939149809356,-773.5347342579826,21641.093964678923,0.0,20856.7
2023-12-06,-6.958780774103172,188.0219927300756,27.623818996042594,211.5813813446602,-100.88077589149353,-267.83533555955546,-764.709288376604,21649.056987530977,0.0,20935.9
2023-12-07,-73.61078151294397,124.20490855553666,47.52274602889062,253.34627740689803,-73.49737693220698,-262.9976485757408,-755.8688357333864,21657.000710762954,-3.637978807091713e-12,20916.1
2023-12-08,-0.5273777911860833,7.039005504687912,61.17522743595494,290.79516980721417,-46.1577879259972,-258.13572443455337,-747.0136335852998,21664.925120989177,0.0,20972.1
2023-12-11,64.23611615981103,-124.20214734567922,67.12242761556158,323.16448059109774,-18.9581856316364,-253.24895702375352,-738.1439391893815,21672.830204823982,-3.637978807091713e-12,20992.8
2023-12-12,-16.166609698214558,-208.38458371348472,64.0219778081268,349.8047635634999,8.00525319218447,-248.3367402311996,-729.2600098026162,21680.715948881705,0.0,20900.4
2023-12-13,-58.83312684787326,-184.85648872732213,51.219043470586506,370.4624511679385,34.636351786721896,-243.39846794470694,-720.3621026820075,21688.582339776665,0.0,20937.45
2023-12-14,7.404566651578158,-35.5622405979437,30.628884817686256,385.39450074887634,60.83893339329211,-238.43353405212667,-711.4504750845521,21696.42936412319,0.0,21195.25
2023-12-15,66.67246311850182,127.34971858798437,4.83837888345151,395.03232632982645,86.51682125311811,-233.44133244123117,-702.5253842672942,21704.257008535642,3.637978807091713e-12,21448.7
2023-12-18,-59.75244914765967,192.65413136423015,-23.54945368434251,399.8170177189926,111.57383860754963,-228.42125699988586,-693.5870874871947,21712.065259628307,3.637978807091713e-12,21410.8
2023-12-19,89.06554803905848,59.790387976880126,-50.80296567776842,400.18673904805064,135.9147302154073,-223.37270161589416,-684.6358420012907,21719.854104015558,0.0,21446.0
2023-12-20,-103.46691928164635,-116.02951878602215,-68.68429074008087,396.5710179457897,159.45314779393493,-218.2950601771049,-675.6719050665621,21727.62352831169,0.0,21101.5
2023-12-21,79.63893330143513,-155.64310640767852,-68.01413137198297,389.3970367704827,182.13100908802375,-213.18772657132612,-666.6955339400197,21735.373519131066,0.0,21283.0
2023-12-22,-2.284885435655674,-82.23144940022112,-43.638953970831274,379.2362713677737,203.92203491599486,-208.05009468636845,-657.7069858786745,21743.10406308798,0.0,21332.35
2023-12-26,-43.35619430834352,10.233817137288456,-3.7501661836348195,366.9861126419554,224.8093604655473,-202.88155841009979,-648.7065181395159,21750.815146796805,0.0,21454.15
2023-12-27,8.306504825029213,80.94432647863684,40.153332499939715,353.63811965720896,244.77685927722305,-197.6815116303091,-639.6943879795667,21758.50675687184,0.0,21648.95
2023-12-28,51.20291463010564,99.03558934302819,76.40595158365201,340.1884605148939,263.8084048915354,-192.44934823480702,-630.6708526558402,21766.178879927433,0.0,21773.7
2023-12-29,-4.087798285494326,64.29179466459408,93.56994450864026,327.62731722210685,281.88787084903356,-187.18446211147094,-621.6361694253117,21773.831502577905,-3.637978807091713e-12,21728.3
2024-01-01,-1.258694476585961,3.2771743663663946,84.84709907375628,316.5975216017239,298.9991306902426,-181.8862471480923,-612.5905955449965,21781.464611437586,0.0,21689.45
2024-01-02,36.727728542903975,-55.288881437922015,49.534666464622255,306.4107208582871,315.1260579556975,-176.55409723249363,-603.5343882719105,21789.078193120815,0.0,21661.5
2024-01-03,-76.31977142243404,-47.873567212826806,-9.304375859222752,295.9281651822241,330.252526185897,-171.18740625251652,-594.4678048630456,21796.672234241927,-3.637978807091713e-12,21523.7
2024-01-04,48.11949576526359,16.448888628022242,-76.37761344419222,283.97676938564825,344.3624089213952,-165.78556809597148,-585.3911025754029,21804.246721415235,0.0,21669.6
2024-01-05,76.32268464304363,54.728274834413995,-123.47242337887458,269.3827582603045,357.43957970272197,-160.3479766506858,-576.3045386660173,21811.80164125509,3.637978807091713e-12,21709.55
2024-01-08,-83.11471864482564,5.092914269562264,-128.45720464654963,251.10651277196973,369.4679120703692,-154.87402580448918,-567.208370391852,21819.336980375814,0.0,21511.35
2024-01-09,-16.804321241552955,-65.88315896789328,-93.87136296046457,228.69080266839723,380.43127956493134,-149.3631094452041,-558.1028550099442,21826.85272539173,0.0,21551.95
2024-01-10,-9.567797360424244,-69.51789195525431,-29.369468306716396,201.9956102162624,390.31355572689546,-143.81462146066016,-548.9882497772735,21834.348862917173,0.0,21625.4
2024-01-11,-109.78614198241426,-4.290596734265541,49.7188309745358,170.92574072202237,399.0995551431803,-138.22795573867515,-539.8648119508606,21841.825379566475,3.637978807091713e-12,21669.4
2024-01-12,-1.6866345644907328,61.71741396103623,120.11217171142059,135.38145852575772,406.77863336706434,-132.60250616706432,-530.7327987876926,21849.282261953966,3.637978807091713e-12,21908.25
2024-01-15,153.84349622443716,82.19773617308172,156.96623116749498,95.25897979720736,413.34419412225645,-126.93766663366219,-521.5924675448016,21856.719496693982,3.637978807091713e-12,22109.8
2024-01-16,149.5687243165154,39.06510108648998,142.90034097022323,50.81525181793126,418.7904179134732,-121.23283102632229,-512.444075479194,21864.13707040088,0.0,22031.6
2024-01-17,-166.53677992256118,-23.496338490348005,87.6586831178971,3.753253441403424,423.1114852453382,-115.48739323283125,-503.2878798478303,21871.53496968893,0.0,21577.25
2024-01-18,-148.38373188673984,-40.234176679981154,8.34056440653615,-43.862528586065906,426.30157662251537,-109.70074714100917,-494.12413790776463,21878.91318117251,0.0,21477.25
2024-01-19,95.88341137821207,-19.203336121200817,-74.31363819987467,-89.96760751814259,428.35488515115406,-103.87229924011585,-484.9531069159768,21886.271691465943,3.637978807091713e-12,21638.2
2024-01-20,135.63231428224736,-28.623600558231676,-136.6608080875593,-132.4974966084303,429.2657225534244,-98.0015746355109,-475.77504412946803,21893.61048718353,0.0,21586.95
2024-01-23,-125.12839448011432,-68.93674387488336,-164.7768027877014,-169.3877091106953,429.0287725547692,-92.08847043577165,-466.5902068052422,21900.929554939637,0.0,21243.05
2024-01-24,118.03467384388112,-97.40086659001105,-153.31443949056407,-198.95523204272513,427.6391603558265,-86.13332522467547,-457.39885220032204,21908.22888134859,0.0,21460.7
2024-01-25,-116.21743502765135,0.20563520521306222,-104.41011011054879,-221.09173668474122,425.09311857832347,-80.13668741359992,-448.2012375716995,21915.508453024704,0.0,21370.75
2024-01-29,112.48706415973881,72.99460578099796,-35.47814624809654,-236.27155887878018,421.396603185625,-74.09920440541396,-438.9976201763973,21922.768256582323,3.637978807091713e-12,21744.8
2024-01-30,-101.34785822413316,-5.262100799442061,33.42281719991304,-245.04208961736265,416.5807940789332,-68.02158400230614,-429.78825727137854,21930.008278635778,-3.637978807091713e-12,21530.55
2024-01-31,61.05438470442533,-57.695522783437895,87.46442113321481,-247.9572634378955,410.6834260131836,-61.904545315201815,-420.5734061136734,21937.228505799387,-3.637978807091713e-12,21708.3
2024-02-01,-37.97799534054725,-27.025615865769073,119.80559906871024,-245.57370246144777,403.7449213268994,-55.74880745502638,-411.35332396029503,21944.428924687476,0.0,21690.3
2024-02-02,68.52595742885038,-5.589186117852309,133.07927809197406,-238.4617205369751,395.81950682063007,-49.55508953280802,-402.1282680682305,21951.609521914408,3.637978807091713e-12,21853.3
2024-02-05,-69.86291201498219,21.828961234793773,126.95055638492543,-227.1428474161547,386.9785640708736,-43.32411065945059,-392.8984956945027,21958.7702840945,-3.637978807091713e-12,21761.3
2024-02-06,51.17612707671245,76.45138194496583,100.59604461800312,-211.91439202088577,377.3004945811389,-37.05658994590098,-383.66426409610096,21965.911197842066,0.0,21938.8
2024-02-07,54.58244056404485,97.78008195820661,55.91535347856154,-193.19576665010825,366.8647179109989,-30.753246503115662,-374.4258305300434,21973.03224977145,3.637978807091713e-12,21949.8
2024-02-08,-66.42508833385006,51.028971129831575,0.5031281688064837,-171.69287056469017,355.7506847982976,-24.41479944206543,-365.1834522533146,21980.133426496985,0.0,21759.7
2024-02-09,56.14523820316026,-26.544107501978697,-52.68938097335978,-148.18495594512225,344.03784598092915,-18.04196787369001,-355.9373865229375,21987.214714633,0.0,21786.0
2024-02-12,-56.22915509615154,-85.83739765315426,-89.64136645608441,-123.45047228034028,331.80565219675435,-11.635470908933904,-346.6878905959206,21994.276100793828,0.0,21612.6
2024-02-13,19.23351433556821,-71.76698973330517,-99.0264469888411,-98.25995400284926,319.1335541836434,-5.1960276587464005,-337.43522172926754,22001.317571593798,0.0,21728.0
2024-02-14,25.119314698489386,-9.342314881443972,-81.36077469830015,-73.25234703141072,306.1010026795096,1.2756427658658307,-328.17963717994394,22008.33911364724,-3.637978807091713e-12,21848.7
2024-02-15,-23.34834903705062,46.191968711957095,-44.30771113164873,-48.47149758294427,292.7874484221993,7.778821254006106,-318.92139420498216,22015.34071356846,0.0,21927.05
2024-02-16,-24.680632743083567,72.40438100772585,3.3351091779182496,-23.805596197277985,279.27234214958287,14.312788694710793,-309.6607500614194,22022.322357971847,-3.637978807091713e-12,22033.5
2024-02-19,-8.892237872568202,57.41147533249823,52.17408706347487,0.8586434345574062,265.63513459954004,20.876825977035388,-300.3979620062212,22029.284033471686,0.0,22116.95
2024-02-20,74.86894571866517,-6.34103301205928,89.46964978597966,25.634507621535974,251.95527650994586,27.470213990006695,-291.13328729638164,22036.225726682307,3.637978807091713e-12,22208.15
2024-02-21,-81.05777808303132,-72.23538702265441,97.7602135071712,50.59805832804165,238.31221861867067,34.09223362267065,-281.8669831889428,22043.147424218074,0.0,22028.75
2024-02-22,83.0169736056199,-50.3281160047192,65.82563459291032,75.40812462608568,224.78541166359904,40.74216576408752,-272.5993069408606,22050.049112693276,3.637978807091713e-12,22216.9
2024-02-23,2.6013187423907653,34.12074193598801,6.403035443405389,98.65104327921853,211.45430638260603,47.41929130331759,-263.33051580922,22056.930778722293,0.0,22194.25
2024-02-26,-83.93813862395022,79.3954285307837,-59.35718831829225,118.79711190005688,198.3983535135715,54.12289112936854,-254.06086705093398,22063.7924089194,0.0,22117.15
2024-02-27,94.83283329750428,3.2788504176819715,-110.65900780857494,134.3547021918124,185.697003794337,60.85224613133411,-244.79061792307317,22070.633989898975,3.637978807091713e-12,22194.2
2024-02-28,-96.37616530515501,-76.75848436936914,-127.50236880315195,143.91519072390344,173.42970796282063,67.60663719824112,-235.5200256826174,22077.455508275332,-3.637978807091713e-12,21926.25
2024-02-29,-41.87255152883252,-60.389400509711805,-96.40516072528095,146.65032460779426,161.67383986067586,74.38534521911636,-226.24934758656082,22084.2569506628,0.0,22042.05
2024-03-01,87.23175373166828,19.22621120973212,-28.961804683201386,142.82961795849423,150.4771079165001,81.18765108302011,-216.978840891912,22091.038303675698,0.0,22326.05
2024-03-04,38.13136554531597,54.46480565422675,54.09412241778412,133.0628725132827,139.7932071176806,88.01283567902222,-207.70876285568903,22097.799553928377,0.0,22397.65
2024-03-05,-73.46588676757627,53.729225451293935,129.7394416587378,118.00351555372248,129.5322069074073,94.86017989615428,-198.4393707349004,22104.54068803516,3.637978807091713e-12,22358.5
2024-03-06,31.574632653608294,34.18026472064672,172.5662160882724,98.29617403952508,119.61297705063528,101.72896462346698,-189.1709217865307,22111.26169261038,-3.637978807091713e-12,22480.05
2024-03-07,46.39678431453513,40.38456967586821,165.38892514536937,74.69305773231304,109.9593113811526,108.61847074999191,-179.90367326759326,22117.96255426836,3.637978807091713e-12,22483.5
2024-03-11,-76.61439015660497,63.03678312756308,114.99786484774768,48.401089380668594,100.49529644747868,115.52797916479895,-170.63788243509663,22124.64325962344,3.637978807091713e-12,22319.85
2024-03-12,89.35585347169506,-1.5932321434617611,41.64598889241102,20.7596114803663,91.1450187981712,122.45677075690051,-161.37380654603496,22131.30379528995,3.637978807091713e-12,22333.7
2024-03-13,-94.89223503429793,-78.4264821197295,-35.81336401416357,-6.887055253731111,81.83256498173041,129.4041264154095,-152.11170285744066,22137.944147882226,-3.637978807091713e-12,21981.05
2024-03-14,92.42513363187592,-13.788573475737243,-102.95579401377204,-33.19459010672264,72.48202154674749,136.3693270293097,-142.85182862627923,22144.564304014577,0.0,22153.05
2024-03-15,-80.71177864284412,68.6118541118973,-158.67034082649405,-56.81867236374557,63.017475041732276,143.35165348767566,-133.59444110958313,22151.16425030136,0.0,21996.35
2024-03-18,78.42777120982247,14.1619547216045,-201.79231910886523,-76.41498130987976,53.36301201523286,150.3503866795247,-124.33979756433214,22157.743973356894,0.0,22051.5
2024-03-19,-78.86718452159214,-42.731847179867216,-227.43460312594385,-90.6398411150136,43.4433639005054,157.36480749396966,-115.08815524756349,22164.303459795505,0.0,21810.35
2024-03-20,-25.608745641958034,-52.70250147979204,-230.89117572600173,-98.28442954040855,33.18973075289207,164.39419681999433,-105.83977141625225,22170.842696231524,0.0,21855.1
2024-03-21,85.70519944137621,-35.294261412054524,-211.61546546283583,-98.94813458126785,22.548060516225014,171.43783554668767,-96.59490332742126,22177.36166927929,0.0,22014.6
2024-03-22,63.66643684042158,-4.3084270165680145,-171.54545376281936,-93.47432054200462,11.460202602840287,178.49500456306689,-87.35380823807427,22183.86036555314,-3.637978807091713e-12,22080.8
2024-03-26,-86.1389968452294,3.75855963491738,-114.03830804027626,-82.97605726195042,-0.14221050782768366,185.56498475818273,-78.11674340520545,22190.338771667386,3.637978807091713e-12,22018.25
2024-03-27,-59.633271579392606,14.7839406087055,-47.61667328411482,-68.5639746724065,-12.329986244456089,192.6470570211194,-68.8839660858329,22196.796874236377,0.0,22147.2
2024-03-28,17.149344617721344,38.591961588497874,20.56189995569757,-51.348636302808195,-25.17399843748286,199.74050224088455,-59.65573353694599,22203.234659874437,-3.637978807091713e-12,22343.1
2024-04-01,65.51187097414272,21.442525704589595,87.21691643438004,-32.440605682557305,-38.74512091741766,206.8446013065289,-50.432303015558034,22209.652115195888,3.637978807091713e-12,22469.05
2024-04-02,3.5505818009007957,-8.30218513826706,146.32234704974582,-12.950446341136974,-53.11422751476058,213.95863510712707,-41.21393177866799,22216.04922681506,0.0,22464.3
2024-04-03,-42.95840680825027,-51.972600783798335,191.31493266525817,6.011278192084445,-68.35219205999736,221.08188453167716,-32.00087708327004,22222.425981346296,0.0,22445.55
2024-04-04,32.2758704306604,-80.76962086501511,216.68703474354507,23.334004387623825,-84.52988838361857,228.21363046929207,-22.793396186430076,22228.782365403942,0.0,22541.2
2024-04-05,-42.83275662396833,-45.598587483391114,218.7317417450948,37.93801961219106,-101.71819031611948,235.35315380895554,-13.591746345056206,22235.118365602295,0.0,22523.4
2024-04-08,33.06095693441802,20.528352584616865,198.79343974033884,49.06770324937365,-119.98797168798586,242.49973543976614,-4.396184816243024,22241.433968555717,0.0,22661.0
2024-04-09,-46.48641956458477,109.86237546652607,159.09676210350986,56.81117621421963,-139.40874249198203,249.65265625073633,4.793031143082243,22247.72916087849,0.0,22642.05
2024-04-10,58.78872639831045,147.62433219093532,102.39293271095916,61.48471944609051,-160.03148133808807,256.81119713092636,13.975644275848909,22254.00392918502,-3.637978807091713e-12,22735.05
2024-04-12,-13.608205359429666,70.49891959785401,33.616041585769494,63.35215464294682,-181.84314664019973,263.9745787583906,23.151397325105833,22260.258260089562,3.637978807091713e-12,22519.4
2024-04-15,-43.31448326898303,-70.24172395724895,-36.79459451571216,62.60888408888554,-204.76181807100477,271.14156248377685,32.32003303378233,22266.49214020651,-3.637978807091713e-12,22277.45
2024-04-16,39.96360422563965,-188.6860991453448,-97.06999979794821,59.374304217163285,-228.62850532453294,278.30984552992965,41.481294144965524,22272.70555615013,0.0,22177.45
2024-04-18,-52.96497493620625,-180.19235730743426,-136.58680417869599,53.717201741420936,-253.2328568198799,285.4763735644181,50.634923401570376,22278.89849453481,-3.637978807091713e-12,22045.75
2024-04-19,-17.853152449562376,-86.39338898741738,-150.88548499775683,45.69630131013193,-278.35379011183096,292.6379097149524,59.78066354662184,22285.07094197486,3.637978807091713e-12,22149.7
2024-04-22,69.42861136383358,52.51776170269843,-143.0279844492561,35.41909069563418,-303.7698256907035,299.7912039700596,68.91825732313052,22291.222885084608,-3.637978807091713e-12,22370.5
2024-04-23,-48.193310794176895,150.78294496455018,-117.93473364545557,23.26981925114253,-329.259484046767,306.9330063182571,78.04744747407355,22297.35431047838,-3.637978807091713e-12,22361.0
2024-04-24,-54.00780666163414,187.04566034911622,-80.96379291499245,10.033976636773419,-354.6012856702528,314.0600667480243,87.16797674244242,22303.46520477052,3.637978807091713e-12,22412.2
2024-04-25,67.09240127467316,186.10165273605557,-37.97577722926036,-3.3988034244959935,-379.573751051464,321.169135247893,96.2795878712286,22309.555554575367,3.637978807091713e-12,22559.25
2024-04-26,-62.1210199392956,179.01671120018574,4.130095515404946,-16.13471801263621,-403.9554037465544,328.2569648722077,105.38202360347138,22315.62534650722,0.0,22450.2
2024-04-29,55.769398563463184,221.55047481000344,39.16495560794656,-27.279964207727716,-427.5247846756971,335.3203260394563,114.47502668211922,22321.674567180435,3.637978807091713e-12,22633.15
2024-04-30,-48.848368245329,264.383275914467,64.59873395213108,-35.94073908972188,-450.0605334282364,342.3560878371833,123.55833985017793,22327.70320320933,-3.637978807091713e-12,22587.75
2024-05-02,49.70014218374722,225.32335523381462,78.59359141645591,-41.22970268259155,-471.34193112605004,349.36159791572715,132.63170585065333,22333.711241208242,0.0,22656.75
2024-05-03,-50.633031068035436,124.6185431495894,78.53430340944168,-42.393916048026576,-491.1544100066925,356.33497534570006,141.6948674265178,22339.69866779151,-3.637978807091713e-12,22456.7
2024-05-06,46.29475262113034,37.7690919071157,62.864323882951986,-39.308906457505955,-509.30683302943163,363.27453418148855,150.74756732080104,22345.66546957345,0.0,22458.0
2024-05-07,-56.82553830656613,4.390952861652231,33.69893848141586,-32.71253465414517,-525.6315938857725,370.17859405854017,159.78954827647541,22351.611633168402,-3.637978807091713e-12,22304.5
2024-05-08,78.39163419566907,-110.61216461535771,-0.9180844094079365,-23.54013613399456,-539.9744218764891,377.0454746123408,168.82055303655633,22357.537145190683,0.0,22306.75
2024-05-09,-81.40803900361365,-279.3118552611621,-31.372284720348,-12.72797424065449,-552.1856588512268,383.87349547836186,177.84032434398742,22363.44199225466,0.0,21968.15
2024-05-10,39.742241256111605,-319.7450764214036,-49.483134865522054,-1.2321766766877058,-562.1175955009808,390.66097629203676,186.8486049418319,22369.326160974615,0.0,22054.0
2024-05-13,20.68135801215384,-255.67802723576824,-54.3935433019657,9.97557205287658,-569.6263717540675,397.4062366888034,195.84513757306692,22375.1896379649,0.0,22119.4
2024-05-14,45.49446671952667,-207.83940014168573,-49.41706628456695,20.16661178623135,-574.5742832042027,404.10759630418124,204.8296649806361,22381.032409839878,0.0,22223.8
2024-05-15,-52.23015761248762,-162.50458244330784,-38.27054578574452,28.81589586842604,-576.8303779219061,410.76337477360346,213.8019299075788,22386.854463213836,3.637978807091713e-12,22210.4
2024-05-16,40.18018842993492,-116.2484817916848,-23.56443256177793,35.466808221189396,-576.273411347578,417.3718692518864,222.76167509692468,22392.655784701103,0.0,22392.35
2024-05-17,15.247260907682726,-63.697846158776976,-6.957521216680023,39.681695645409306,-572.7998900941343,423.9312967088549,231.70864329158877,22398.43636091605,3.637978807091713e-12,22465.55
2024-05-21,-52.65669384930517,0.16807224685750238,10.054830060080368,41.04416894675914,-566.3390236950884,430.4398905830916,240.64257723463425,22404.19617847297,0.0,22507.55
2024-05-22,-59.43145491590135,75.27667048783422,25.947454911659282,39.19681140449399,-556.8838195939617,436.8958940506266,249.5632196690478,22409.935223986202,0.0,22620.5
2024-05-23,145.92507413576254,158.26985006812032,40.00778894714941,33.89937816011238,-544.5234390064857,443.2975502874757,258.4703133377588,22415.653484070106,0.0,22951.0
2024-05-24,51.64457104395607,215.38235015328368,50.98026959114002,25.054951342049634,-529.4197909228624,449.643102469626,267.3636009838304,22421.350945338974,3.637978807091713e-12,22952.0
2024-05-27,-24.09162184524058,239.9095814785585,54.9934215955761,12.808000039503984,-511.77059479884207,455.93079377304554,276.2428253502397,22427.027594407158,0.0,22931.05
2024-05-28,-151.00267536395322,284.8624227895044,48.84004425887856,-2.220303354741526,-491.77950277244537,462.1588673737931,285.1077291799735,22432.683417888995,-3.637978807091713e-12,22868.65
2024-05-29,-362.4622783095452,322.8037635004895,33.52611903637624,-19.019461308447106,-469.6501669815306,468.3255664478176,293.95805521605666,22438.31840239878,0.0,22705.8
2024-05-30,-493.3875473516953,299.8334805294521,11.5737377660236,-36.48864630317405,-445.5862395640899,474.4291341711396,302.7935462014568,22443.932534550884,0.0,22557.1
2024-05-31,-403.154649042378,198.67514076402935,-13.365602308002954,-53.52108050203909,-419.7913684701915,480.46781371980364,311.61394487915584,22449.525800959622,0.0,22550.45
2024-06-03,558.0228584878507,-16.244567303949733,-36.311645402671274,-69.00469666691605,-392.46897961555277,486.4398482697155,320.41899399218823,22455.098188239335,0.0,23305.95
2024-06-04,-547.9746570987064,-240.13636238139745,-52.009545887686976,-81.81008155163265,-363.82095336539976,492.3434809969771,329.20843628351685,22460.649683004332,-3.637978807091713e-12,21996.45
2024-06-05,48.81183053774319,-297.64209596654956,-55.594441769088604,-90.86962724671739,-334.0449069980423,498.1769550775373,337.98201449615703,22466.18027186896,0.0,22573.0
2024-06-06,180.542771028533,-209.8660088550932,-45.172250315035996,-95.49454666941958,-303.3278916970196,503.9385136873928,346.73947137309545,22471.689941447545,0.0,22849.05
2024-06-07,370.5211911835693,-50.44346266072362,-24.882961380855107,-95.60382825003937,-271.8265669062852,509.62640000257846,355.4805496573332,22477.17867835442,3.637978807091713e-12,23270.05
2024-06-10,101.93806916302785,101.64268241577318,-0.20819452942116665,-91.3592637394284,-239.65361180480107,515.2388571990767,364.2049920918761,22482.646469203897,0.0,23234.45
2024-06-11,-54.25856298389034,200.75421856313503,23.39456841326473,-82.97411289937682,-206.89608157603126,520.7741284528794,372.9125414196582,22488.09330061036,0.0,23261.8
2024-06-12,-103.19253142988238,214.10869947486182,40.43588770750552,-70.66849101297643,-173.63612125133724,526.230456939988,381.6029403837619,22493.519159188083,-3.637978807091713e-12,23308.4
2024-06-13,-66.95154149133543,194.13113220244733,45.98927146705142,-54.66921397069698,-139.95569732244135,531.6060858364231,390.2759317271356,22498.924031551414,0.0,23399.35
2024-06-14,-57.40915941449986,173.95394200990168,38.68367295290379,-35.28010009295156,-105.9367762809941,536.899258318167,398.9312581927708,22504.307904314705,0.0,23454.15
2024-06-18,21.49309078078479,144.5197511833537,21.633652796279108,-13.03281431894375,-71.6613246186604,542.1082175612452,407.5686625236781,22509.670764092265,-3.637978807091713e-12,23562.3
2024-06-19,-37.40006336721314,106.13816146337943,0.024392067829517923,11.417126960254468,-37.21130882716736,547.2312067416399,416.18788746285855,22515.012597498422,-3.637978807091713e-12,23521.4
2024-06-20,52.62406265869168,14.62507458016732,-20.204262271048165,37.3852844941957,-2.668695398151152,552.2664690353382,424.7886757532797,22520.33339114753,-3.637978807091713e-12,23579.15
2024-06-21,-49.71895715466681,-75.55051666809383,-33.85741147738218,64.1761867132485,31.88454917665635,557.21224761838,433.3707701379665,22525.633131653893,0.0,23453.15
2024-06-24,-10.545760350356293,-96.7185501907977,-36.47797075802227,91.1133182350775,66.36645840558546,562.0667856667428,441.93391335991515,22530.911805631855,3.637978807091713e-12,23548.65
2024-06-25,25.986604840103457,-49.63611425374631,-26.26712225460811,117.64599165699825,100.69506579698084,566.8283263564471,450.4778481620695,22536.169399695755,3.637978807091713e-12,23721.9
2024-06-26,-18.892849747676696,16.9004439599167,-7.857414899009916,143.4080852167474,134.78840485915845,571.4951128634608,459.0023172874926,22541.405900459908,3.637978807091713e-12,23840.25
2024-06-27,46.16096558030756,50.397160625828974,12.71558169708408,168.06803661476079,168.56450910041514,576.0653883638143,467.5070634791329,22546.621294538654,0.0,24036.1
2024-06-28,-36.61448686499844,14.789767305519897,30.045909303597835,191.29260416700237,201.94141202904774,580.5373960334803,475.99182948002493,22551.815568546324,0.0,24009.8
2024-07-01,22.215035366323164,-12.61491019975266,39.61272438486542,212.74555711627843,234.83714715341526,584.9093790484889,484.4563580331411,22556.988709097244,-3.637978807091713e-12,24123.15
2024-07-02,-44.381238451910185,-20.09287160376794,38.81951469264407,232.06417210916348,267.16974798182883,589.1795805848271,492.90039188147284,22562.140702805744,-3.637978807091713e-12,24117.8
2024-07-03,40.82871093298132,12.316039454193993,28.011151661701355,248.84539605585482,298.8572480225806,593.3462438185014,501.3236737680164,22567.271536286167,3.637978807091713e-12,24290.8
2024-07-04,-1.0022407663549824,21.603001575474668,11.944053851280694,262.77275004148254,329.81768078398653,597.4076119255227,509.7259464357825,22572.381196152826,0.0,24304.65
2024-07-05,-25.947735503867005,17.51236179112748,-5.364766141510616,273.6425103501505,359.96907977441987,601.3619280818638,518.1069526277577,22577.469669020058,0.0,24316.75
2024-07-08,-24.286835745959706,-8.277501551656771,-21.186480034649325,281.3604260513671,389.22957922822116,605.2074354635452,526.4664350869286,22582.536941502207,-3.637978807091713e-12,24331.05
2024-07-09,52.03347866583337,-34.395275502837976,-35.12952200262939,285.8921653697334,417.5196394534264,608.9423772465876,534.804136556287,22587.5830002136,0.0,24417.25
2024-07-10,-43.1863427445212,-76.79121911826297,-47.88972774078205,287.20145709904443,444.7732043501758,612.5649966069446,543.1197997788623,22592.607831768542,0.0,24312.4
2024-07-11,-36.59069772384898,-84.69769105990088,-61.46067295278024,285.1982414401032,470.9526932967564,616.0735367206512,551.4131674976176,22597.6114227814,3.637978807091713e-12,24338.5
2024-07-12,60.305134396174594,-28.97453281917118,-76.41681750237271,279.69537661747665,496.0468562221315,619.4662407637279,559.6839824555345,22602.5937598665,0.0,24512.4
2024-07-15,22.265801966675273,67.9874513562819,-90.58978247632324,270.38693762130526,520.071422586145,622.7413519121188,567.9319873956525,22607.554829638146,-3.637978807091713e-12,24588.35
2024-07-16,-76.4908721285417,164.11197058410224,-101.02747585447626,256.9049588951611,543.0527613902447,625.8971133418638,576.1569250609726,22612.49461871067,3.637978807091713e-12,24601.1
2024-07-18,80.28204301888894,169.08899575564158,-104.59559068495041,238.85259880690364,565.0185329816792,628.9317682289688,584.3585381944242,22617.41311369844,3.637978807091713e-12,24779.35
2024-07-19,-81.41463102226015,56.756570567496645,-98.0696683055617,215.8909005484358,585.9963977076493,631.8435597494308,592.5365695390608,22622.310301215744,3.637978807091713e-12,24525.85
2024-07-22,26.76566831572605,-87.68463822574151,-79.52282800686004,187.82013007162044,606.0140070512249,634.6307310792224,600.6907618378596,22627.186167876946,3.637978807091713e-12,24515.9
2024-07-23,73.40270966448816,-207.3484037492782,-47.503450290373216,154.5972630846395,625.0987977659815,637.291525394369,608.8208578338073,22632.04070029637,0.0,24476.4
2024-07-24,29.129521008673432,-239.8300729359056,-0.7481788315198435,116.44754056324187,643.2765189663754,639.8241858708913,616.9266002699048,22636.873885088335,7.275957614183426e-12,24441.9
2024-07-25,-112.47345759784919,-175.33444697249058,59.396101672481805,73.92256435198165,660.5688421048002,642.226955684738,625.0077318891582,22641.68570886718,0.0,24415.0
2024-07-26,134.8241421155568,-32.939707182656015,121.12884626668023,27.702216762503067,676.9962703441581,644.4980780119776,633.0639954345444,22646.476158247235,0.0,24851.75
2024-07-29,-78.37779995381929,139.25766911699077,170.028050664377,-21.513324544231615,692.5792551962293,646.635796028535,641.095133649098,22651.245219842822,0.0,24840.95
2024-07-30,-180.9358355575588,242.11763625870176,191.6210638560952,-72.97323518453904,707.3382481727604,648.638352910493,649.1008892757675,22655.99288026828,0.0,24840.9
2024-07-31,3.832665981626999,237.4629605726198,174.18481312993362,-125.77826349900504,721.2937007855364,650.5039918337814,657.0810050575491,22660.71912613796,-3.637978807091713e-12,24979.3
2024-08-01,204.0165574464788,144.4621461030665,119.28980397874396,-178.92469585266477,734.4660645462994,652.2309559744541,665.0352237374724,22665.423944066148,0.0,25006.0
2024-08-02,180.58436771379894,-32.11805632316172,38.61092121037225,-231.39112080201363,746.8757909668055,653.8174885143277,672.9632880526759,22670.107320667197,0.0,24699.45
2024-08-05,-197.76746478050438,-183.34482332603255,-54.37077558992872,-282.1562837933788,758.5433315588447,655.2618326927749,680.8649406827558,22674.769242555467,0.0,24051.8
2024-08-06,-96.34420687260615,-188.3996525138921,-146.20820057636388,-330.1989302730733,769.4891378341299,656.5622319583008,688.739924098262,22679.409696345243,0.0,24033.05
2024-08-07,162.4485997073843,-67.1248825286726,-223.6431519756244,-374.4978056874578,779.7336613044224,657.7169301757717,696.5879803532926,22684.028668650884,0.0,24315.25
2024-08-08,-147.21241353856536,92.56662958683671,-273.6790828456181,-414.0316554829025,789.2973534814976,658.7241718613272,704.4088508507343,22688.626146086695,-3.637978807091713e-12,24098.7
2024-08-09,101.4461983276573,131.333914342512,-283.7839665744893,-447.7834057643311,798.2006658771116,659.5822022140277,712.2022763104624,22693.20211526705,0.0,24364.4
2024-08-12,124.7048763484093,61.57637050510293,-247.03176693350417,-474.92735661466776,806.4640500030257,660.2892666454895,719.9679972399153,22697.75656280623,0.0,24348.8
2024-08-13,-54.90769870031457,-39.893840242367276,-173.59298672700933,-495.35482867509796,814.110514312415,660.8436098906204,727.7057548231501,22702.289475318605,0.0,24141.2
2024-08-14,-115.82238003756153,-77.22110091725358,-77.9006883839329,-509.1911666454907,821.1757296371616,661.243474272744,735.41529265585,22706.800839418484,0.0,24144.5
2024-08-16,102.58114980046537,-15.657633963635087,25.280411994941737,-516.5856882034642,827.7076622025941,661.4870897093865,743.0963667395154,22711.290641720196,0.0,24539.2
2024-08-19,-32.80588507936427,44.835791020417915,122.82323881968034,-517.6859943641983,833.7525615717228,661.5726576252389,750.748761568405,22715.758868838097,0.0,24579.0
2024-08-20,-33.09693368000251,36.02762085360655,203.1261731934125,-512.6144861933719,839.3314773580424,661.4983525440406,758.3722885377774,22720.205507386494,0.0,24672.85
2024-08-21,31.771321741379413,-5.3413065065172525,260.6384383346267,-501.45501996522705,844.4269143835344,661.2623323434893,765.9667756889804,22724.630543979732,3.637978807091713e-12,24781.9
2024-08-22,2.655500586150516,-18.410601553379323,298.4964042543017,-484.2828006096456,849.0127261259063,660.8627464162469,773.5320595482973,22729.033965232124,0.0,24810.9
2024-08-23,-46.90602774077981,-11.696222694385405,323.78103887377205,-461.1730189322874,853.0627519386145,660.297740836691,781.0679799603478,22733.415757758026,0.0,24831.85
2024-08-26,49.44819695721703,6.408016610869188,345.32807437491573,-432.20086573887414,856.5508309292621,659.5654614285784,788.5743772663127,22737.77590817172,0.0,25011.45
2024-08-27,-19.906730135736854,-10.755098633460925,368.87300948831887,-397.44153183509417,859.4508012220531,658.664054999041,796.0510918072625,22742.11440308762,-3.637978807091713e-12,24997.05
2024-08-28,-31.19234876989516,-24.242999268249836,387.9981937239737,-356.97020802666935,861.736496618572,657.5916726779062,803.4979639243826,22746.43122911998,0.0,25044.85
2024-08-29,5.941815015929844,-12.524261944167844,392.8198194922318,-310.8567959212476,863.3817219323328,656.3464945829245,810.914833958839,22750.726372883153,3.637978807091713e-12,25156.75
2024-08-30,19.836059525676824,19.54329618112636,374.2019088023071,-259.1696105611499,864.3602078728989,654.9267749358967,818.3015422517408,22754.9998209915,3.637978807091713e-12,25247.0
2024-09-02,-6.83232214000208,55.844968130704004,324.07153160530663,-202.07011990809582,864.6455761318284,653.3308769766866,825.6579291442492,22759.25156005932,3.637978807091713e-12,25273.9
2024-09-03,4.4612530134553285,53.92639410808108,238.20162607275623,-139.9732972184266,864.2113175380617,651.5572948075746,832.9838349775497,22763.481576700946,0.0,25268.85
2024-09-04,-3.1451470048983174,39.07580834825859,123.74394293607018,-73.92900735449233,863.0307443912535,649.6047010603859,840.2791000926935,22767.689857530728,0.0,25206.35
2024-09-05,69.4199391417411,-42.334472072011664,-5.107675097361041,-5.146683324029391,861.0770551368298,647.4718822209387,847.5435648309284,22771.876389162964,0.0,25144.8
2024-09-06,-95.06214380089295,-102.30003345964136,-133.5997958663996,65.16267238614472,858.3234199459781,645.1576530494679,854.77706953332,22776.04115821202,0.0,24868.5
2024-09-09,31.79224823989046,-117.75160070256271,-247.14614795579206,135.78805728921253,854.7430053511678,642.6608319448204,861.9794545410583,22780.184151292207,0.0,24942.25
2024-09-10,108.8882693476379,-73.45229075998135,-332.59991381704845,205.5188048255215,850.3089775229404,639.980237667781,869.1505601952812,22784.305355017867,0.0,25052.1
2024-09-11,-104.10446316411509,18.964357300258175,-383.0193797723066,273.1553111846835,844.9945026317854,637.114688979268,876.2902268371115,22788.404756003318,-3.637978807091713e-12,24951.8
2024-09-12,90.58486739418139,133.4598186853694,-395.40181322585653,337.59073998739603,838.7727406901365,634.0630107981543,883.3982948077203,22792.482340862898,0.0,25314.95
2024-09-13,-18.406594075336052,182.1427432154457,-367.53879440935026,397.89906485627637,831.6167293464985,630.824150407281,890.4746044482499,22796.538096210938,-3.637978807091713e-12,25343.55
2024-09-16,-9.48130073954303,83.9230918957715,-299.2646504032467,453.03529314652906,823.4987315339816,627.3978298048874,897.5189960998474,22800.572008661773,0.0,25377.2
2024-09-17,50.79816999800872,-92.41872434913459,-200.43090356866193,501.91130181150805,814.389285364199,623.7854958107014,904.5313101036455,22804.584064829738,-3.637978807091713e-12,25407.15
2024-09-18,-49.64979355571334,-206.75074003001419,-87.9215965418895,543.4389678044331,804.2580850424456,619.9894391508019,911.5113868008104,22808.574251329126,0.0,25343.45
2024-09-19,-75.1170078688678,-220.94738238488603,24.445825543110633,576.5301680786199,793.0747082048426,616.0120671203987,918.4590665324702,22812.542554774314,-3.637978807091713e-12,25445.0
2024-09-20,96.78100719171829,-139.80941339411987,128.75395569347813,600.096779587293,780.8087324875736,611.8557870146585,925.374189639786,22816.48896177961,0.0,25820.35
2024-09-23,27.74595749659847,-55.606712364909164,217.33727850571853,613.0506224224644,767.4297923881114,607.5230061288005,932.256596463843,22820.413458959374,0.0,25930.15
2024-09-24,-91.43569272079445,27.43004210406477,282.2563195049971,614.296175659914,752.9148634201127,603.0161317579435,939.1061273458743,22824.31603292789,0.0,25951.9
2024-09-25,-106.6730645657302,92.27170350446376,315.46000664498354,602.708929618665,737.2755606738259,598.3375711973022,945.9226226269599,22828.19667029953,0.0,26013.5
2024-09-26,60.808573239119625,138.73315670481102,308.60933591969,577.6927955203272,720.555126537146,593.4897317420143,952.7059226483043,22832.05535768859,0.0,26184.65
2024-09-27,116.27564414723963,175.39416774259473,255.88350297552537,540.820783157348,702.8029318295386,588.4750206873185,959.4558677510068,22835.892081709426,3.637978807091713e-12,26175.0
2024-09-30,-112.29270180831455,206.66479202843033,160.90205658984274,494.2825332385407,684.0683473705267,583.2958453283718,966.1722982762385,22839.706828976363,0.0,25822.8
2024-10-01,98.86526285833538,177.42875425958007,37.25850230165335,440.28748297158415,664.4007439796619,577.9546129603457,972.8550545651128,22843.499586103724,3.637978807091713e-12,25812.55
2024-10-03,-83.23181611584647,13.84514398133105,-88.73593744916623,381.04506956421034,643.8494924764002,572.4537308784115,979.5039769588199,22847.270339705843,-3.637978807091713e-12,25266.0
2024-10-04,52.534542083864274,-161.71795054237563,-186.87887401908074,318.7647302239789,622.4639636803172,566.7956063777457,986.1189057984639,22851.019076397082,3.637978807091713e-12,25049.1
2024-10-07,-71.63273586486376,-143.82996834807753,-229.9148373271242,255.6559021586934,600.2935284108497,560.9826467535913,992.6996814252061,22854.74578279172,3.637978807091713e-12,24819.0
2024-10-08,72.58350501901015,-9.2488303313036,-207.68724725334792,193.75116609268318,577.3875574875973,555.0172593010577,999.2461441801793,22858.450445504124,0.0,25039.5
2024-10-09,-10.573079354203523,55.24526198198164,-130.08503523728083,134.37439401093465,553.7954217300444,548.9018513153546,1005.7581344045735,22862.133051148594,0.0,25019.55
2024-10-10,-12.073686827673875,8.846314489802156,-18.1384132882483,78.68138479782769,529.5664919576807,542.6388300916249,1012.2354924394882,22865.793586339496,3.637978807091713e-12,25007.55
2024-10-11,-75.3932464164526,9.798137264872395,83.67195795730701,27.88231296189256,504.7501389900482,536.2306029250972,1018.6780586260895,22869.432037691142,3.637978807091713e-12,24975.05
2024-10-14,73.9745277087981,31.959498189232857,146.10844458924916,-16.95184636822321,479.3957336466412,529.6795771109144,1025.085673305529,22873.048391817858,0.0,25142.3
2024-10-15,25.044813313242273,44.03405480417656,166.81531654595958,-55.385803507562805,453.5526467469921,522.9881599442862,1031.4581768189207,22876.64263533399,0.0,25065.15
2024-10-16,26.404119868711884,0.8689145128413014,158.60775137532775,-87.41995794914945,427.2702491106,516.1587587203792,1037.7954095074258,22880.214754853867,0.0,24959.9
2024-10-17,-86.83971746075883,-18.814749960436643,132.11843385200876,-113.91760742621106,400.5979115570118,509.19378073436985,1044.097211712225,22883.76473699179,0.0,24750.2
2024-10-18,81.04091131886258,12.632601692831996,91.89804316078664,-136.2581864961568,373.5850049056834,502.09563328143906,1050.3634237744222,22887.292568362132,0.0,24862.65
2024-10-21,44.88429786902078,23.493385208119808,38.444021755912544,-155.91145008038436,346.28089997619037,494.86672365677265,1056.5938860351596,22890.79823557921,0.0,24739.45
2024-10-22,-83.53340390894758,0.702794339880883,-24.38450804382359,-174.34947322361964,318.734967588027,487.5094591555229,1062.7884388356229,22894.281725257337,0.0,24481.75
2024-10-23,10.610670925469504,-34.467727886083686,-84.81138423014974,-193.04433097060297,290.99657856067796,480.0262470729235,1068.946922516887,22897.74302401088,-3.637978807091713e-12,24436.0
2024-10-24,84.61140308034604,-38.720514798313594,-129.60868420806906,-213.46809836606988,263.11510371370923,472.4194947040743,1075.0691774201948,22901.182118454126,0.0,24414.6
2024-10-25,-100.33928287430635,11.225998540769222,-147.59263650728437,-237.07964145805275,235.13991386659112,464.6916093442374,1081.1550438865931,22904.598995201453,0.0,24211.8
2024-10-28,49.99485077078586,56.27003670018642,-132.86847193923717,-264.85979678359803,207.12037983887052,456.8449982885461,1087.2043622573053,22907.993640867142,0.0,24367.7
2024-10-29,128.93438091374193,74.27231609994904,-85.72435810818615,-296.0532951267372,179.10587245002256,448.88206883222455,1093.216972873431,22911.36604206555,3.637978807091713e-12,24454.0
2024-10-30,75.70910596137595,10.656131697720044,-12.560232191433242,-329.36489774479355,151.14576251959403,440.80522827039147,1099.1927160761165,22914.716185411027,0.0,24350.3
2024-10-31,52.849549071979595,-97.13303519476037,67.07316423388154,-363.37147260087676,123.28942086712708,432.6168838982471,1105.131432206548,22918.044057517855,0.0,24238.5
2024-11-04,-177.65595223235943,-118.45038942347574,131.40250319210867,-396.63442946556614,95.58621831208244,424.31944301095336,1111.032961605853,22921.349645000406,0.0,23990.95
2024-11-05,-44.93194402676052,-21.416651922674763,166.7769639062775,-427.8092856227293,68.08552567401654,415.9153129037295,1116.8971446151404,22924.632934473,0.0,24198.15
2024-11-06,167.63868201759442,112.06336088609936,171.14973082597857,-455.8131224993807,40.83671377239014,407.4069001657434,1122.7238222816181,22927.893912549956,0.0,24493.9
2024-11-07,-119.39961201429873,175.8506728615411,145.66632150980962,-479.8485486679776,13.889153426754893,398.79660749878445,1128.512839539744,22931.13256584564,0.0,24194.6
2024-11-08,-99.27426572422205,168.43525195058572,94.0476746848243,-498.85063627093285,-12.707784543347133,390.08682982773786,1134.2640491010081,22934.348880974343,0.0,24110.35
2024-11-11,91.26610120341795,97.60008584215677,24.995721143361493,-511.65728917522307,-38.90472931846951,381.2799416359697,1139.9773241183825,22937.5428445504,3.637978807091713e-12,24122.1
2024-11-12,-1.8709800537968375,19.10739962368858,-51.275553944481146,-517.1037772079809,-64.65238675720781,372.37827228131624,1145.6525828703018,22940.71444318816,0.0,23842.95
2024-11-13,-67.22305425524625,-60.02924661488102,-124.45842447420502,-514.0187862570747,-89.90804665745503,363.3840947124215,1151.2898000444782,22943.86366350196,3.637978807091713e-12,23602.9
2024-11-14,28.87010577170534,-127.34406471557156,-184.24516434130197,-501.205510665976,-114.65449036149671,354.2996337119941,1156.8889984945508,22946.990492106095,0.0,23559.6
2024-11-18,39.56064614489644,-195.2631854656246,-220.32804744129731,-477.4588134619576,-138.88283052778334,345.12709196935475,1162.4502231674646,22950.094915614947,0.0,23465.3
2024-11-19,99.10430563855329,-260.8663323086897,-222.12037989443903,-441.84684910341304,-162.58985615890774,335.86866621823015,1167.973524965888,22953.176920642778,0.0,23468.7
2024-11-21,-118.65314913582074,-227.5071654587663,-182.7553231046385,-394.77498002041693,-185.78138406904966,326.5265524916371,1173.4589554930606,22956.236493803994,0.0,23346.75
2024-11-22,84.85057724957002,-5.881231603083028,-114.4402543129236,-337.846945758163,-208.4652804632203,317.10294682258296,1178.9065663523652,22959.27362171287,3.637978807091713e-12,23873.5
2024-11-25,108.30806534474709,226.0928408164067,-34.2593894452468,-272.8968505444482,-230.64941154637347,307.6000452440749,1184.316409147075,22962.288290983764,0.0,24250.8
2024-11-26,-99.95015396976143,253.3090329012783,40.70249569844903,-201.75879860707948,-252.34164352352514,298.0200437890676,1189.6885354805638,22965.28048823101,0.0,24192.95
2024-11-27,94.899862302788,34.38231965198527,96.24621930308051,-126.26689417384438,-273.54984259967216,288.3651384906353,1195.0229969561087,22968.250200068916,0.0,24277.35
2024-11-28,-93.91247343604287,-185.82439625836037,129.600491440228,-48.28653043664108,-294.281874979797,278.63752538172776,1200.3198451770454,22971.197413111844,-3.637978807091713e-12,23957.45
2024-11-29,38.45638182500947,-220.3832561556509,141.4588872574842,30.122947725898992,-314.54560686890136,268.8394004953571,1205.5791317467088,22974.122113974092,3.637978807091713e-12,24123.65
2024-12-02,50.42585733684649,-130.26081261293356,136.04346923239243,106.59223311272083,-334.3489044719964,258.97295986453537,1210.8009082684248,22977.02428927001,0.0,24275.25
2024-12-03,60.363408141667314,-8.58594648987867,124.22456088435385,178.61805997619808,-353.6996339940359,249.0403995222507,1215.9852263455236,22979.90392561392,0.0,24445.85
2024-12-04,-67.77257644559288,96.8874285191388,118.50317226507579,243.60057459845785,-372.6056616400693,239.04391550151988,1221.132137581307,22982.76100962016,0.0,24461.55
2024-12-05,65.09937312938789,156.3792328828273,130.83150582532951,299.4918164600111,-391.07485361506957,228.98570383533584,1226.2416935791102,22985.595527903068,0.0,24701.55
2024-12-06,-13.263543151555725,138.42210540498627,169.29442425360833,345.0727160410629,-409.1150761240336,218.86796055672497,1231.3139459422446,22988.40746707696,3.637978807091713e-12,24669.0
2024-12-09,-33.472784746819876,43.76102231986414,227.15809230832207,379.6492237616895,-426.73419537190557,208.69288169862756,1236.3489462740451,22991.196813756178,-3.637978807091713e-12,24626.6
2024-12-10,22.339818569259904,-80.261374283221,285.9691858002551,402.61955024174637,-443.9401443550058,198.46266329406524,1241.3467461778423,22993.96355455506,0.0,24620.5
2024-12-11,46.61495453651371,-126.4725525334256,325.5219732445882,413.38297054389363,-460.74192051250253,188.17950137608346,1246.3073972569475,22996.707676087906,-3.637978807091713e-12,24629.5
2024-12-12,-91.74030156739002,-61.75066198062102,329.88511308620167,411.75489514397105,-477.1547527435833,177.8455919776513,1251.2309511147055,22999.429164969064,0.0,24539.5
2024-12-13,102.19564060109332,54.628232845792304,292.74772198430026,399.2269389845269,-493.2071327147731,167.46313113175688,1256.1174593544322,23002.12800781287,0.0,24781.3
2024-12-16,32.34057009970957,112.65494564256693,211.58127014899574,377.8005151199754,-508.932780695745,157.03431487143135,1260.9669735794055,23004.80419123366,0.0,24648.25
2024-12-17,-106.34381441711278,87.56737217257236,93.18746221095982,349.50637378284137,-524.3659802177048,146.56133922968672,1265.7795453930082,23007.457701845746,0.0,24319.35
2024-12-18,58.2316555796574,5.028026892086701,-42.0854477745254,316.37662721308016,-539.5410148117766,136.0464002394681,1270.5552263985617,23010.08852626345,-3.637978807091713e-12,24214.7
2024-12-19,76.85795690163977,-83.42529721612001,-170.91629256121993,280.4433876505708,-554.492168009171,125.49169393380669,1275.2940681993387,23012.69665110116,-3.637978807091713e-12,23961.95
2024-12-20,-74.3164617089347,-108.95571483452676,-270.0404691683293,243.7387673353021,-569.253723341089,114.89941634572884,1279.9961223986884,23015.282062973158,0.0,23631.35
2024-12-23,59.75147853180604,-24.16482661582063,-319.59951868638495,208.2948785071435,-583.8599643386835,104.27176350820355,1284.6614405999608,23017.844748493775,0.0,23747.2
2024-12-24,-12.55183085949772,76.5428594759569,-314.4292625026446,175.84770828126628,-598.3451745331508,93.61093145424766,1289.2900744064575,23020.384694277363,0.0,23730.35
2024-12-26,-10.211659144867225,96.67935842675452,-259.8770925785925,146.74995217577126,-612.7436374556391,82.91911621682061,1293.8820754215185,23022.901886938234,0.0,23760.3
2024-12-27,80.94963075603577,28.127150202822584,-165.8388394924824,120.26937300285304,-627.0896366373972,72.19851382901572,1298.4374952484168,23025.396313090736,0.0,23832.45
2024-12-30,-77.86313866881034,-55.45916197788085,-54.386278626088654,95.50036971882696,-641.4174556095207,61.451320323754175,1302.956385490526,23027.867959349194,0.0,23658.65
2024-12-31,-112.9619897191874,-74.34186360095342,51.88619131956278,71.54369809069415,-655.7613779032727,50.679731734057576,1307.438797751176,23030.31681232792,0.0,23668.8
2025-01-01,-136.1476475552072,-5.757834103115244,138.74746845492038,47.50011388532667,-670.155687049787,39.88594409294754,1311.8847836336452,23032.74285864127,0.0,23758.7
2025-01-02,186.4535048590509,69.04105272935544,194.1119265061252,22.465549407457424,-684.6346665802505,29.072153433383484,1316.2943947413019,23035.146084903576,0.0,24167.95
2025-01-03,57.185095508514564,51.10993540176742,209.1840596545772,-4.531206734034669,-699.2326000258256,18.240555788410937,1320.6676826774385,23037.526477729152,0.0,23990.15
2025-01-06,-191.08571338323614,8.770632162485855,187.94931846045876,-34.33253629071764,-713.9837709177323,7.3933471910036745,1325.004699045409,23039.884023732327,0.0,23629.6
2025-01-07,8.535034196712035,-23.38484623329513,136.8390848338927,-66.52373866031236,-728.9224627871333,-3.4672763258214774,1329.3054954484965,23042.218709527464,-3.637978807091713e-12,23694.6
2025-01-08,82.68951216346234,7.789235098315487,65.38885717819758,-100.34617176459976,-744.0829591652152,-14.339118729076391,1333.570123490074,23044.530521728844,0.0,23675.2
2025-01-09,75.8082939064678,21.94071980668166,-5.411096589982924,-135.03647127855234,-759.499543583136,-25.219983985744246,1337.7986347734288,23046.819446950834,3.637978807091713e-12,23557.2
2025-01-10,109.32617487714357,-24.92935432520321,-56.97792474957661,-169.83127287708518,-775.2064995720818,-36.10767606283213,1341.991080901868,23049.085471807768,-3.637978807091713e-12,23437.35
2025-01-13,-95.24791849654524,-90.05394365232634,-81.26891241811025,-203.9672122351277,-791.2381106632588,-46.999998927361474,1346.1475134787881,23051.328582913942,0.0,23088.7
2025-01-14,36.53720029611068,-55.98743141172384,-75.5913338182404,-236.4017691231962,-807.6286603878341,-57.89475654628677,1350.2679841074535,23053.548766883712,3.637978807091713e-12,23206.85
2025-01-15,-8.447564803535645,33.962665617499546,-49.40082498592285,-264.9106453870287,-824.4124322769895,-68.78975288662467,1354.3525443911699,23055.746010331433,-3.637978807091713e-12,23228.1
2025-01-16,57.01795620201717,102.68963561684258,-17.188920429344208,-286.73371541693814,-841.6237098618926,-79.68279191539182,1358.4012459333114,23057.9202998714,-3.637978807091713e-12,23350.8
2025-01-17,-76.35259674850383,98.97149534091804,6.926614328177302,-299.06282110242665,-859.2967766737298,-90.57167759956663,1362.4141403371889,23060.071622117935,7.275957614183426e-12,23203.1
2025-01-20,98.33216033221923,74.49943941588292,13.879656843834391,-299.33698322593347,-877.4613023513691,-101.45421390615138,1366.3912792060992,23062.199963685416,0.0,23337.05
2025-01-21,-123.25799237780556,32.903959291189075,3.7053178679498338,-286.4945887349441,-896.1165165757697,-112.32820480213884,1370.3327141434113,23064.305311188105,3.637978807091713e-12,23053.05
2025-01-22,47.49241918907321,-8.559311887652195,-17.46338428968709,-261.94982045352765,-915.204596296473,-123.19145425455045,1374.2384967524126,23066.387651240402,3.637978807091713e-12,23161.75
2025-01-23,159.2799940196293,-51.24321147087318,-41.76858579604814,-227.8463185310579,-934.6357610843374,-134.041766230355,1378.1086786364476,23068.446970456596,-3.637978807091713e-12,23216.3
2025-01-24,75.06722714672927,-90.33298321363576,-61.35362099892954,-186.27238725835738,-954.3078578290715,-144.8769446965883,1381.9433113988036,23070.483255451047,0.0,23090.35
2025-01-27,-178.45661049898848,-124.83096353953438,-69.05681106481615,-139.23299518596465,-974.1167655713858,-155.694793620224,1385.7424466428595,23072.49649283805,3.637978807091713e-12,22816.85
2025-01-28,-67.56564244413183,-111.18025595728368,-59.89536320002701,-88.60006328217654,-993.958363352005,-166.49311696825956,1389.5061359719161,23074.486669231963,3.637978807091713e-12,22976.3
2025-01-29,21.539043495556953,-55.392855241020875,-32.57464951585995,-36.06149205575281,-1013.7285302116156,-177.26971870770208,1393.2344309892806,23076.453771247114,0.0,23176.2
2025-01-30,15.674114518963485,0.1032613209903449,11.441256776988508,16.751746583432585,-1033.3231451909614,-188.02240280551567,1396.9273832982733,23078.39778549783,0.0,23297.95
2025-01-31,152.97515755907943,14.078861485447437,69.0663068194615,68.21299159474835,-1052.6380873306575,-198.7489732287456,1400.5850445022252,23080.31869859844,0.0,23533.85
2025-02-01,73.6340747731604,-31.59355530318186,131.15640484051934,116.69558193760142,-1071.5692356714858,-209.44723394439418,1404.2074662045188,23082.216497163263,0.0,23495.3
2025-02-03,-128.63247090690555,-36.080001715129534,182.08120640913918,160.5728565714131,-1090.0124692541376,-220.11498891942074,1407.7947000083843,23084.09116780666,0.0,23359.7
2025-02-04,108.75597483019624,31.871030167180116,210.1790551270745,198.21815445559034,-1107.863667119314,-230.75004212085625,1411.3467975172002,23085.94269714293,0.0,23707.7
2025-02-05,-19.63036811494086,132.6214493107629,209.33460092343913,228.15834158342759,-1125.0187083077105,-241.35019751568865,1414.8638103342773,23087.771071786436,-3.637978807091713e-12,23686.75
2025-02-06,-51.55893817673095,139.91197458201273,175.308401118867,249.7553692998144,-1141.3756161674867,-251.9132590708868,1418.3457900629367,23089.576278351477,-3.637978807091713e-12,23628.05
2025-02-07,29.048324778094557,65.81633562892186,111.003645017797,263.4104767940075,-1156.8428432242279,-262.4370307535008,1421.792788306504,23091.358303452405,0.0,23563.15
2025-02-10,56.499572826475465,-52.65189714484458,28.38475631705722,269.7554564988006,-1171.3405623388244,-272.91931653051387,1425.2048566683,23093.117133703545,3.637978807091713e-12,23376.05
2025-02-11,-62.57929033028842,-133.04482248799326,-58.58592375852418,269.43587670081706,-1184.802722226005,-283.3579203688948,1428.58204675166,23094.852755719232,-3.637978807091713e-12,23070.5
2025-02-12,26.0009952472943,-131.9314858283429,-136.94246354314103,263.1130361863656,-1197.179002100175,-293.75064623567454,1431.9244101598952,23096.565156113775,3.637978807091713e-12,23057.8
2025-02-13,44.95181672209908,-98.72576025752085,-199.2462309306245,251.45366054382748,-1208.4245079778261,-304.09529809784595,1435.2319984963647,23098.25432150153,0.0,23019.4
2025-02-14,-45.885400209059526,-51.79008183642063,-245.74006937948212,235.12480244336854,-1218.4946729571532,-314.38967992239697,1438.5048633643175,23099.920238496823,3.637978807091713e-12,22897.25
2025-02-17,29.64638749244353,9.136132383469,-281.4054586993737,214.7934567209482,-1227.3448723022789,-324.63159567632505,1441.7430563671371,23101.56289371398,0.0,22963.5
2025-02-18,-15.339685096946758,80.93456148801924,-311.9510668752489,191.12661821256413,-1234.9304812772157,-334.81884932664684,1444.9466291081246,23103.18227376735,0.0,22923.15
2025-02-19,-6.04185051151077,130.24633577378773,-341.3336454918661,164.7912817541184,-1241.206875146043,-344.9492448403456,1448.11563319063,23104.77836527123,0.0,22914.4
2025-02-20,59.918860981336465,126.8928276593992,-373.4673905230187,136.45444218160864,-1246.129429172817,-355.02058618441407,1451.2501202179403,23106.351154839966,0.0,22906.25
2025-02-21,21.000334738761584,102.35559228543495,-413.35559628908226,106.78309433103261,-1249.6535186215785,-365.0306773258736,1454.3501417934006,23107.9006290879,3.637978807091713e-12,22764.35
2025-02-24,-92.99877962730528,90.08466533536014,-464.81080190792665,76.44423303827797,-1251.7345187563783,-374.9773222317218,1457.4157495203458,23109.426774629348,0.0,22548.85
2025-02-25,-24.436277059630356,92.41127290464563,-521.9702923548786,46.104853139371095,-1252.3278007867475,-384.85832892349026,1460.4469950020634,23110.929578078663,3.637978807091713e-12,22526.3
2025-02-27,98.4656683281661,38.42427952707204,-572.2646118726308,16.43194947024273,-1251.3886942681017,-394.67154707679765,1463.4439298419031,23112.409026050143,0.0,22510.85
2025-02-28,-87.42933342898137,-94.31767281102616,-605.9298663050347,-11.907483133157257,-1248.8723781142255,-404.4149770089075,1466.4066056431902,23113.865105158147,-3.637978807091713e-12,22127.4
2025-03-03,62.459478078626866,-189.28823224912648,-617.585634411486,-38.24783716821142,-1244.7338108375277,-414.08683943851673,1469.3350740092603,23115.297802016983,0.0,22143.15
2025-03-04,-65.96111339107776,-113.39783846653584,-604.5696952775515,-62.094536614600585,-1238.9277610371084,-423.6855449975305,1472.2293865434003,23116.707103241,3.637978807091713e-12,22080.3
2025-03-05,33.879493275760694,39.36684406942982,-571.5657125998212,-83.5947134088495,-1231.4086229426573,-433.2098786873268,1475.089594848941,23118.092995444527,-3.637978807091713e-12,22346.65
2025-03-06,58.35716237641303,166.41078585000662,-525.1751979526612,-102.97454975176645,-1222.130596247749,-442.65882004536496,1477.9157505292414,23119.45546524188,0.0,22529.2
2025-03-07,-9.537602583722427,200.38177285685538,-471.8787255800145,-120.43864228278724,-1211.0478302785275,-452.0313765668019,1480.707905187589,23120.794499247415,-3.637978807091713e-12,22536.95
2025-03-10,-79.4738321003281,126.45771213596704,-415.82745678914057,-136.19176069021506,-1198.1143013122216,-461.326555746809,1483.4661104272946,23122.11008407545,0.0,22441.1
2025-03-11,68.5168784247703,2.2692111588132704,-354.0126884065941,-150.4388233461325,-1183.2838369423332,-470.5433650805672,1486.1904178517416,23123.4022063403,0.0,22522.1
2025-03-12,58.986625652709236,-112.7176154209133,-281.74491650413296,-163.38147980413038,-1166.5135335808563,-479.68081206319033,1488.8808790641936,23124.670852656316,3.637978807091713e-12,22468.5
2025-03-13,-63.51217362877016,-165.53488206672097,-193.38672816290034,-175.20467710332315,-1147.7771901542228,-488.7379041899169,1491.5375456680379,23125.916009637815,0.0,22383.3
2025-03-17,-68.60379537845354,-145.38445691506448,-81.20426404459792,-186.06343316111779,-1127.0785347106098,-497.713648955832,1494.1604692665096,23127.137663899164,0.0,22515.25
2025-03-18,75.22290267582227,-98.95876638430045,54.541475240052144,-196.0989127495304,-1104.4351484435242,-506.6070538561836,1496.7497014630349,23128.33580205463,0.0,22848.75
2025-03-19,-53.15083424782945,-67.25340531297952,204.12255455456426,-205.44885002117772,-1079.8680431659811,-515.4171263860712,1499.305293860872,23129.5104107186,0.0,22911.8
2025-03-20,-0.011049501618587275,-30.017086279743296,355.03144507287186,-214.24867783939018,-1053.400531980197,-524.1428740406425,1501.8272980633471,23130.661476505375,0.0,23165.7
2025-03-21,-58.700797938247646,64.24946353929289,494.469644066837,-222.63309494267406,-1025.0566621131923,-532.7833043151307,1504.3157656738047,23131.78898602931,0.0,23355.65
2025-03-24,75.9804499887758,115.69634446697783,609.7442369102453,-230.7369840806417,-994.8602967809682,-541.3374247046214,1506.7707482955225,23132.89292590471,0.0,23674.15
2025-03-25,-38.422151698287195,65.83329922781877,686.7080420993699,-238.69575965828585,-962.8347675440638,-549.8042427043908,1509.1922975319123,23133.973282745923,3.637978807091713e-12,23605.95
2025-03-26,-113.06502764914784,-42.011276651200326,706.596804000039,-246.64534921437155,-929.0028928293082,-558.1827658095054,1511.5804649862089,23135.030043167284,0.0,23464.3
2025-03-27,132.70371721027112,-122.0632048348552,654.8626608915089,-254.59235999123513,-893.3873078054356,-566.4720015151506,1513.9353022617954,23136.063193783102,-3.637978807091713e-12,23601.05
2025-03-28,93.1700488439502,-81.60574409245386,522.9631030498026,-262.02355619221936,-856.0124764622558,-574.6709573164932,1516.2568609619493,23137.07272120772,0.0,23495.15
2025-04-01,-183.53240083975862,48.57498130365595,326.03131675512145,-268.2927980019393,-816.9062632538876,-582.7786407086996,1518.5451926900396,23138.05861205547,0.0,23179.7
2025-04-02,61.00817077888338,155.3844514485496,94.23071320877501,-272.74529950704124,-776.1051787322563,-590.7940591869603,1520.800349049363,23139.020852940685,0.0,23330.8
2025-04-03,196.94239309841086,131.13103261073687,-142.36700934005094,-274.70433035306985,-733.6676778905609,-598.7162202464086,1523.0223816432451,23139.959430477695,0.0,23241.6
2025-04-04,188.47088862268404,-16.74512225793949,-356.0719324308755,-273.4633148988859,-689.6820610086218,-606.5441313822204,1525.2113420750263,23140.87433128083,3.637978807091713e-12,22912.05
2025-04-07,-196.201698510537,-188.79688076799124,-519.305138674776,-268.295539790845,-644.2567660787174,-614.2768000895528,1527.367281948008,23141.76554196441,0.0,22238.0
2025-04-08,177.9520240819135,-220.5895808149119,-604.397988643245,-258.4682437099927,-597.5062790585073,-621.9132338635675,1529.49025286553,23142.63304914278,3.637978807091713e-12,22547.2
2025-04-09,-155.43809163411527,-84.26758901717851,-592.5040105514123,-243.44920112831343,-549.5458133307219,-629.4524401994169,1531.5803064308896,23143.47683943027,0.0,22420.4
2025-04-11,-47.95721849345681,75.43387777877882,-500.006560065703,-223.52081695666976,-500.49024935928327,-636.8934265923104,1533.6374942474504,23144.296899441197,-3.637978807091713e-12,22844.5
2025-04-15,110.81363978325908,198.48983268765147,-352.06515008773226,-199.20354736114538,-450.45465819308134,-644.2352005373813,1535.6618679185285,23145.093215789904,-3.637978807091713e-12,23344.1
2025-04-16,-91.48366783918435,237.2855627160863,-173.96317544050183,-171.02657138974214,-399.55463265499526,-651.4767695298199,1537.6534790474211,23145.865775090737,0.0,23433.3
2025-04-17,29.84831592444677,259.0153199915123,8.701395611755892,-139.51941710380112,-347.9054165546606,-658.617141064702,1539.6123792374538,23146.614563958,-3.637978807091713e-12,23837.75
2025-04-21,65.92838414055842,260.71210684483185,172.1705088202045,-105.21173804993407,-295.62212821636075,-665.6553226373089,1541.5386200919852,23147.339569006024,0.0,24121.2
2025-04-22,-82.85765587877727,209.69821035841886,299.7798109388183,-68.63318777472408,-242.81988596445598,-672.5903217427356,1543.4322532142746,23148.040776849182,-3.637978807091713e-12,24134.05
2025-04-23,84.29420137865363,38.895789783722236,382.99687835237086,-30.313419824782965,-189.61380812326792,-679.4211458761675,1545.2933302077286,23148.718174101738,3.637978807091713e-12,24300.85
2025-04-24,93.70901348202923,-148.7205158585829,416.6157556194732,9.217912253253585,-136.1190130171041,-686.1468025327619,1547.1219026756203,23149.371747378074,-3.637978807091713e-12,24245.05
2025-04-25,-129.8701570617957,-247.67164971311678,396.1485058115397,49.34071362760677,-82.45061897031496,-692.7662992076899,1548.9180222212754,23150.0014832925,-3.637978807091713e-12,23991.65
2025-04-28,123.27122196189917,-194.25250318664104,321.52175071711315,89.07280930354288,-28.723744307198405,-699.2786433960848,1550.6817404480191,23150.60736845935,0.0,24312.9
2025-04-29,67.5728873800974,-101.24992837788596,208.9375052907764,127.32338720012206,24.946492647895095,-705.6828425931658,1552.4131089592017,23151.18938949296,0.0,24325.45
2025-04-30,-55.98924446098651,-11.723628840854769,78.70251429715526,162.93357736232332,78.44497357065809,-711.977904294061,1554.1121793581099,23151.747533007656,0.0,24246.25
2025-05-02,-40.7598559825016,88.97218894324199,-50.84444009158147,194.72757412214364,131.65658013679268,-718.1628359939562,1555.7790032480889,23152.28178561777,0.0,24313.65
2025-05-05,54.76741171395781,173.115603105162,-160.34790163480102,221.52957181164692,184.4661940219293,-724.236645187994,1557.4136322324641,23152.792133937637,-3.637978807091713e-12,24459.5
2025-05-06,-68.98814585818114,174.75751147712256,-230.9679948707311,242.2435892252266,236.75869690177004,-730.1983393713315,1559.0161179145564,23153.27856458157,0.0,24335.9
2025-05-07,144.6955598393145,-4.46542552796931,-253.80551854987274,256.1757047839086,288.4190294321779,-736.046926039164,1560.5865118976674,23153.741064163936,0.0,24409.3
2025-05-08,-33.73834935442999,-158.86932502283216,-230.31846366577741,263.1700879985447,339.33297764693907,-741.7814126866292,1562.124865785147,23154.179619299037,0.0,24154.1
2025-05-09,-268.91532213775236,-148.93891009293492,-167.37178136786028,263.66074365190025,389.3906289740193,-747.4008068088939,1563.6312311803156,23154.594216601206,0.0,24038.65
2025-05-12,294.44100892049016,44.96776809352348,-83.03673982945024,258.1921698962022,438.49940644910856,-752.9041159011292,1565.1056596864705,23154.984842684782,3.637978807091713e-12,24920.25
2025-05-13,-260.70085818820866,153.80690684608334,3.059013737938808,247.2670745140717,486.60852347755974,-758.2903474585163,1566.5482029069992,23155.35148416407,0.0,24593.65
2025-05-14,-240.9219629047943,127.81322790698346,73.70884512264774,231.37080026532914,533.6845584874119,-763.5585089761928,1567.9589124451606,23155.69412765346,-7.275957614183426e-12,24685.75
2025-05-15,94.63105193398633,72.20739609413661,121.13578043297049,210.98657924708482,579.6962005696533,-768.7076079493446,1569.3378399042801,23156.012759767233,0.0,25035.3
2025-05-16,85.2126942459843,19.0621330019434,144.35963824633515,186.59762356854299,624.612158802834,-773.7366518731142,1570.6850368877458,23156.30736711973,-3.637978807091713e-12,25013.1
2025-05-19,77.95125315388312,-65.33285656828527,145.72053037618386,158.67620111028938,668.4010288465018,-778.6446482426587,1572.0005549988018,23156.577936325284,0.0,24935.35
2025-05-20,-75.18331088551109,-124.90193052321807,128.52614615319598,127.69959407922943,711.031205890432,-783.4306045531687,1573.2844458408074,23156.824453998233,0.0,24713.85
2025-05-21,77.18560966782154,-162.5331461876975,96.00461973169935,94.33194932791434,752.4708279900733,-788.0935282998153,1574.5367610170929,23157.046906752912,0.0,24800.95
2025-05-22,-88.19948694955445,-119.04588485419033,51.89452462641236,59.293156927256845,792.6872838931936,-792.6324269777365,1575.7575521310077,23157.24528120361,0.0,24637.0
2025-05-23,45.36253496033554,4.890277378998868,2.624504330968859,23.30741218763185,831.6451444736458,-797.046308082118,1576.946870785825,23157.419563964715,0.0,24845.15
2025-05-26,105.12818217868204,143.61897144271504,-43.14537577344567,-12.89444408946996,869.3023351142054,-801.3341791080928,1578.1047685848896,23157.569741650517,-3.637978807091713e-12,24996.35
2025-05-27,-50.72131814408043,176.81033763880293,-76.85628004579544,-48.57562462487668,905.6108347199144,-805.4950475508564,1579.2312971315032,23157.695800875386,3.637978807091713e-12,24837.7
2025-05-28,-94.68630843768757,159.03578420161458,-93.32001083583808,-82.99616706417652,940.5203867589966,-809.5279209055321,1580.3265080290198,23157.797728253605,0.0,24757.15
2025-05-29,80.5544921745474,109.20444468386518,-93.30736523814599,-115.41788717953604,973.9821589463126,-813.4318066673536,1581.3904528807702,23157.87551039954,0.0,24880.85
2025-05-30,-1.7293312946522241,34.236558543687195,-79.79993582802862,-145.15700830615268,1005.9531119990181,-817.2057123314107,1582.4231832900323,23157.929133927508,0.0,24736.65
2025-06-02,50.01005855255193,-88.93133486913253,-55.98449214561564,-171.67960431572413,1036.4006818588032,-820.8486453929133,1583.4247508601838,23157.95858545185,-3.637978807091713e-12,24690.35
2025-06-03,-39.83365064295792,-185.53045327557078,-25.031028617952348,-194.50783501310246,1065.3035221152052,-824.3596133470182,1584.3952071945173,23157.96385158688,0.0,24538.4
2025-06-04,-15.659426817232225,-177.02272835923395,9.668209896308577,-213.17558186095036,1092.6476279866904,-827.7376236888682,1585.334603896325,23157.94491894696,0.0,24612.0
2025-06-05,-24.146390446110146,-62.75318361406807,43.63460664168049,-227.21893560778955,1118.4208202245613,-830.9816839136728,1586.2429925690183,23157.90177414638,0.0,24761.1
2025-06-06,37.757743911709184,73.79931724356855,71.44197916784235,-236.1740924558753,1142.6110250339452,-834.0908015165317,1587.120424815851,23157.83440379949,0.0,25000.3
2025-06-09,2.0245671583419806,179.3168388450527,87.48819789799965,-239.58206212886574,1165.2066954593456,-837.0639839926639,1587.9669522401541,23157.742794520633,0.0,25103.1
2025-06-10,-43.08837780253717,192.06780213563158,86.8449853803466,-237.03242311741357,1186.198692871786,-839.9002388372171,1588.7826264452813,23157.626932924122,0.0,25091.5
2025-06-11,77.08743229240658,99.54194369690974,68.41540214371118,-228.29082010642583,1205.5903108599123,-842.5985735453481,1589.5674990345442,23157.48680562429,0.0,25126.8
2025-06-12,-69.33855461138565,-23.767365318545597,36.63251690259174,-213.4187878070468,1223.406165599892,-845.1579956122332,1590.3216216112542,23157.322399235472,0.0,24856.0
2025-06-13,-101.54149610369943,-107.82128735087518,-2.500349560294503,-192.86592219778623,1239.6778215949164,-847.5775125330053,1591.0450457787222,23157.13370037202,3.637978807091713e-12,24735.55
2025-06-16,119.45410768877373,-122.1702906934762,-42.234463876533496,-167.33914185081434,1254.4374017463774,-849.85613180286,1591.7378231403125,23156.92069564822,3.637978807091713e-12,24940.95
2025-06-17,27.329765377146046,-138.47574577840905,-74.61745807729065,-137.54410653788054,1267.7170289556382,-851.9928609169586,1592.4000052993217,23156.683371678435,0.0,24841.5
2025-06-18,-22.12817974837693,-157.01399036181795,-93.00373571707885,-104.11957186240814,1279.5488261240664,-853.9867073704489,1593.031643859066,23156.421715077,0.0,24798.75
2025-06-19,-131.1441472469516,-146.09526971463535,-94.22440229933017,-67.73292111470533,1289.9649161530447,-855.8366786585357,1593.6327904228951,23156.13571245822,-3.637978807091713e-12,24744.7
2025-06-20,128.74471191462692,-131.02372607945094,-80.18865858576906,-29.266813947568686,1298.9974219439216,-857.5417822763185,1594.2034965941152,23155.825350436444,0.0,25079.75
2025-06-23,-85.45420647472875,-108.61746385997628,-55.026123238001034,10.185923291584105,1306.6784663980748,-859.1010257189973,1594.743813976057,23155.490615625986,3.637978807091713e-12,24958.9
2025-06-24,-86.75236615719209,-70.94926889724815,-23.143094943271283,49.48268524931462,1313.0401724169055,-860.5134164817628,1595.2537941720411,23155.131494641213,0.0,25071.55
2025-06-25,-70.20241418111851,1.2668730507047017,10.988678739856018,87.47869866677071,1318.1146629017053,-861.7779620597288,1595.733488785393,23154.747974096415,0.0,25236.35
2025-06-26,61.88160635450335,92.74824880031355,43.17757372911955,123.02919028486592,1321.934060753899,-862.893669948105,1596.1829486745528,23154.34004135085,3.637978807091713e-12,25530.4
2025-06-27,72.43801768064938,124.48544148923892,69.35630429093526,154.98938684471463,1324.530488874836,-863.8595476420052,1596.602217071005,23153.90769139063,-3.637978807091713e-12,25632.45
2025-06-30,-52.23397183863581,79.19163148121568,86.57410133262098,182.2145150873069,1325.9361804993378,-864.6747129700545,1596.991315052675,23153.450941355535,0.0,25507.45
2025-07-01,27.321164651315343,-4.003980170045791,94.9571333985223,203.56052493610667,1326.1840030888557,-865.3389178543432,1597.350247436184,23152.969824513402,3.637978807091713e-12,25533.0
2025-07-02,-16.137137799939858,-64.06506020121284,95.52879950289501,217.92509544010312,1325.3077724159366,-865.8528619953771,1597.6790147977613,23152.464377839835,-3.637978807091713e-12,25442.85
2025-07-03,-39.14681999739898,-83.93585770252714,88.85820939965993,224.58792653254974,1323.3419878547033,-866.2177023021497,1597.9776172949312,23151.934638920233,0.0,25397.4
2025-07-04,17.059542910558978,-51.059640215691836,74.45420679648522,223.8345777664988,1320.3192684193007,-866.4346569978683,1598.246055559485,23151.38064576123,0.0,25467.8
2025-07-07,-23.079284445179958,9.492995175474077,53.06255356674687,216.43206675203163,1316.2598451672961,-866.5049409205313,1598.4843284640374,23150.802436240127,0.0,25454.95
2025-07-08,53.91274224775468,46.12677004611807,26.200356148728424,203.22121363766595,1311.176203712514,-866.4297659731036,1598.6924329868796,23150.20004719344,0.0,25523.1
2025-07-09,52.3640388724587,43.90226093366116,-3.9749279179653225,185.04548551957777,1305.0796050867473,-866.2103428855099,1598.870367952586,23149.57351243845,-3.637978807091713e-12,25464.65
2025-07-10,37.31927042511296,2.615224473922905,-34.607270305296005,162.74834949417746,1297.981310321665,-865.8478786739466,1599.0181337196843,23148.92286054468,0.0,25348.15
2025-07-11,-69.98381494254815,-36.04893848792313,-62.52337005001476,137.17327265760758,1289.8925804490982,-865.3435681243838,1599.1357202047946,23148.24811829337,0.0,25140.55
2025-07-14,-74.92561990557834,-26.224708920080232,-83.811893548798,109.16372210620196,1280.824676500773,-864.6986129495768,1599.2231244846184,23147.54931223244,0.0,25087.1
2025-07-15,72.44082156225754,7.066618698639777,-92.40448275538684,79.56558530261987,1270.7888595084205,-863.9142568280217,1599.280385952073,23146.826468559397,3.637978807091713e-12,25219.65
2025-07-16,58.056345137148384,32.04814452725522,-82.99940864647252,49.25311444469094,1259.7963905038673,-862.9917684257645,1599.3075692211064,23146.07961323817,0.0,25198.55
2025-07-17,18.516077316790984,-4.133066683026914,-54.60556372043166,19.182927838299594,1247.858530518744,-861.9324259659729,1599.3047485603001,23145.308772135297,0.0,25109.5
2025-07-18,-83.47849808664944,-40.85517056437074,-16.635986265437126,-9.615347352027207,1234.9865405848914,-860.7375092940117,1599.2720001104647,23144.513970867145,-3.637978807091713e-12,24967.45
2025-07-21,30.344762710185393,-25.637466995841947,19.880776938957116,-35.97609119469276,1221.1916817340355,-859.4082965520986,1599.2093984473977,23143.695234912055,3.637978807091713e-12,25093.3
2025-07-22,-37.86950549424055,23.803172581892905,47.20509961993262,-58.74752371830517,1206.4852149979502,-857.9460654191121,1599.1170178106388,23142.85258962125,-3.637978807091713e-12,25064.9
2025-07-23,96.43987863766215,54.65646495003881,59.584346751985336,-76.98799095977824,1190.8784014083478,-856.352093573911,1598.9949326469143,23141.98606013874,0.0,25209.2
2025-07-24,16.080450404990557,11.426008387344892,54.79730613106128,-90.09749723655979,1174.3825019970354,-854.6276586953259,1598.843217450651,23141.0956715608,3.637978807091713e-12,25051.9
2025-07-25,-96.18878714511618,-58.2633697092644,41.30158893234091,-97.72771359924063,1157.008924283446,-852.7740384622253,1598.6619467321038,23140.181448967953,3.637978807091713e-12,24832.2
